MFEM mesh v1.0

#
# MFEM Geometry Types (see fem/geom.hpp):
#
# POINT       = 0
# SEGMENT     = 1
# TRIANGLE    = 2
# SQUARE      = 3
# TETRAHEDRON = 4
# CUBE        = 5
# PRISM       = 6
# PYRAMID     = 7
#

dimension
3

elements
9600
1 4 43 692 695 693
1 4 692 78 983 981
1 4 695 983 120 1018
1 4 693 981 1018 84
1 4 693 692 695 983
1 4 693 695 1018 983
1 4 693 1018 981 983
1 4 693 981 692 983
1 4 78 369 957 947
1 4 369 0 365 363
1 4 957 365 74 945
1 4 947 363 945 72
1 4 947 369 957 365
1 4 947 957 945 365
1 4 947 945 363 365
1 4 947 363 369 365
1 4 120 962 420 997
1 4 962 74 414 958
1 4 420 414 7 415
1 4 997 958 415 80
1 4 997 962 420 414
1 4 997 420 415 414
1 4 997 415 958 414
1 4 997 958 962 414
1 4 84 950 994 376
1 4 950 72 948 370
1 4 994 948 80 372
1 4 376 370 372 1
1 4 376 950 994 948
1 4 376 994 372 948
1 4 376 372 370 948
1 4 376 370 950 948
1 4 84 981 1018 959
1 4 981 78 983 957
1 4 1018 983 120 962
1 4 959 957 962 74
1 4 959 981 1018 983
1 4 959 1018 962 983
1 4 959 962 957 983
1 4 959 957 981 983
1 4 84 1018 994 959
1 4 1018 120 997 962
1 4 994 997 80 958
1 4 959 962 958 74
1 4 959 1018 994 997
1 4 959 994 958 997
1 4 959 958 962 997
1 4 959 962 1018 997
1 4 84 994 950 959
1 4 994 80 948 958
1 4 950 948 72 945
1 4 959 958 945 74
1 4 959 994 950 948
1 4 959 950 945 948
1 4 959 945 958 948
1 4 959 958 994 948
1 4 84 950 981 959
1 4 950 72 947 945
1 4 981 947 78 957
1 4 959 945 957 74
1 4 959 950 981 947
1 4 959 981 957 947
1 4 959 957 945 947
1 4 959 945 950 947
1 4 43 692 693 697
1 4 692 78 981 985
1 4 693 981 84 1020
1 4 697 985 1020 282
1 4 693 692 985 697
1 4 693 697 985 1020
1 4 693 1020 985 981
1 4 693 981 985 692
1 4 78 369 947 969
1 4 369 0 363 367
1 4 947 363 72 946
1 4 969 367 946 76
1 4 947 369 367 969
1 4 947 969 367 946
1 4 947 946 367 363
1 4 947 363 367 369
1 4 84 950 376 1006
1 4 950 72 370 949
1 4 376 370 1 374
1 4 1006 949 374 82
1 4 376 950 949 1006
1 4 376 1006 949 374
1 4 376 374 949 370
1 4 376 370 949 950
1 4 282 974 1009 662
1 4 974 76 970 658
1 4 1009 970 82 659
1 4 662 658 659 37
1 4 1009 974 658 662
1 4 1009 662 658 659
1 4 1009 659 658 970
1 4 1009 970 658 974
1 4 84 981 971 1020
1 4 981 78 969 985
1 4 971 969 76 974
1 4 1020 985 974 282
1 4 971 981 985 1020
1 4 971 1020 985 974
1 4 971 974 985 969
1 4 971 969 985 981
1 4 84 1020 971 1006
1 4 1020 282 974 1009
1 4 971 974 76 970
1 4 1006 1009 970 82
1 4 971 1020 1009 1006
1 4 971 1006 1009 970
1 4 971 970 1009 974
1 4 971 974 1009 1020
1 4 84 1006 971 950
1 4 1006 82 970 949
1 4 971 970 76 946
1 4 950 949 946 72
1 4 971 1006 949 950
1 4 971 950 949 946
1 4 971 946 949 970
1 4 971 970 949 1006
1 4 84 950 971 981
1 4 950 72 946 947
1 4 971 946 76 969
1 4 981 947 969 78
1 4 971 950 947 981
1 4 971 981 947 969
1 4 971 969 947 946
1 4 971 946 947 950
1 4 43 692 697 696
1 4 692 78 985 984
1 4 697 985 282 2059
1 4 696 984 2059 280
1 4 696 692 697 985
1 4 696 697 2059 985
1 4 696 2059 984 985
1 4 696 984 692 985
1 4 78 369 969 965
1 4 369 0 367 366
1 4 969 367 76 963
1 4 965 366 963 75
1 4 965 369 969 367
1 4 965 969 963 367
1 4 965 963 366 367
1 4 965 366 369 367
1 4 282 974 662 2056
1 4 974 76 658 972
1 4 662 658 37 660
1 4 2056 972 660 278
1 4 2056 974 662 658
1 4 2056 662 660 658
1 4 2056 660 972 658
1 4 2056 972 974 658
1 4 280 968 2055 657
1 4 968 75 966 654
1 4 2055 966 278 655
1 4 657 654 655 36
1 4 657 968 2055 966
1 4 657 2055 655 966
1 4 657 655 654 966
1 4 657 654 968 966
1 4 280 984 2059 973
1 4 984 78 985 969
1 4 2059 985 282 974
1 4 973 969 974 76
1 4 973 984 2059 985
1 4 973 2059 974 985
1 4 973 974 969 985
1 4 973 969 984 985
1 4 280 2059 2055 973
1 4 2059 282 2056 974
1 4 2055 2056 278 972
1 4 973 974 972 76
1 4 973 2059 2055 2056
1 4 973 2055 972 2056
1 4 973 972 974 2056
1 4 973 974 2059 2056
1 4 280 2055 968 973
1 4 2055 278 966 972
1 4 968 966 75 963
1 4 973 972 963 76
1 4 973 2055 968 966
1 4 973 968 963 966
1 4 973 963 972 966
1 4 973 972 2055 966
1 4 280 968 984 973
1 4 968 75 965 963
1 4 984 965 78 969
1 4 973 963 969 76
1 4 973 968 984 965
1 4 973 984 969 965
1 4 973 969 963 965
1 4 973 963 968 965
1 4 43 692 694 695
1 4 692 78 982 983
1 4 694 982 114 1186
1 4 695 983 1186 120
1 4 694 692 983 695
1 4 694 695 983 1186
1 4 694 1186 983 982
1 4 694 982 983 692
1 4 78 369 953 957
1 4 369 0 364 365
1 4 953 364 73 951
1 4 957 365 951 74
1 4 953 369 365 957
1 4 953 957 365 951
1 4 953 951 365 364
1 4 953 364 365 369
1 4 114 956 411 1162
1 4 956 73 406 954
1 4 411 406 6 407
1 4 1162 954 407 110
1 4 411 956 954 1162
1 4 411 1162 954 407
1 4 411 407 954 406
1 4 411 406 954 956
1 4 120 962 1165 420
1 4 962 74 960 414
1 4 1165 960 110 416
1 4 420 414 416 7
1 4 1165 962 414 420
1 4 1165 420 414 416
1 4 1165 416 414 960
1 4 1165 960 414 962
1 4 114 982 961 1186
1 4 982 78 957 983
1 4 961 957 74 962
1 4 1186 983 962 120
1 4 961 982 983 1186
1 4 961 1186 983 962
1 4 961 962 983 957
1 4 961 957 983 982
1 4 114 1186 961 1162
1 4 1186 120 962 1165
1 4 961 962 74 960
1 4 1162 1165 960 110
1 4 961 1186 1165 1162
1 4 961 1162 1165 960
1 4 961 960 1165 962
1 4 961 962 1165 1186
1 4 114 1162 961 956
1 4 1162 110 960 954
1 4 961 960 74 951
1 4 956 954 951 73
1 4 961 1162 954 956
1 4 961 956 954 951
1 4 961 951 954 960
1 4 961 960 954 1162
1 4 114 956 961 982
1 4 956 73 951 953
1 4 961 951 74 957
1 4 982 953 957 78
1 4 961 956 953 982
1 4 961 982 953 957
1 4 961 957 953 951
1 4 961 951 953 956
1 4 43 692 698 694
1 4 692 78 986 982
1 4 698 986 294 1188
1 4 694 982 1188 114
1 4 694 692 698 986
1 4 694 698 1188 986
1 4 694 1188 982 986
1 4 694 982 692 986
1 4 78 369 975 953
1 4 369 0 368 364
1 4 975 368 77 952
1 4 953 364 952 73
1 4 953 369 975 368
1 4 953 975 952 368
1 4 953 952 364 368
1 4 953 364 369 368
1 4 294 980 689 1182
1 4 980 77 686 976
1 4 689 686 42 687
1 4 1182 976 687 113
1 4 1182 980 689 686
1 4 1182 689 687 686
1 4 1182 687 976 686
1 4 1182 976 980 686
1 4 114 956 1179 411
1 4 956 73 955 406
1 4 1179 955 113 410
1 4 411 406 410 6
1 4 411 956 1179 955
1 4 411 1179 410 955
1 4 411 410 406 955
1 4 411 406 956 955
1 4 114 982 1188 977
1 4 982 78 986 975
1 4 1188 986 294 980
1 4 977 975 980 77
1 4 977 982 1188 986
1 4 977 1188 980 986
1 4 977 980 975 986
1 4 977 975 982 986
1 4 114 1188 1179 977
1 4 1188 294 1182 980
1 4 1179 1182 113 976
1 4 977 980 976 77
1 4 977 1188 1179 1182
1 4 977 1179 976 1182
1 4 977 976 980 1182
1 4 977 980 1188 1182
1 4 114 1179 956 977
1 4 1179 113 955 976
1 4 956 955 73 952
1 4 977 976 952 77
1 4 977 1179 956 955
1 4 977 956 952 955
1 4 977 952 976 955
1 4 977 976 1179 955
1 4 114 956 982 977
1 4 956 73 953 952
1 4 982 953 78 975
1 4 977 952 975 77
1 4 977 956 982 953
1 4 977 982 975 953
1 4 977 975 952 953
1 4 977 952 956 953
1 4 43 692 696 698
1 4 692 78 984 986
1 4 696 984 280 2060
1 4 698 986 2060 294
1 4 696 692 986 698
1 4 696 698 986 2060
1 4 696 2060 986 984
1 4 696 984 986 692
1 4 78 369 965 975
1 4 369 0 366 368
1 4 965 366 75 964
1 4 975 368 964 77
1 4 965 369 368 975
1 4 965 975 368 964
1 4 965 964 368 366
1 4 965 366 368 369
1 4 280 968 657 2057
1 4 968 75 654 967
1 4 657 654 36 656
1 4 2057 967 656 279
1 4 657 968 967 2057
1 4 657 2057 967 656
1 4 657 656 967 654
1 4 657 654 967 968
1 4 294 980 2058 689
1 4 980 77 978 686
1 4 2058 978 279 688
1 4 689 686 688 42
1 4 2058 980 686 689
1 4 2058 689 686 688
1 4 2058 688 686 978
1 4 2058 978 686 980
1 4 280 984 979 2060
1 4 984 78 975 986
1 4 979 975 77 980
1 4 2060 986 980 294
1 4 979 984 986 2060
1 4 979 2060 986 980
1 4 979 980 986 975
1 4 979 975 986 984
1 4 280 2060 979 2057
1 4 2060 294 980 2058
1 4 979 980 77 978
1 4 2057 2058 978 279
1 4 979 2060 2058 2057
1 4 979 2057 2058 978
1 4 979 978 2058 980
1 4 979 980 2058 2060
1 4 280 2057 979 968
1 4 2057 279 978 967
1 4 979 978 77 964
1 4 968 967 964 75
1 4 979 2057 967 968
1 4 979 968 967 964
1 4 979 964 967 978
1 4 979 978 967 2057
1 4 280 968 979 984
1 4 968 75 964 965
1 4 979 964 77 975
1 4 984 965 975 78
1 4 979 968 965 984
1 4 979 984 965 975
1 4 979 975 965 964
1 4 979 964 965 968
1 4 44 702 705 703
1 4 702 85 1025 1023
1 4 705 1025 127 1060
1 4 703 1023 1060 91
1 4 703 702 705 1025
1 4 703 705 1060 1025
1 4 703 1060 1023 1025
1 4 703 1023 702 1025
1 4 85 377 999 989
1 4 377 1 373 371
1 4 999 373 81 987
1 4 989 371 987 79
1 4 989 377 999 373
1 4 989 999 987 373
1 4 989 987 371 373
1 4 989 371 377 373
1 4 127 1004 430 1039
1 4 1004 81 424 1000
1 4 430 424 8 425
1 4 1039 1000 425 87
1 4 1039 1004 430 424
1 4 1039 430 425 424
1 4 1039 425 1000 424
1 4 1039 1000 1004 424
1 4 91 992 1036 384
1 4 992 79 990 378
1 4 1036 990 87 380
1 4 384 378 380 2
1 4 384 992 1036 990
1 4 384 1036 380 990
1 4 384 380 378 990
1 4 384 378 992 990
1 4 91 1023 1060 1001
1 4 1023 85 1025 999
1 4 1060 1025 127 1004
1 4 1001 999 1004 81
1 4 1001 1023 1060 1025
1 4 1001 1060 1004 1025
1 4 1001 1004 999 1025
1 4 1001 999 1023 1025
1 4 91 1060 1036 1001
1 4 1060 127 1039 1004
1 4 1036 1039 87 1000
1 4 1001 1004 1000 81
1 4 1001 1060 1036 1039
1 4 1001 1036 1000 1039
1 4 1001 1000 1004 1039
1 4 1001 1004 1060 1039
1 4 91 1036 992 1001
1 4 1036 87 990 1000
1 4 992 990 79 987
1 4 1001 1000 987 81
1 4 1001 1036 992 990
1 4 1001 992 987 990
1 4 1001 987 1000 990
1 4 1001 1000 1036 990
1 4 91 992 1023 1001
1 4 992 79 989 987
1 4 1023 989 85 999
1 4 1001 987 999 81
1 4 1001 992 1023 989
1 4 1001 1023 999 989
1 4 1001 999 987 989
1 4 1001 987 992 989
1 4 44 702 703 707
1 4 702 85 1023 1027
1 4 703 1023 91 1062
1 4 707 1027 1062 285
1 4 703 702 1027 707
1 4 703 707 1027 1062
1 4 703 1062 1027 1023
1 4 703 1023 1027 702
1 4 85 377 989 1011
1 4 377 1 371 375
1 4 989 371 79 988
1 4 1011 375 988 83
1 4 989 377 375 1011
1 4 989 1011 375 988
1 4 989 988 375 371
1 4 989 371 375 377
1 4 91 992 384 1048
1 4 992 79 378 991
1 4 384 378 2 382
1 4 1048 991 382 89
1 4 384 992 991 1048
1 4 384 1048 991 382
1 4 384 382 991 378
1 4 384 378 991 992
1 4 285 1016 1051 668
1 4 1016 83 1012 664
1 4 1051 1012 89 665
1 4 668 664 665 38
1 4 1051 1016 664 668
1 4 1051 668 664 665
1 4 1051 665 664 1012
1 4 1051 1012 664 1016
1 4 91 1023 1013 1062
1 4 1023 85 1011 1027
1 4 1013 1011 83 1016
1 4 1062 1027 1016 285
1 4 1013 1023 1027 1062
1 4 1013 1062 1027 1016
1 4 1013 1016 1027 1011
1 4 1013 1011 1027 1023
1 4 91 1062 1013 1048
1 4 1062 285 1016 1051
1 4 1013 1016 83 1012
1 4 1048 1051 1012 89
1 4 1013 1062 1051 1048
1 4 1013 1048 1051 1012
1 4 1013 1012 1051 1016
1 4 1013 1016 1051 1062
1 4 91 1048 1013 992
1 4 1048 89 1012 991
1 4 1013 1012 83 988
1 4 992 991 988 79
1 4 1013 1048 991 992
1 4 1013 992 991 988
1 4 1013 988 991 1012
1 4 1013 1012 991 1048
1 4 91 992 1013 1023
1 4 992 79 988 989
1 4 1013 988 83 1011
1 4 1023 989 1011 85
1 4 1013 992 989 1023
1 4 1013 1023 989 1011
1 4 1013 1011 989 988
1 4 1013 988 989 992
1 4 44 702 707 706
1 4 702 85 1027 1026
1 4 707 1027 285 2065
1 4 706 1026 2065 283
1 4 706 702 707 1027
1 4 706 707 2065 1027
1 4 706 2065 1026 1027
1 4 706 1026 702 1027
1 4 85 377 1011 1007
1 4 377 1 375 374
1 4 1011 375 83 1005
1 4 1007 374 1005 82
1 4 1007 377 1011 375
1 4 1007 1011 1005 375
1 4 1007 1005 374 375
1 4 1007 374 377 375
1 4 285 1016 668 2062
1 4 1016 83 664 1014
1 4 668 664 38 666
1 4 2062 1014 666 281
1 4 2062 1016 668 664
1 4 2062 668 666 664
1 4 2062 666 1014 664
1 4 2062 1014 1016 664
1 4 283 1010 2061 663
1 4 1010 82 1008 659
1 4 2061 1008 281 661
1 4 663 659 661 37
1 4 663 1010 2061 1008
1 4 663 2061 661 1008
1 4 663 661 659 1008
1 4 663 659 1010 1008
1 4 283 1026 2065 1015
1 4 1026 85 1027 1011
1 4 2065 1027 285 1016
1 4 1015 1011 1016 83
1 4 1015 1026 2065 1027
1 4 1015 2065 1016 1027
1 4 1015 1016 1011 1027
1 4 1015 1011 1026 1027
1 4 283 2065 2061 1015
1 4 2065 285 2062 1016
1 4 2061 2062 281 1014
1 4 1015 1016 1014 83
1 4 1015 2065 2061 2062
1 4 1015 2061 1014 2062
1 4 1015 1014 1016 2062
1 4 1015 1016 2065 2062
1 4 283 2061 1010 1015
1 4 2061 281 1008 1014
1 4 1010 1008 82 1005
1 4 1015 1014 1005 83
1 4 1015 2061 1010 1008
1 4 1015 1010 1005 1008
1 4 1015 1005 1014 1008
1 4 1015 1014 2061 1008
1 4 283 1010 1026 1015
1 4 1010 82 1007 1005
1 4 1026 1007 85 1011
1 4 1015 1005 1011 83
1 4 1015 1010 1026 1007
1 4 1015 1026 1011 1007
1 4 1015 1011 1005 1007
1 4 1015 1005 1010 1007
1 4 44 702 704 705
1 4 702 85 1024 1025
1 4 704 1024 121 1228
1 4 705 1025 1228 127
1 4 704 702 1025 705
1 4 704 705 1025 1228
1 4 704 1228 1025 1024
1 4 704 1024 1025 702
1 4 85 377 995 999
1 4 377 1 372 373
1 4 995 372 80 993
1 4 999 373 993 81
1 4 995 377 373 999
1 4 995 999 373 993
1 4 995 993 373 372
1 4 995 372 373 377
1 4 121 998 421 1204
1 4 998 80 415 996
1 4 421 415 7 417
1 4 1204 996 417 117
1 4 421 998 996 1204
1 4 421 1204 996 417
1 4 421 417 996 415
1 4 421 415 996 998
1 4 127 1004 1207 430
1 4 1004 81 1002 424
1 4 1207 1002 117 426
1 4 430 424 426 8
1 4 1207 1004 424 430
1 4 1207 430 424 426
1 4 1207 426 424 1002
1 4 1207 1002 424 1004
1 4 121 1024 1003 1228
1 4 1024 85 999 1025
1 4 1003 999 81 1004
1 4 1228 1025 1004 127
1 4 1003 1024 1025 1228
1 4 1003 1228 1025 1004
1 4 1003 1004 1025 999
1 4 1003 999 1025 1024
1 4 121 1228 1003 1204
1 4 1228 127 1004 1207
1 4 1003 1004 81 1002
1 4 1204 1207 1002 117
1 4 1003 1228 1207 1204
1 4 1003 1204 1207 1002
1 4 1003 1002 1207 1004
1 4 1003 1004 1207 1228
1 4 121 1204 1003 998
1 4 1204 117 1002 996
1 4 1003 1002 81 993
1 4 998 996 993 80
1 4 1003 1204 996 998
1 4 1003 998 996 993
1 4 1003 993 996 1002
1 4 1003 1002 996 1204
1 4 121 998 1003 1024
1 4 998 80 993 995
1 4 1003 993 81 999
1 4 1024 995 999 85
1 4 1003 998 995 1024
1 4 1003 1024 995 999
1 4 1003 999 995 993
1 4 1003 993 995 998
1 4 44 702 708 704
1 4 702 85 1028 1024
1 4 708 1028 297 1230
1 4 704 1024 1230 121
1 4 704 702 708 1028
1 4 704 708 1230 1028
1 4 704 1230 1024 1028
1 4 704 1024 702 1028
1 4 85 377 1017 995
1 4 377 1 376 372
1 4 1017 376 84 994
1 4 995 372 994 80
1 4 995 377 1017 376
1 4 995 1017 994 376
1 4 995 994 372 376
1 4 995 372 377 376
1 4 297 1022 699 1224
1 4 1022 84 693 1018
1 4 699 693 43 695
1 4 1224 1018 695 120
1 4 1224 1022 699 693
1 4 1224 699 695 693
1 4 1224 695 1018 693
1 4 1224 1018 1022 693
1 4 121 998 1221 421
1 4 998 80 997 415
1 4 1221 997 120 420
1 4 421 415 420 7
1 4 421 998 1221 997
1 4 421 1221 420 997
1 4 421 420 415 997
1 4 421 415 998 997
1 4 121 1024 1230 1019
1 4 1024 85 1028 1017
1 4 1230 1028 297 1022
1 4 1019 1017 1022 84
1 4 1019 1024 1230 1028
1 4 1019 1230 1022 1028
1 4 1019 1022 1017 1028
1 4 1019 1017 1024 1028
1 4 121 1230 1221 1019
1 4 1230 297 1224 1022
1 4 1221 1224 120 1018
1 4 1019 1022 1018 84
1 4 1019 1230 1221 1224
1 4 1019 1221 1018 1224
1 4 1019 1018 1022 1224
1 4 1019 1022 1230 1224
1 4 121 1221 998 1019
1 4 1221 120 997 1018
1 4 998 997 80 994
1 4 1019 1018 994 84
1 4 1019 1221 998 997
1 4 1019 998 994 997
1 4 1019 994 1018 997
1 4 1019 1018 1221 997
1 4 121 998 1024 1019
1 4 998 80 995 994
1 4 1024 995 85 1017
1 4 1019 994 1017 84
1 4 1019 998 1024 995
1 4 1019 1024 1017 995
1 4 1019 1017 994 995
1 4 1019 994 998 995
1 4 44 702 706 708
1 4 702 85 1026 1028
1 4 706 1026 283 2066
1 4 708 1028 2066 297
1 4 706 702 1028 708
1 4 706 708 1028 2066
1 4 706 2066 1028 1026
1 4 706 1026 1028 702
1 4 85 377 1007 1017
1 4 377 1 374 376
1 4 1007 374 82 1006
1 4 1017 376 1006 84
1 4 1007 377 376 1017
1 4 1007 1017 376 1006
1 4 1007 1006 376 374
1 4 1007 374 376 377
1 4 283 1010 663 2063
1 4 1010 82 659 1009
1 4 663 659 37 662
1 4 2063 1009 662 282
1 4 663 1010 1009 2063
1 4 663 2063 1009 662
1 4 663 662 1009 659
1 4 663 659 1009 1010
1 4 297 1022 2064 699
1 4 1022 84 1020 693
1 4 2064 1020 282 697
1 4 699 693 697 43
1 4 2064 1022 693 699
1 4 2064 699 693 697
1 4 2064 697 693 1020
1 4 2064 1020 693 1022
1 4 283 1026 1021 2066
1 4 1026 85 1017 1028
1 4 1021 1017 84 1022
1 4 2066 1028 1022 297
1 4 1021 1026 1028 2066
1 4 1021 2066 1028 1022
1 4 1021 1022 1028 1017
1 4 1021 1017 1028 1026
1 4 283 2066 1021 2063
1 4 2066 297 1022 2064
1 4 1021 1022 84 1020
1 4 2063 2064 1020 282
1 4 1021 2066 2064 2063
1 4 1021 2063 2064 1020
1 4 1021 1020 2064 1022
1 4 1021 1022 2064 2066
1 4 283 2063 1021 1010
1 4 2063 282 1020 1009
1 4 1021 1020 84 1006
1 4 1010 1009 1006 82
1 4 1021 2063 1009 1010
1 4 1021 1010 1009 1006
1 4 1021 1006 1009 1020
1 4 1021 1020 1009 2063
1 4 283 1010 1021 1026
1 4 1010 82 1006 1007
1 4 1021 1006 84 1017
1 4 1026 1007 1017 85
1 4 1021 1010 1007 1026
1 4 1021 1026 1007 1017
1 4 1021 1017 1007 1006
1 4 1021 1006 1007 1010
1 4 45 712 715 713
1 4 712 92 1067 1065
1 4 715 1067 134 1102
1 4 713 1065 1102 98
1 4 713 712 715 1067
1 4 713 715 1102 1067
1 4 713 1102 1065 1067
1 4 713 1065 712 1067
1 4 92 385 1041 1031
1 4 385 2 381 379
1 4 1041 381 88 1029
1 4 1031 379 1029 86
1 4 1031 385 1041 381
1 4 1031 1041 1029 381
1 4 1031 1029 379 381
1 4 1031 379 385 381
1 4 134 1046 440 1081
1 4 1046 88 434 1042
1 4 440 434 9 435
1 4 1081 1042 435 94
1 4 1081 1046 440 434
1 4 1081 440 435 434
1 4 1081 435 1042 434
1 4 1081 1042 1046 434
1 4 98 1034 1078 392
1 4 1034 86 1032 386
1 4 1078 1032 94 388
1 4 392 386 388 3
1 4 392 1034 1078 1032
1 4 392 1078 388 1032
1 4 392 388 386 1032
1 4 392 386 1034 1032
1 4 98 1065 1102 1043
1 4 1065 92 1067 1041
1 4 1102 1067 134 1046
1 4 1043 1041 1046 88
1 4 1043 1065 1102 1067
1 4 1043 1102 1046 1067
1 4 1043 1046 1041 1067
1 4 1043 1041 1065 1067
1 4 98 1102 1078 1043
1 4 1102 134 1081 1046
1 4 1078 1081 94 1042
1 4 1043 1046 1042 88
1 4 1043 1102 1078 1081
1 4 1043 1078 1042 1081
1 4 1043 1042 1046 1081
1 4 1043 1046 1102 1081
1 4 98 1078 1034 1043
1 4 1078 94 1032 1042
1 4 1034 1032 86 1029
1 4 1043 1042 1029 88
1 4 1043 1078 1034 1032
1 4 1043 1034 1029 1032
1 4 1043 1029 1042 1032
1 4 1043 1042 1078 1032
1 4 98 1034 1065 1043
1 4 1034 86 1031 1029
1 4 1065 1031 92 1041
1 4 1043 1029 1041 88
1 4 1043 1034 1065 1031
1 4 1043 1065 1041 1031
1 4 1043 1041 1029 1031
1 4 1043 1029 1034 1031
1 4 45 712 713 717
1 4 712 92 1065 1069
1 4 713 1065 98 1104
1 4 717 1069 1104 288
1 4 713 712 1069 717
1 4 713 717 1069 1104
1 4 713 1104 1069 1065
1 4 713 1065 1069 712
1 4 92 385 1031 1053
1 4 385 2 379 383
1 4 1031 379 86 1030
1 4 1053 383 1030 90
1 4 1031 385 383 1053
1 4 1031 1053 383 1030
1 4 1031 1030 383 379
1 4 1031 379 383 385
1 4 98 1034 392 1090
1 4 1034 86 386 1033
1 4 392 386 3 390
1 4 1090 1033 390 96
1 4 392 1034 1033 1090
1 4 392 1090 1033 390
1 4 392 390 1033 386
1 4 392 386 1033 1034
1 4 288 1058 1093 674
1 4 1058 90 1054 670
1 4 1093 1054 96 671
1 4 674 670 671 39
1 4 1093 1058 670 674
1 4 1093 674 670 671
1 4 1093 671 670 1054
1 4 1093 1054 670 1058
1 4 98 1065 1055 1104
1 4 1065 92 1053 1069
1 4 1055 1053 90 1058
1 4 1104 1069 1058 288
1 4 1055 1065 1069 1104
1 4 1055 1104 1069 1058
1 4 1055 1058 1069 1053
1 4 1055 1053 1069 1065
1 4 98 1104 1055 1090
1 4 1104 288 1058 1093
1 4 1055 1058 90 1054
1 4 1090 1093 1054 96
1 4 1055 1104 1093 1090
1 4 1055 1090 1093 1054
1 4 1055 1054 1093 1058
1 4 1055 1058 1093 1104
1 4 98 1090 1055 1034
1 4 1090 96 1054 1033
1 4 1055 1054 90 1030
1 4 1034 1033 1030 86
1 4 1055 1090 1033 1034
1 4 1055 1034 1033 1030
1 4 1055 1030 1033 1054
1 4 1055 1054 1033 1090
1 4 98 1034 1055 1065
1 4 1034 86 1030 1031
1 4 1055 1030 90 1053
1 4 1065 1031 1053 92
1 4 1055 1034 1031 1065
1 4 1055 1065 1031 1053
1 4 1055 1053 1031 1030
1 4 1055 1030 1031 1034
1 4 45 712 717 716
1 4 712 92 1069 1068
1 4 717 1069 288 2071
1 4 716 1068 2071 286
1 4 716 712 717 1069
1 4 716 717 2071 1069
1 4 716 2071 1068 1069
1 4 716 1068 712 1069
1 4 92 385 1053 1049
1 4 385 2 383 382
1 4 1053 383 90 1047
1 4 1049 382 1047 89
1 4 1049 385 1053 383
1 4 1049 1053 1047 383
1 4 1049 1047 382 383
1 4 1049 382 385 383
1 4 288 1058 674 2068
1 4 1058 90 670 1056
1 4 674 670 39 672
1 4 2068 1056 672 284
1 4 2068 1058 674 670
1 4 2068 674 672 670
1 4 2068 672 1056 670
1 4 2068 1056 1058 670
1 4 286 1052 2067 669
1 4 1052 89 1050 665
1 4 2067 1050 284 667
1 4 669 665 667 38
1 4 669 1052 2067 1050
1 4 669 2067 667 1050
1 4 669 667 665 1050
1 4 669 665 1052 1050
1 4 286 1068 2071 1057
1 4 1068 92 1069 1053
1 4 2071 1069 288 1058
1 4 1057 1053 1058 90
1 4 1057 1068 2071 1069
1 4 1057 2071 1058 1069
1 4 1057 1058 1053 1069
1 4 1057 1053 1068 1069
1 4 286 2071 2067 1057
1 4 2071 288 2068 1058
1 4 2067 2068 284 1056
1 4 1057 1058 1056 90
1 4 1057 2071 2067 2068
1 4 1057 2067 1056 2068
1 4 1057 1056 1058 2068
1 4 1057 1058 2071 2068
1 4 286 2067 1052 1057
1 4 2067 284 1050 1056
1 4 1052 1050 89 1047
1 4 1057 1056 1047 90
1 4 1057 2067 1052 1050
1 4 1057 1052 1047 1050
1 4 1057 1047 1056 1050
1 4 1057 1056 2067 1050
1 4 286 1052 1068 1057
1 4 1052 89 1049 1047
1 4 1068 1049 92 1053
1 4 1057 1047 1053 90
1 4 1057 1052 1068 1049
1 4 1057 1068 1053 1049
1 4 1057 1053 1047 1049
1 4 1057 1047 1052 1049
1 4 45 712 714 715
1 4 712 92 1066 1067
1 4 714 1066 128 1270
1 4 715 1067 1270 134
1 4 714 712 1067 715
1 4 714 715 1067 1270
1 4 714 1270 1067 1066
1 4 714 1066 1067 712
1 4 92 385 1037 1041
1 4 385 2 380 381
1 4 1037 380 87 1035
1 4 1041 381 1035 88
1 4 1037 385 381 1041
1 4 1037 1041 381 1035
1 4 1037 1035 381 380
1 4 1037 380 381 385
1 4 128 1040 431 1246
1 4 1040 87 425 1038
1 4 431 425 8 427
1 4 1246 1038 427 124
1 4 431 1040 1038 1246
1 4 431 1246 1038 427
1 4 431 427 1038 425
1 4 431 425 1038 1040
1 4 134 1046 1249 440
1 4 1046 88 1044 434
1 4 1249 1044 124 436
1 4 440 434 436 9
1 4 1249 1046 434 440
1 4 1249 440 434 436
1 4 1249 436 434 1044
1 4 1249 1044 434 1046
1 4 128 1066 1045 1270
1 4 1066 92 1041 1067
1 4 1045 1041 88 1046
1 4 1270 1067 1046 134
1 4 1045 1066 1067 1270
1 4 1045 1270 1067 1046
1 4 1045 1046 1067 1041
1 4 1045 1041 1067 1066
1 4 128 1270 1045 1246
1 4 1270 134 1046 1249
1 4 1045 1046 88 1044
1 4 1246 1249 1044 124
1 4 1045 1270 1249 1246
1 4 1045 1246 1249 1044
1 4 1045 1044 1249 1046
1 4 1045 1046 1249 1270
1 4 128 1246 1045 1040
1 4 1246 124 1044 1038
1 4 1045 1044 88 1035
1 4 1040 1038 1035 87
1 4 1045 1246 1038 1040
1 4 1045 1040 1038 1035
1 4 1045 1035 1038 1044
1 4 1045 1044 1038 1246
1 4 128 1040 1045 1066
1 4 1040 87 1035 1037
1 4 1045 1035 88 1041
1 4 1066 1037 1041 92
1 4 1045 1040 1037 1066
1 4 1045 1066 1037 1041
1 4 1045 1041 1037 1035
1 4 1045 1035 1037 1040
1 4 45 712 718 714
1 4 712 92 1070 1066
1 4 718 1070 300 1272
1 4 714 1066 1272 128
1 4 714 712 718 1070
1 4 714 718 1272 1070
1 4 714 1272 1066 1070
1 4 714 1066 712 1070
1 4 92 385 1059 1037
1 4 385 2 384 380
1 4 1059 384 91 1036
1 4 1037 380 1036 87
1 4 1037 385 1059 384
1 4 1037 1059 1036 384
1 4 1037 1036 380 384
1 4 1037 380 385 384
1 4 300 1064 709 1266
1 4 1064 91 703 1060
1 4 709 703 44 705
1 4 1266 1060 705 127
1 4 1266 1064 709 703
1 4 1266 709 705 703
1 4 1266 705 1060 703
1 4 1266 1060 1064 703
1 4 128 1040 1263 431
1 4 1040 87 1039 425
1 4 1263 1039 127 430
1 4 431 425 430 8
1 4 431 1040 1263 1039
1 4 431 1263 430 1039
1 4 431 430 425 1039
1 4 431 425 1040 1039
1 4 128 1066 1272 1061
1 4 1066 92 1070 1059
1 4 1272 1070 300 1064
1 4 1061 1059 1064 91
1 4 1061 1066 1272 1070
1 4 1061 1272 1064 1070
1 4 1061 1064 1059 1070
1 4 1061 1059 1066 1070
1 4 128 1272 1263 1061
1 4 1272 300 1266 1064
1 4 1263 1266 127 1060
1 4 1061 1064 1060 91
1 4 1061 1272 1263 1266
1 4 1061 1263 1060 1266
1 4 1061 1060 1064 1266
1 4 1061 1064 1272 1266
1 4 128 1263 1040 1061
1 4 1263 127 1039 1060
1 4 1040 1039 87 1036
1 4 1061 1060 1036 91
1 4 1061 1263 1040 1039
1 4 1061 1040 1036 1039
1 4 1061 1036 1060 1039
1 4 1061 1060 1263 1039
1 4 128 1040 1066 1061
1 4 1040 87 1037 1036
1 4 1066 1037 92 1059
1 4 1061 1036 1059 91
1 4 1061 1040 1066 1037
1 4 1061 1066 1059 1037
1 4 1061 1059 1036 1037
1 4 1061 1036 1040 1037
1 4 45 712 716 718
1 4 712 92 1068 1070
1 4 716 1068 286 2072
1 4 718 1070 2072 300
1 4 716 712 1070 718
1 4 716 718 1070 2072
1 4 716 2072 1070 1068
1 4 716 1068 1070 712
1 4 92 385 1049 1059
1 4 385 2 382 384
1 4 1049 382 89 1048
1 4 1059 384 1048 91
1 4 1049 385 384 1059
1 4 1049 1059 384 1048
1 4 1049 1048 384 382
1 4 1049 382 384 385
1 4 286 1052 669 2069
1 4 1052 89 665 1051
1 4 669 665 38 668
1 4 2069 1051 668 285
1 4 669 1052 1051 2069
1 4 669 2069 1051 668
1 4 669 668 1051 665
1 4 669 665 1051 1052
1 4 300 1064 2070 709
1 4 1064 91 1062 703
1 4 2070 1062 285 707
1 4 709 703 707 44
1 4 2070 1064 703 709
1 4 2070 709 703 707
1 4 2070 707 703 1062
1 4 2070 1062 703 1064
1 4 286 1068 1063 2072
1 4 1068 92 1059 1070
1 4 1063 1059 91 1064
1 4 2072 1070 1064 300
1 4 1063 1068 1070 2072
1 4 1063 2072 1070 1064
1 4 1063 1064 1070 1059
1 4 1063 1059 1070 1068
1 4 286 2072 1063 2069
1 4 2072 300 1064 2070
1 4 1063 1064 91 1062
1 4 2069 2070 1062 285
1 4 1063 2072 2070 2069
1 4 1063 2069 2070 1062
1 4 1063 1062 2070 1064
1 4 1063 1064 2070 2072
1 4 286 2069 1063 1052
1 4 2069 285 1062 1051
1 4 1063 1062 91 1048
1 4 1052 1051 1048 89
1 4 1063 2069 1051 1052
1 4 1063 1052 1051 1048
1 4 1063 1048 1051 1062
1 4 1063 1062 1051 2069
1 4 286 1052 1063 1068
1 4 1052 89 1048 1049
1 4 1063 1048 91 1059
1 4 1068 1049 1059 92
1 4 1063 1052 1049 1068
1 4 1063 1068 1049 1059
1 4 1063 1059 1049 1048
1 4 1063 1048 1049 1052
1 4 46 722 725 723
1 4 722 99 1109 1107
1 4 725 1109 141 1144
1 4 723 1107 1144 105
1 4 723 722 725 1109
1 4 723 725 1144 1109
1 4 723 1144 1107 1109
1 4 723 1107 722 1109
1 4 99 393 1083 1073
1 4 393 3 389 387
1 4 1083 389 95 1071
1 4 1073 387 1071 93
1 4 1073 393 1083 389
1 4 1073 1083 1071 389
1 4 1073 1071 387 389
1 4 1073 387 393 389
1 4 141 1088 450 1123
1 4 1088 95 444 1084
1 4 450 444 10 445
1 4 1123 1084 445 101
1 4 1123 1088 450 444
1 4 1123 450 445 444
1 4 1123 445 1084 444
1 4 1123 1084 1088 444
1 4 105 1076 1120 400
1 4 1076 93 1074 394
1 4 1120 1074 101 396
1 4 400 394 396 4
1 4 400 1076 1120 1074
1 4 400 1120 396 1074
1 4 400 396 394 1074
1 4 400 394 1076 1074
1 4 105 1107 1144 1085
1 4 1107 99 1109 1083
1 4 1144 1109 141 1088
1 4 1085 1083 1088 95
1 4 1085 1107 1144 1109
1 4 1085 1144 1088 1109
1 4 1085 1088 1083 1109
1 4 1085 1083 1107 1109
1 4 105 1144 1120 1085
1 4 1144 141 1123 1088
1 4 1120 1123 101 1084
1 4 1085 1088 1084 95
1 4 1085 1144 1120 1123
1 4 1085 1120 1084 1123
1 4 1085 1084 1088 1123
1 4 1085 1088 1144 1123
1 4 105 1120 1076 1085
1 4 1120 101 1074 1084
1 4 1076 1074 93 1071
1 4 1085 1084 1071 95
1 4 1085 1120 1076 1074
1 4 1085 1076 1071 1074
1 4 1085 1071 1084 1074
1 4 1085 1084 1120 1074
1 4 105 1076 1107 1085
1 4 1076 93 1073 1071
1 4 1107 1073 99 1083
1 4 1085 1071 1083 95
1 4 1085 1076 1107 1073
1 4 1085 1107 1083 1073
1 4 1085 1083 1071 1073
1 4 1085 1071 1076 1073
1 4 46 722 723 727
1 4 722 99 1107 1111
1 4 723 1107 105 1146
1 4 727 1111 1146 291
1 4 723 722 1111 727
1 4 723 727 1111 1146
1 4 723 1146 1111 1107
1 4 723 1107 1111 722
1 4 99 393 1073 1095
1 4 393 3 387 391
1 4 1073 387 93 1072
1 4 1095 391 1072 97
1 4 1073 393 391 1095
1 4 1073 1095 391 1072
1 4 1073 1072 391 387
1 4 1073 387 391 393
1 4 105 1076 400 1132
1 4 1076 93 394 1075
1 4 400 394 4 398
1 4 1132 1075 398 103
1 4 400 1076 1075 1132
1 4 400 1132 1075 398
1 4 400 398 1075 394
1 4 400 394 1075 1076
1 4 291 1100 1135 680
1 4 1100 97 1096 676
1 4 1135 1096 103 677
1 4 680 676 677 40
1 4 1135 1100 676 680
1 4 1135 680 676 677
1 4 1135 677 676 1096
1 4 1135 1096 676 1100
1 4 105 1107 1097 1146
1 4 1107 99 1095 1111
1 4 1097 1095 97 1100
1 4 1146 1111 1100 291
1 4 1097 1107 1111 1146
1 4 1097 1146 1111 1100
1 4 1097 1100 1111 1095
1 4 1097 1095 1111 1107
1 4 105 1146 1097 1132
1 4 1146 291 1100 1135
1 4 1097 1100 97 1096
1 4 1132 1135 1096 103
1 4 1097 1146 1135 1132
1 4 1097 1132 1135 1096
1 4 1097 1096 1135 1100
1 4 1097 1100 1135 1146
1 4 105 1132 1097 1076
1 4 1132 103 1096 1075
1 4 1097 1096 97 1072
1 4 1076 1075 1072 93
1 4 1097 1132 1075 1076
1 4 1097 1076 1075 1072
1 4 1097 1072 1075 1096
1 4 1097 1096 1075 1132
1 4 105 1076 1097 1107
1 4 1076 93 1072 1073
1 4 1097 1072 97 1095
1 4 1107 1073 1095 99
1 4 1097 1076 1073 1107
1 4 1097 1107 1073 1095
1 4 1097 1095 1073 1072
1 4 1097 1072 1073 1076
1 4 46 722 727 726
1 4 722 99 1111 1110
1 4 727 1111 291 2077
1 4 726 1110 2077 289
1 4 726 722 727 1111
1 4 726 727 2077 1111
1 4 726 2077 1110 1111
1 4 726 1110 722 1111
1 4 99 393 1095 1091
1 4 393 3 391 390
1 4 1095 391 97 1089
1 4 1091 390 1089 96
1 4 1091 393 1095 391
1 4 1091 1095 1089 391
1 4 1091 1089 390 391
1 4 1091 390 393 391
1 4 291 1100 680 2074
1 4 1100 97 676 1098
1 4 680 676 40 678
1 4 2074 1098 678 287
1 4 2074 1100 680 676
1 4 2074 680 678 676
1 4 2074 678 1098 676
1 4 2074 1098 1100 676
1 4 289 1094 2073 675
1 4 1094 96 1092 671
1 4 2073 1092 287 673
1 4 675 671 673 39
1 4 675 1094 2073 1092
1 4 675 2073 673 1092
1 4 675 673 671 1092
1 4 675 671 1094 1092
1 4 289 1110 2077 1099
1 4 1110 99 1111 1095
1 4 2077 1111 291 1100
1 4 1099 1095 1100 97
1 4 1099 1110 2077 1111
1 4 1099 2077 1100 1111
1 4 1099 1100 1095 1111
1 4 1099 1095 1110 1111
1 4 289 2077 2073 1099
1 4 2077 291 2074 1100
1 4 2073 2074 287 1098
1 4 1099 1100 1098 97
1 4 1099 2077 2073 2074
1 4 1099 2073 1098 2074
1 4 1099 1098 1100 2074
1 4 1099 1100 2077 2074
1 4 289 2073 1094 1099
1 4 2073 287 1092 1098
1 4 1094 1092 96 1089
1 4 1099 1098 1089 97
1 4 1099 2073 1094 1092
1 4 1099 1094 1089 1092
1 4 1099 1089 1098 1092
1 4 1099 1098 2073 1092
1 4 289 1094 1110 1099
1 4 1094 96 1091 1089
1 4 1110 1091 99 1095
1 4 1099 1089 1095 97
1 4 1099 1094 1110 1091
1 4 1099 1110 1095 1091
1 4 1099 1095 1089 1091
1 4 1099 1089 1094 1091
1 4 46 722 724 725
1 4 722 99 1108 1109
1 4 724 1108 135 1312
1 4 725 1109 1312 141
1 4 724 722 1109 725
1 4 724 725 1109 1312
1 4 724 1312 1109 1108
1 4 724 1108 1109 722
1 4 99 393 1079 1083
1 4 393 3 388 389
1 4 1079 388 94 1077
1 4 1083 389 1077 95
1 4 1079 393 389 1083
1 4 1079 1083 389 1077
1 4 1079 1077 389 388
1 4 1079 388 389 393
1 4 135 1082 441 1288
1 4 1082 94 435 1080
1 4 441 435 9 437
1 4 1288 1080 437 131
1 4 441 1082 1080 1288
1 4 441 1288 1080 437
1 4 441 437 1080 435
1 4 441 435 1080 1082
1 4 141 1088 1291 450
1 4 1088 95 1086 444
1 4 1291 1086 131 446
1 4 450 444 446 10
1 4 1291 1088 444 450
1 4 1291 450 444 446
1 4 1291 446 444 1086
1 4 1291 1086 444 1088
1 4 135 1108 1087 1312
1 4 1108 99 1083 1109
1 4 1087 1083 95 1088
1 4 1312 1109 1088 141
1 4 1087 1108 1109 1312
1 4 1087 1312 1109 1088
1 4 1087 1088 1109 1083
1 4 1087 1083 1109 1108
1 4 135 1312 1087 1288
1 4 1312 141 1088 1291
1 4 1087 1088 95 1086
1 4 1288 1291 1086 131
1 4 1087 1312 1291 1288
1 4 1087 1288 1291 1086
1 4 1087 1086 1291 1088
1 4 1087 1088 1291 1312
1 4 135 1288 1087 1082
1 4 1288 131 1086 1080
1 4 1087 1086 95 1077
1 4 1082 1080 1077 94
1 4 1087 1288 1080 1082
1 4 1087 1082 1080 1077
1 4 1087 1077 1080 1086
1 4 1087 1086 1080 1288
1 4 135 1082 1087 1108
1 4 1082 94 1077 1079
1 4 1087 1077 95 1083
1 4 1108 1079 1083 99
1 4 1087 1082 1079 1108
1 4 1087 1108 1079 1083
1 4 1087 1083 1079 1077
1 4 1087 1077 1079 1082
1 4 46 722 728 724
1 4 722 99 1112 1108
1 4 728 1112 303 1314
1 4 724 1108 1314 135
1 4 724 722 728 1112
1 4 724 728 1314 1112
1 4 724 1314 1108 1112
1 4 724 1108 722 1112
1 4 99 393 1101 1079
1 4 393 3 392 388
1 4 1101 392 98 1078
1 4 1079 388 1078 94
1 4 1079 393 1101 392
1 4 1079 1101 1078 392
1 4 1079 1078 388 392
1 4 1079 388 393 392
1 4 303 1106 719 1308
1 4 1106 98 713 1102
1 4 719 713 45 715
1 4 1308 1102 715 134
1 4 1308 1106 719 713
1 4 1308 719 715 713
1 4 1308 715 1102 713
1 4 1308 1102 1106 713
1 4 135 1082 1305 441
1 4 1082 94 1081 435
1 4 1305 1081 134 440
1 4 441 435 440 9
1 4 441 1082 1305 1081
1 4 441 1305 440 1081
1 4 441 440 435 1081
1 4 441 435 1082 1081
1 4 135 1108 1314 1103
1 4 1108 99 1112 1101
1 4 1314 1112 303 1106
1 4 1103 1101 1106 98
1 4 1103 1108 1314 1112
1 4 1103 1314 1106 1112
1 4 1103 1106 1101 1112
1 4 1103 1101 1108 1112
1 4 135 1314 1305 1103
1 4 1314 303 1308 1106
1 4 1305 1308 134 1102
1 4 1103 1106 1102 98
1 4 1103 1314 1305 1308
1 4 1103 1305 1102 1308
1 4 1103 1102 1106 1308
1 4 1103 1106 1314 1308
1 4 135 1305 1082 1103
1 4 1305 134 1081 1102
1 4 1082 1081 94 1078
1 4 1103 1102 1078 98
1 4 1103 1305 1082 1081
1 4 1103 1082 1078 1081
1 4 1103 1078 1102 1081
1 4 1103 1102 1305 1081
1 4 135 1082 1108 1103
1 4 1082 94 1079 1078
1 4 1108 1079 99 1101
1 4 1103 1078 1101 98
1 4 1103 1082 1108 1079
1 4 1103 1108 1101 1079
1 4 1103 1101 1078 1079
1 4 1103 1078 1082 1079
1 4 46 722 726 728
1 4 722 99 1110 1112
1 4 726 1110 289 2078
1 4 728 1112 2078 303
1 4 726 722 1112 728
1 4 726 728 1112 2078
1 4 726 2078 1112 1110
1 4 726 1110 1112 722
1 4 99 393 1091 1101
1 4 393 3 390 392
1 4 1091 390 96 1090
1 4 1101 392 1090 98
1 4 1091 393 392 1101
1 4 1091 1101 392 1090
1 4 1091 1090 392 390
1 4 1091 390 392 393
1 4 289 1094 675 2075
1 4 1094 96 671 1093
1 4 675 671 39 674
1 4 2075 1093 674 288
1 4 675 1094 1093 2075
1 4 675 2075 1093 674
1 4 675 674 1093 671
1 4 675 671 1093 1094
1 4 303 1106 2076 719
1 4 1106 98 1104 713
1 4 2076 1104 288 717
1 4 719 713 717 45
1 4 2076 1106 713 719
1 4 2076 719 713 717
1 4 2076 717 713 1104
1 4 2076 1104 713 1106
1 4 289 1110 1105 2078
1 4 1110 99 1101 1112
1 4 1105 1101 98 1106
1 4 2078 1112 1106 303
1 4 1105 1110 1112 2078
1 4 1105 2078 1112 1106
1 4 1105 1106 1112 1101
1 4 1105 1101 1112 1110
1 4 289 2078 1105 2075
1 4 2078 303 1106 2076
1 4 1105 1106 98 1104
1 4 2075 2076 1104 288
1 4 1105 2078 2076 2075
1 4 1105 2075 2076 1104
1 4 1105 1104 2076 1106
1 4 1105 1106 2076 2078
1 4 289 2075 1105 1094
1 4 2075 288 1104 1093
1 4 1105 1104 98 1090
1 4 1094 1093 1090 96
1 4 1105 2075 1093 1094
1 4 1105 1094 1093 1090
1 4 1105 1090 1093 1104
1 4 1105 1104 1093 2075
1 4 289 1094 1105 1110
1 4 1094 96 1090 1091
1 4 1105 1090 98 1101
1 4 1110 1091 1101 99
1 4 1105 1094 1091 1110
1 4 1105 1110 1091 1101
1 4 1105 1101 1091 1090
1 4 1105 1090 1091 1094
1 4 47 732 735 733
1 4 732 106 1151 1149
1 4 735 1151 146 1159
1 4 733 1149 1159 109
1 4 733 732 735 1151
1 4 733 735 1159 1151
1 4 733 1159 1149 1151
1 4 733 1149 732 1151
1 4 106 401 1125 1115
1 4 401 4 397 395
1 4 1125 397 102 1113
1 4 1115 395 1113 100
1 4 1115 401 1125 397
1 4 1115 1125 1113 397
1 4 1115 1113 395 397
1 4 1115 395 401 397
1 4 146 1130 458 1156
1 4 1130 102 454 1126
1 4 458 454 11 455
1 4 1156 1126 455 107
1 4 1156 1130 458 454
1 4 1156 458 455 454
1 4 1156 455 1126 454
1 4 1156 1126 1130 454
1 4 109 1118 1155 405
1 4 1118 100 1116 402
1 4 1155 1116 107 403
1 4 405 402 403 5
1 4 405 1118 1155 1116
1 4 405 1155 403 1116
1 4 405 403 402 1116
1 4 405 402 1118 1116
1 4 109 1149 1159 1127
1 4 1149 106 1151 1125
1 4 1159 1151 146 1130
1 4 1127 1125 1130 102
1 4 1127 1149 1159 1151
1 4 1127 1159 1130 1151
1 4 1127 1130 1125 1151
1 4 1127 1125 1149 1151
1 4 109 1159 1155 1127
1 4 1159 146 1156 1130
1 4 1155 1156 107 1126
1 4 1127 1130 1126 102
1 4 1127 1159 1155 1156
1 4 1127 1155 1126 1156
1 4 1127 1126 1130 1156
1 4 1127 1130 1159 1156
1 4 109 1155 1118 1127
1 4 1155 107 1116 1126
1 4 1118 1116 100 1113
1 4 1127 1126 1113 102
1 4 1127 1155 1118 1116
1 4 1127 1118 1113 1116
1 4 1127 1113 1126 1116
1 4 1127 1126 1155 1116
1 4 109 1118 1149 1127
1 4 1118 100 1115 1113
1 4 1149 1115 106 1125
1 4 1127 1113 1125 102
1 4 1127 1118 1149 1115
1 4 1127 1149 1125 1115
1 4 1127 1125 1113 1115
1 4 1127 1113 1118 1115
1 4 47 732 733 737
1 4 732 106 1149 1153
1 4 733 1149 109 1160
1 4 737 1153 1160 293
1 4 733 732 1153 737
1 4 733 737 1153 1160
1 4 733 1160 1153 1149
1 4 733 1149 1153 732
1 4 106 401 1115 1137
1 4 401 4 395 399
1 4 1115 395 100 1114
1 4 1137 399 1114 104
1 4 1115 401 399 1137
1 4 1115 1137 399 1114
1 4 1115 1114 399 395
1 4 1115 395 399 401
1 4 109 1118 405 1157
1 4 1118 100 402 1117
1 4 405 402 5 404
1 4 1157 1117 404 108
1 4 405 1118 1117 1157
1 4 405 1157 1117 404
1 4 405 404 1117 402
1 4 405 402 1117 1118
1 4 293 1142 1158 685
1 4 1142 104 1138 682
1 4 1158 1138 108 683
1 4 685 682 683 41
1 4 1158 1142 682 685
1 4 1158 685 682 683
1 4 1158 683 682 1138
1 4 1158 1138 682 1142
1 4 109 1149 1139 1160
1 4 1149 106 1137 1153
1 4 1139 1137 104 1142
1 4 1160 1153 1142 293
1 4 1139 1149 1153 1160
1 4 1139 1160 1153 1142
1 4 1139 1142 1153 1137
1 4 1139 1137 1153 1149
1 4 109 1160 1139 1157
1 4 1160 293 1142 1158
1 4 1139 1142 104 1138
1 4 1157 1158 1138 108
1 4 1139 1160 1158 1157
1 4 1139 1157 1158 1138
1 4 1139 1138 1158 1142
1 4 1139 1142 1158 1160
1 4 109 1157 1139 1118
1 4 1157 108 1138 1117
1 4 1139 1138 104 1114
1 4 1118 1117 1114 100
1 4 1139 1157 1117 1118
1 4 1139 1118 1117 1114
1 4 1139 1114 1117 1138
1 4 1139 1138 1117 1157
1 4 109 1118 1139 1149
1 4 1118 100 1114 1115
1 4 1139 1114 104 1137
1 4 1149 1115 1137 106
1 4 1139 1118 1115 1149
1 4 1139 1149 1115 1137
1 4 1139 1137 1115 1114
1 4 1139 1114 1115 1118
1 4 47 732 737 736
1 4 732 106 1153 1152
1 4 737 1153 293 2083
1 4 736 1152 2083 292
1 4 736 732 737 1153
1 4 736 737 2083 1153
1 4 736 2083 1152 1153
1 4 736 1152 732 1153
1 4 106 401 1137 1133
1 4 401 4 399 398
1 4 1137 399 104 1131
1 4 1133 398 1131 103
1 4 1133 401 1137 399
1 4 1133 1137 1131 399
1 4 1133 1131 398 399
1 4 1133 398 401 399
1 4 293 1142 685 2080
1 4 1142 104 682 1140
1 4 685 682 41 684
1 4 2080 1140 684 290
1 4 2080 1142 685 682
1 4 2080 685 684 682
1 4 2080 684 1140 682
1 4 2080 1140 1142 682
1 4 292 1136 2079 681
1 4 1136 103 1134 677
1 4 2079 1134 290 679
1 4 681 677 679 40
1 4 681 1136 2079 1134
1 4 681 2079 679 1134
1 4 681 679 677 1134
1 4 681 677 1136 1134
1 4 292 1152 2083 1141
1 4 1152 106 1153 1137
1 4 2083 1153 293 1142
1 4 1141 1137 1142 104
1 4 1141 1152 2083 1153
1 4 1141 2083 1142 1153
1 4 1141 1142 1137 1153
1 4 1141 1137 1152 1153
1 4 292 2083 2079 1141
1 4 2083 293 2080 1142
1 4 2079 2080 290 1140
1 4 1141 1142 1140 104
1 4 1141 2083 2079 2080
1 4 1141 2079 1140 2080
1 4 1141 1140 1142 2080
1 4 1141 1142 2083 2080
1 4 292 2079 1136 1141
1 4 2079 290 1134 1140
1 4 1136 1134 103 1131
1 4 1141 1140 1131 104
1 4 1141 2079 1136 1134
1 4 1141 1136 1131 1134
1 4 1141 1131 1140 1134
1 4 1141 1140 2079 1134
1 4 292 1136 1152 1141
1 4 1136 103 1133 1131
1 4 1152 1133 106 1137
1 4 1141 1131 1137 104
1 4 1141 1136 1152 1133
1 4 1141 1152 1137 1133
1 4 1141 1137 1131 1133
1 4 1141 1131 1136 1133
1 4 47 732 734 735
1 4 732 106 1150 1151
1 4 734 1150 142 1354
1 4 735 1151 1354 146
1 4 734 732 1151 735
1 4 734 735 1151 1354
1 4 734 1354 1151 1150
1 4 734 1150 1151 732
1 4 106 401 1121 1125
1 4 401 4 396 397
1 4 1121 396 101 1119
1 4 1125 397 1119 102
1 4 1121 401 397 1125
1 4 1121 1125 397 1119
1 4 1121 1119 397 396
1 4 1121 396 397 401
1 4 142 1124 451 1330
1 4 1124 101 445 1122
1 4 451 445 10 447
1 4 1330 1122 447 138
1 4 451 1124 1122 1330
1 4 451 1330 1122 447
1 4 451 447 1122 445
1 4 451 445 1122 1124
1 4 146 1130 1333 458
1 4 1130 102 1128 454
1 4 1333 1128 138 456
1 4 458 454 456 11
1 4 1333 1130 454 458
1 4 1333 458 454 456
1 4 1333 456 454 1128
1 4 1333 1128 454 1130
1 4 142 1150 1129 1354
1 4 1150 106 1125 1151
1 4 1129 1125 102 1130
1 4 1354 1151 1130 146
1 4 1129 1150 1151 1354
1 4 1129 1354 1151 1130
1 4 1129 1130 1151 1125
1 4 1129 1125 1151 1150
1 4 142 1354 1129 1330
1 4 1354 146 1130 1333
1 4 1129 1130 102 1128
1 4 1330 1333 1128 138
1 4 1129 1354 1333 1330
1 4 1129 1330 1333 1128
1 4 1129 1128 1333 1130
1 4 1129 1130 1333 1354
1 4 142 1330 1129 1124
1 4 1330 138 1128 1122
1 4 1129 1128 102 1119
1 4 1124 1122 1119 101
1 4 1129 1330 1122 1124
1 4 1129 1124 1122 1119
1 4 1129 1119 1122 1128
1 4 1129 1128 1122 1330
1 4 142 1124 1129 1150
1 4 1124 101 1119 1121
1 4 1129 1119 102 1125
1 4 1150 1121 1125 106
1 4 1129 1124 1121 1150
1 4 1129 1150 1121 1125
1 4 1129 1125 1121 1119
1 4 1129 1119 1121 1124
1 4 47 732 738 734
1 4 732 106 1154 1150
1 4 738 1154 306 1356
1 4 734 1150 1356 142
1 4 734 732 738 1154
1 4 734 738 1356 1154
1 4 734 1356 1150 1154
1 4 734 1150 732 1154
1 4 106 401 1143 1121
1 4 401 4 400 396
1 4 1143 400 105 1120
1 4 1121 396 1120 101
1 4 1121 401 1143 400
1 4 1121 1143 1120 400
1 4 1121 1120 396 400
1 4 1121 396 401 400
1 4 306 1148 729 1350
1 4 1148 105 723 1144
1 4 729 723 46 725
1 4 1350 1144 725 141
1 4 1350 1148 729 723
1 4 1350 729 725 723
1 4 1350 725 1144 723
1 4 1350 1144 1148 723
1 4 142 1124 1347 451
1 4 1124 101 1123 445
1 4 1347 1123 141 450
1 4 451 445 450 10
1 4 451 1124 1347 1123
1 4 451 1347 450 1123
1 4 451 450 445 1123
1 4 451 445 1124 1123
1 4 142 1150 1356 1145
1 4 1150 106 1154 1143
1 4 1356 1154 306 1148
1 4 1145 1143 1148 105
1 4 1145 1150 1356 1154
1 4 1145 1356 1148 1154
1 4 1145 1148 1143 1154
1 4 1145 1143 1150 1154
1 4 142 1356 1347 1145
1 4 1356 306 1350 1148
1 4 1347 1350 141 1144
1 4 1145 1148 1144 105
1 4 1145 1356 1347 1350
1 4 1145 1347 1144 1350
1 4 1145 1144 1148 1350
1 4 1145 1148 1356 1350
1 4 142 1347 1124 1145
1 4 1347 141 1123 1144
1 4 1124 1123 101 1120
1 4 1145 1144 1120 105
1 4 1145 1347 1124 1123
1 4 1145 1124 1120 1123
1 4 1145 1120 1144 1123
1 4 1145 1144 1347 1123
1 4 142 1124 1150 1145
1 4 1124 101 1121 1120
1 4 1150 1121 106 1143
1 4 1145 1120 1143 105
1 4 1145 1124 1150 1121
1 4 1145 1150 1143 1121
1 4 1145 1143 1120 1121
1 4 1145 1120 1124 1121
1 4 47 732 736 738
1 4 732 106 1152 1154
1 4 736 1152 292 2084
1 4 738 1154 2084 306
1 4 736 732 1154 738
1 4 736 738 1154 2084
1 4 736 2084 1154 1152
1 4 736 1152 1154 732
1 4 106 401 1133 1143
1 4 401 4 398 400
1 4 1133 398 103 1132
1 4 1143 400 1132 105
1 4 1133 401 400 1143
1 4 1133 1143 400 1132
1 4 1133 1132 400 398
1 4 1133 398 400 401
1 4 292 1136 681 2081
1 4 1136 103 677 1135
1 4 681 677 40 680
1 4 2081 1135 680 291
1 4 681 1136 1135 2081
1 4 681 2081 1135 680
1 4 681 680 1135 677
1 4 681 677 1135 1136
1 4 306 1148 2082 729
1 4 1148 105 1146 723
1 4 2082 1146 291 727
1 4 729 723 727 46
1 4 2082 1148 723 729
1 4 2082 729 723 727
1 4 2082 727 723 1146
1 4 2082 1146 723 1148
1 4 292 1152 1147 2084
1 4 1152 106 1143 1154
1 4 1147 1143 105 1148
1 4 2084 1154 1148 306
1 4 1147 1152 1154 2084
1 4 1147 2084 1154 1148
1 4 1147 1148 1154 1143
1 4 1147 1143 1154 1152
1 4 292 2084 1147 2081
1 4 2084 306 1148 2082
1 4 1147 1148 105 1146
1 4 2081 2082 1146 291
1 4 1147 2084 2082 2081
1 4 1147 2081 2082 1146
1 4 1147 1146 2082 1148
1 4 1147 1148 2082 2084
1 4 292 2081 1147 1136
1 4 2081 291 1146 1135
1 4 1147 1146 105 1132
1 4 1136 1135 1132 103
1 4 1147 2081 1135 1136
1 4 1147 1136 1135 1132
1 4 1147 1132 1135 1146
1 4 1147 1146 1135 2081
1 4 292 1136 1147 1152
1 4 1136 103 1132 1133
1 4 1147 1132 105 1143
1 4 1152 1133 1143 106
1 4 1147 1136 1133 1152
1 4 1147 1152 1133 1143
1 4 1147 1143 1133 1132
1 4 1147 1132 1133 1136
1 4 49 746 749 747
1 4 746 116 1199 1197
1 4 749 1199 158 1234
1 4 747 1197 1234 122
1 4 747 746 749 1199
1 4 747 749 1234 1199
1 4 747 1234 1197 1199
1 4 747 1197 746 1199
1 4 116 413 1173 1163
1 4 413 6 409 407
1 4 1173 409 112 1161
1 4 1163 407 1161 110
1 4 1163 413 1173 409
1 4 1163 1173 1161 409
1 4 1163 1161 407 409
1 4 1163 407 413 409
1 4 158 1178 474 1213
1 4 1178 112 468 1174
1 4 474 468 13 469
1 4 1213 1174 469 118
1 4 1213 1178 474 468
1 4 1213 474 469 468
1 4 1213 469 1174 468
1 4 1213 1174 1178 468
1 4 122 1166 1210 422
1 4 1166 110 1164 416
1 4 1210 1164 118 418
1 4 422 416 418 7
1 4 422 1166 1210 1164
1 4 422 1210 418 1164
1 4 422 418 416 1164
1 4 422 416 1166 1164
1 4 122 1197 1234 1175
1 4 1197 116 1199 1173
1 4 1234 1199 158 1178
1 4 1175 1173 1178 112
1 4 1175 1197 1234 1199
1 4 1175 1234 1178 1199
1 4 1175 1178 1173 1199
1 4 1175 1173 1197 1199
1 4 122 1234 1210 1175
1 4 1234 158 1213 1178
1 4 1210 1213 118 1174
1 4 1175 1178 1174 112
1 4 1175 1234 1210 1213
1 4 1175 1210 1174 1213
1 4 1175 1174 1178 1213
1 4 1175 1178 1234 1213
1 4 122 1210 1166 1175
1 4 1210 118 1164 1174
1 4 1166 1164 110 1161
1 4 1175 1174 1161 112
1 4 1175 1210 1166 1164
1 4 1175 1166 1161 1164
1 4 1175 1161 1174 1164
1 4 1175 1174 1210 1164
1 4 122 1166 1197 1175
1 4 1166 110 1163 1161
1 4 1197 1163 116 1173
1 4 1175 1161 1173 112
1 4 1175 1166 1197 1163
1 4 1175 1197 1173 1163
1 4 1175 1173 1161 1163
1 4 1175 1161 1166 1163
1 4 49 746 747 751
1 4 746 116 1197 1201
1 4 747 1197 122 1236
1 4 751 1201 1236 298
1 4 747 746 1201 751
1 4 747 751 1201 1236
1 4 747 1236 1201 1197
1 4 747 1197 1201 746
1 4 116 413 1163 1185
1 4 413 6 407 411
1 4 1163 407 110 1162
1 4 1185 411 1162 114
1 4 1163 413 411 1185
1 4 1163 1185 411 1162
1 4 1163 1162 411 407
1 4 1163 407 411 413
1 4 122 1166 422 1222
1 4 1166 110 416 1165
1 4 422 416 7 420
1 4 1222 1165 420 120
1 4 422 1166 1165 1222
1 4 422 1222 1165 420
1 4 422 420 1165 416
1 4 422 416 1165 1166
1 4 298 1190 1225 700
1 4 1190 114 1186 694
1 4 1225 1186 120 695
1 4 700 694 695 43
1 4 1225 1190 694 700
1 4 1225 700 694 695
1 4 1225 695 694 1186
1 4 1225 1186 694 1190
1 4 122 1197 1187 1236
1 4 1197 116 1185 1201
1 4 1187 1185 114 1190
1 4 1236 1201 1190 298
1 4 1187 1197 1201 1236
1 4 1187 1236 1201 1190
1 4 1187 1190 1201 1185
1 4 1187 1185 1201 1197
1 4 122 1236 1187 1222
1 4 1236 298 1190 1225
1 4 1187 1190 114 1186
1 4 1222 1225 1186 120
1 4 1187 1236 1225 1222
1 4 1187 1222 1225 1186
1 4 1187 1186 1225 1190
1 4 1187 1190 1225 1236
1 4 122 1222 1187 1166
1 4 1222 120 1186 1165
1 4 1187 1186 114 1162
1 4 1166 1165 1162 110
1 4 1187 1222 1165 1166
1 4 1187 1166 1165 1162
1 4 1187 1162 1165 1186
1 4 1187 1186 1165 1222
1 4 122 1166 1187 1197
1 4 1166 110 1162 1163
1 4 1187 1162 114 1185
1 4 1197 1163 1185 116
1 4 1187 1166 1163 1197
1 4 1187 1197 1163 1185
1 4 1187 1185 1163 1162
1 4 1187 1162 1163 1166
1 4 49 746 751 750
1 4 746 116 1201 1200
1 4 751 1201 298 2089
1 4 750 1200 2089 296
1 4 750 746 751 1201
1 4 750 751 2089 1201
1 4 750 2089 1200 1201
1 4 750 1200 746 1201
1 4 116 413 1185 1181
1 4 413 6 411 410
1 4 1185 411 114 1179
1 4 1181 410 1179 113
1 4 1181 413 1185 411
1 4 1181 1185 1179 411
1 4 1181 1179 410 411
1 4 1181 410 413 411
1 4 298 1190 700 2086
1 4 1190 114 694 1188
1 4 700 694 43 698
1 4 2086 1188 698 294
1 4 2086 1190 700 694
1 4 2086 700 698 694
1 4 2086 698 1188 694
1 4 2086 1188 1190 694
1 4 296 1184 2085 691
1 4 1184 113 1182 687
1 4 2085 1182 294 689
1 4 691 687 689 42
1 4 691 1184 2085 1182
1 4 691 2085 689 1182
1 4 691 689 687 1182
1 4 691 687 1184 1182
1 4 296 1200 2089 1189
1 4 1200 116 1201 1185
1 4 2089 1201 298 1190
1 4 1189 1185 1190 114
1 4 1189 1200 2089 1201
1 4 1189 2089 1190 1201
1 4 1189 1190 1185 1201
1 4 1189 1185 1200 1201
1 4 296 2089 2085 1189
1 4 2089 298 2086 1190
1 4 2085 2086 294 1188
1 4 1189 1190 1188 114
1 4 1189 2089 2085 2086
1 4 1189 2085 1188 2086
1 4 1189 1188 1190 2086
1 4 1189 1190 2089 2086
1 4 296 2085 1184 1189
1 4 2085 294 1182 1188
1 4 1184 1182 113 1179
1 4 1189 1188 1179 114
1 4 1189 2085 1184 1182
1 4 1189 1184 1179 1182
1 4 1189 1179 1188 1182
1 4 1189 1188 2085 1182
1 4 296 1184 1200 1189
1 4 1184 113 1181 1179
1 4 1200 1181 116 1185
1 4 1189 1179 1185 114
1 4 1189 1184 1200 1181
1 4 1189 1200 1185 1181
1 4 1189 1185 1179 1181
1 4 1189 1179 1184 1181
1 4 49 746 748 749
1 4 746 116 1198 1199
1 4 748 1198 152 1402
1 4 749 1199 1402 158
1 4 748 746 1199 749
1 4 748 749 1199 1402
1 4 748 1402 1199 1198
1 4 748 1198 1199 746
1 4 116 413 1169 1173
1 4 413 6 408 409
1 4 1169 408 111 1167
1 4 1173 409 1167 112
1 4 1169 413 409 1173
1 4 1169 1173 409 1167
1 4 1169 1167 409 408
1 4 1169 408 409 413
1 4 152 1172 465 1378
1 4 1172 111 460 1170
1 4 465 460 12 461
1 4 1378 1170 461 148
1 4 465 1172 1170 1378
1 4 465 1378 1170 461
1 4 465 461 1170 460
1 4 465 460 1170 1172
1 4 158 1178 1381 474
1 4 1178 112 1176 468
1 4 1381 1176 148 470
1 4 474 468 470 13
1 4 1381 1178 468 474
1 4 1381 474 468 470
1 4 1381 470 468 1176
1 4 1381 1176 468 1178
1 4 152 1198 1177 1402
1 4 1198 116 1173 1199
1 4 1177 1173 112 1178
1 4 1402 1199 1178 158
1 4 1177 1198 1199 1402
1 4 1177 1402 1199 1178
1 4 1177 1178 1199 1173
1 4 1177 1173 1199 1198
1 4 152 1402 1177 1378
1 4 1402 158 1178 1381
1 4 1177 1178 112 1176
1 4 1378 1381 1176 148
1 4 1177 1402 1381 1378
1 4 1177 1378 1381 1176
1 4 1177 1176 1381 1178
1 4 1177 1178 1381 1402
1 4 152 1378 1177 1172
1 4 1378 148 1176 1170
1 4 1177 1176 112 1167
1 4 1172 1170 1167 111
1 4 1177 1378 1170 1172
1 4 1177 1172 1170 1167
1 4 1177 1167 1170 1176
1 4 1177 1176 1170 1378
1 4 152 1172 1177 1198
1 4 1172 111 1167 1169
1 4 1177 1167 112 1173
1 4 1198 1169 1173 116
1 4 1177 1172 1169 1198
1 4 1177 1198 1169 1173
1 4 1177 1173 1169 1167
1 4 1177 1167 1169 1172
1 4 49 746 752 748
1 4 746 116 1202 1198
1 4 752 1202 310 1404
1 4 748 1198 1404 152
1 4 748 746 752 1202
1 4 748 752 1404 1202
1 4 748 1404 1198 1202
1 4 748 1198 746 1202
1 4 116 413 1191 1169
1 4 413 6 412 408
1 4 1191 412 115 1168
1 4 1169 408 1168 111
1 4 1169 413 1191 412
1 4 1169 1191 1168 412
1 4 1169 1168 408 412
1 4 1169 408 413 412
1 4 310 1196 743 1398
1 4 1196 115 740 1192
1 4 743 740 48 741
1 4 1398 1192 741 151
1 4 1398 1196 743 740
1 4 1398 743 741 740
1 4 1398 741 1192 740
1 4 1398 1192 1196 740
1 4 152 1172 1395 465
1 4 1172 111 1171 460
1 4 1395 1171 151 464
1 4 465 460 464 12
1 4 465 1172 1395 1171
1 4 465 1395 464 1171
1 4 465 464 460 1171
1 4 465 460 1172 1171
1 4 152 1198 1404 1193
1 4 1198 116 1202 1191
1 4 1404 1202 310 1196
1 4 1193 1191 1196 115
1 4 1193 1198 1404 1202
1 4 1193 1404 1196 1202
1 4 1193 1196 1191 1202
1 4 1193 1191 1198 1202
1 4 152 1404 1395 1193
1 4 1404 310 1398 1196
1 4 1395 1398 151 1192
1 4 1193 1196 1192 115
1 4 1193 1404 1395 1398
1 4 1193 1395 1192 1398
1 4 1193 1192 1196 1398
1 4 1193 1196 1404 1398
1 4 152 1395 1172 1193
1 4 1395 151 1171 1192
1 4 1172 1171 111 1168
1 4 1193 1192 1168 115
1 4 1193 1395 1172 1171
1 4 1193 1172 1168 1171
1 4 1193 1168 1192 1171
1 4 1193 1192 1395 1171
1 4 152 1172 1198 1193
1 4 1172 111 1169 1168
1 4 1198 1169 116 1191
1 4 1193 1168 1191 115
1 4 1193 1172 1198 1169
1 4 1193 1198 1191 1169
1 4 1193 1191 1168 1169
1 4 1193 1168 1172 1169
1 4 49 746 750 752
1 4 746 116 1200 1202
1 4 750 1200 296 2090
1 4 752 1202 2090 310
1 4 750 746 1202 752
1 4 750 752 1202 2090
1 4 750 2090 1202 1200
1 4 750 1200 1202 746
1 4 116 413 1181 1191
1 4 413 6 410 412
1 4 1181 410 113 1180
1 4 1191 412 1180 115
1 4 1181 413 412 1191
1 4 1181 1191 412 1180
1 4 1181 1180 412 410
1 4 1181 410 412 413
1 4 296 1184 691 2087
1 4 1184 113 687 1183
1 4 691 687 42 690
1 4 2087 1183 690 295
1 4 691 1184 1183 2087
1 4 691 2087 1183 690
1 4 691 690 1183 687
1 4 691 687 1183 1184
1 4 310 1196 2088 743
1 4 1196 115 1194 740
1 4 2088 1194 295 742
1 4 743 740 742 48
1 4 2088 1196 740 743
1 4 2088 743 740 742
1 4 2088 742 740 1194
1 4 2088 1194 740 1196
1 4 296 1200 1195 2090
1 4 1200 116 1191 1202
1 4 1195 1191 115 1196
1 4 2090 1202 1196 310
1 4 1195 1200 1202 2090
1 4 1195 2090 1202 1196
1 4 1195 1196 1202 1191
1 4 1195 1191 1202 1200
1 4 296 2090 1195 2087
1 4 2090 310 1196 2088
1 4 1195 1196 115 1194
1 4 2087 2088 1194 295
1 4 1195 2090 2088 2087
1 4 1195 2087 2088 1194
1 4 1195 1194 2088 1196
1 4 1195 1196 2088 2090
1 4 296 2087 1195 1184
1 4 2087 295 1194 1183
1 4 1195 1194 115 1180
1 4 1184 1183 1180 113
1 4 1195 2087 1183 1184
1 4 1195 1184 1183 1180
1 4 1195 1180 1183 1194
1 4 1195 1194 1183 2087
1 4 296 1184 1195 1200
1 4 1184 113 1180 1181
1 4 1195 1180 115 1191
1 4 1200 1181 1191 116
1 4 1195 1184 1181 1200
1 4 1195 1200 1181 1191
1 4 1195 1191 1181 1180
1 4 1195 1180 1181 1184
1 4 50 756 759 757
1 4 756 123 1241 1239
1 4 759 1241 165 1276
1 4 757 1239 1276 129
1 4 757 756 759 1241
1 4 757 759 1276 1241
1 4 757 1276 1239 1241
1 4 757 1239 756 1241
1 4 123 423 1215 1205
1 4 423 7 419 417
1 4 1215 419 119 1203
1 4 1205 417 1203 117
1 4 1205 423 1215 419
1 4 1205 1215 1203 419
1 4 1205 1203 417 419
1 4 1205 417 423 419
1 4 165 1220 484 1255
1 4 1220 119 478 1216
1 4 484 478 14 479
1 4 1255 1216 479 125
1 4 1255 1220 484 478
1 4 1255 484 479 478
1 4 1255 479 1216 478
1 4 1255 1216 1220 478
1 4 129 1208 1252 432
1 4 1208 117 1206 426
1 4 1252 1206 125 428
1 4 432 426 428 8
1 4 432 1208 1252 1206
1 4 432 1252 428 1206
1 4 432 428 426 1206
1 4 432 426 1208 1206
1 4 129 1239 1276 1217
1 4 1239 123 1241 1215
1 4 1276 1241 165 1220
1 4 1217 1215 1220 119
1 4 1217 1239 1276 1241
1 4 1217 1276 1220 1241
1 4 1217 1220 1215 1241
1 4 1217 1215 1239 1241
1 4 129 1276 1252 1217
1 4 1276 165 1255 1220
1 4 1252 1255 125 1216
1 4 1217 1220 1216 119
1 4 1217 1276 1252 1255
1 4 1217 1252 1216 1255
1 4 1217 1216 1220 1255
1 4 1217 1220 1276 1255
1 4 129 1252 1208 1217
1 4 1252 125 1206 1216
1 4 1208 1206 117 1203
1 4 1217 1216 1203 119
1 4 1217 1252 1208 1206
1 4 1217 1208 1203 1206
1 4 1217 1203 1216 1206
1 4 1217 1216 1252 1206
1 4 129 1208 1239 1217
1 4 1208 117 1205 1203
1 4 1239 1205 123 1215
1 4 1217 1203 1215 119
1 4 1217 1208 1239 1205
1 4 1217 1239 1215 1205
1 4 1217 1215 1203 1205
1 4 1217 1203 1208 1205
1 4 50 756 757 761
1 4 756 123 1239 1243
1 4 757 1239 129 1278
1 4 761 1243 1278 301
1 4 757 756 1243 761
1 4 757 761 1243 1278
1 4 757 1278 1243 1239
1 4 757 1239 1243 756
1 4 123 423 1205 1227
1 4 423 7 417 421
1 4 1205 417 117 1204
1 4 1227 421 1204 121
1 4 1205 423 421 1227
1 4 1205 1227 421 1204
1 4 1205 1204 421 417
1 4 1205 417 421 423
1 4 129 1208 432 1264
1 4 1208 117 426 1207
1 4 432 426 8 430
1 4 1264 1207 430 127
1 4 432 1208 1207 1264
1 4 432 1264 1207 430
1 4 432 430 1207 426
1 4 432 426 1207 1208
1 4 301 1232 1267 710
1 4 1232 121 1228 704
1 4 1267 1228 127 705
1 4 710 704 705 44
1 4 1267 1232 704 710
1 4 1267 710 704 705
1 4 1267 705 704 1228
1 4 1267 1228 704 1232
1 4 129 1239 1229 1278
1 4 1239 123 1227 1243
1 4 1229 1227 121 1232
1 4 1278 1243 1232 301
1 4 1229 1239 1243 1278
1 4 1229 1278 1243 1232
1 4 1229 1232 1243 1227
1 4 1229 1227 1243 1239
1 4 129 1278 1229 1264
1 4 1278 301 1232 1267
1 4 1229 1232 121 1228
1 4 1264 1267 1228 127
1 4 1229 1278 1267 1264
1 4 1229 1264 1267 1228
1 4 1229 1228 1267 1232
1 4 1229 1232 1267 1278
1 4 129 1264 1229 1208
1 4 1264 127 1228 1207
1 4 1229 1228 121 1204
1 4 1208 1207 1204 117
1 4 1229 1264 1207 1208
1 4 1229 1208 1207 1204
1 4 1229 1204 1207 1228
1 4 1229 1228 1207 1264
1 4 129 1208 1229 1239
1 4 1208 117 1204 1205
1 4 1229 1204 121 1227
1 4 1239 1205 1227 123
1 4 1229 1208 1205 1239
1 4 1229 1239 1205 1227
1 4 1229 1227 1205 1204
1 4 1229 1204 1205 1208
1 4 50 756 761 760
1 4 756 123 1243 1242
1 4 761 1243 301 2095
1 4 760 1242 2095 299
1 4 760 756 761 1243
1 4 760 761 2095 1243
1 4 760 2095 1242 1243
1 4 760 1242 756 1243
1 4 123 423 1227 1223
1 4 423 7 421 420
1 4 1227 421 121 1221
1 4 1223 420 1221 120
1 4 1223 423 1227 421
1 4 1223 1227 1221 421
1 4 1223 1221 420 421
1 4 1223 420 423 421
1 4 301 1232 710 2092
1 4 1232 121 704 1230
1 4 710 704 44 708
1 4 2092 1230 708 297
1 4 2092 1232 710 704
1 4 2092 710 708 704
1 4 2092 708 1230 704
1 4 2092 1230 1232 704
1 4 299 1226 2091 701
1 4 1226 120 1224 695
1 4 2091 1224 297 699
1 4 701 695 699 43
1 4 701 1226 2091 1224
1 4 701 2091 699 1224
1 4 701 699 695 1224
1 4 701 695 1226 1224
1 4 299 1242 2095 1231
1 4 1242 123 1243 1227
1 4 2095 1243 301 1232
1 4 1231 1227 1232 121
1 4 1231 1242 2095 1243
1 4 1231 2095 1232 1243
1 4 1231 1232 1227 1243
1 4 1231 1227 1242 1243
1 4 299 2095 2091 1231
1 4 2095 301 2092 1232
1 4 2091 2092 297 1230
1 4 1231 1232 1230 121
1 4 1231 2095 2091 2092
1 4 1231 2091 1230 2092
1 4 1231 1230 1232 2092
1 4 1231 1232 2095 2092
1 4 299 2091 1226 1231
1 4 2091 297 1224 1230
1 4 1226 1224 120 1221
1 4 1231 1230 1221 121
1 4 1231 2091 1226 1224
1 4 1231 1226 1221 1224
1 4 1231 1221 1230 1224
1 4 1231 1230 2091 1224
1 4 299 1226 1242 1231
1 4 1226 120 1223 1221
1 4 1242 1223 123 1227
1 4 1231 1221 1227 121
1 4 1231 1226 1242 1223
1 4 1231 1242 1227 1223
1 4 1231 1227 1221 1223
1 4 1231 1221 1226 1223
1 4 50 756 758 759
1 4 756 123 1240 1241
1 4 758 1240 159 1444
1 4 759 1241 1444 165
1 4 758 756 1241 759
1 4 758 759 1241 1444
1 4 758 1444 1241 1240
1 4 758 1240 1241 756
1 4 123 423 1211 1215
1 4 423 7 418 419
1 4 1211 418 118 1209
1 4 1215 419 1209 119
1 4 1211 423 419 1215
1 4 1211 1215 419 1209
1 4 1211 1209 419 418
1 4 1211 418 419 423
1 4 159 1214 475 1420
1 4 1214 118 469 1212
1 4 475 469 13 471
1 4 1420 1212 471 155
1 4 475 1214 1212 1420
1 4 475 1420 1212 471
1 4 475 471 1212 469
1 4 475 469 1212 1214
1 4 165 1220 1423 484
1 4 1220 119 1218 478
1 4 1423 1218 155 480
1 4 484 478 480 14
1 4 1423 1220 478 484
1 4 1423 484 478 480
1 4 1423 480 478 1218
1 4 1423 1218 478 1220
1 4 159 1240 1219 1444
1 4 1240 123 1215 1241
1 4 1219 1215 119 1220
1 4 1444 1241 1220 165
1 4 1219 1240 1241 1444
1 4 1219 1444 1241 1220
1 4 1219 1220 1241 1215
1 4 1219 1215 1241 1240
1 4 159 1444 1219 1420
1 4 1444 165 1220 1423
1 4 1219 1220 119 1218
1 4 1420 1423 1218 155
1 4 1219 1444 1423 1420
1 4 1219 1420 1423 1218
1 4 1219 1218 1423 1220
1 4 1219 1220 1423 1444
1 4 159 1420 1219 1214
1 4 1420 155 1218 1212
1 4 1219 1218 119 1209
1 4 1214 1212 1209 118
1 4 1219 1420 1212 1214
1 4 1219 1214 1212 1209
1 4 1219 1209 1212 1218
1 4 1219 1218 1212 1420
1 4 159 1214 1219 1240
1 4 1214 118 1209 1211
1 4 1219 1209 119 1215
1 4 1240 1211 1215 123
1 4 1219 1214 1211 1240
1 4 1219 1240 1211 1215
1 4 1219 1215 1211 1209
1 4 1219 1209 1211 1214
1 4 50 756 762 758
1 4 756 123 1244 1240
1 4 762 1244 313 1446
1 4 758 1240 1446 159
1 4 758 756 762 1244
1 4 758 762 1446 1244
1 4 758 1446 1240 1244
1 4 758 1240 756 1244
1 4 123 423 1233 1211
1 4 423 7 422 418
1 4 1233 422 122 1210
1 4 1211 418 1210 118
1 4 1211 423 1233 422
1 4 1211 1233 1210 422
1 4 1211 1210 418 422
1 4 1211 418 423 422
1 4 313 1238 753 1440
1 4 1238 122 747 1234
1 4 753 747 49 749
1 4 1440 1234 749 158
1 4 1440 1238 753 747
1 4 1440 753 749 747
1 4 1440 749 1234 747
1 4 1440 1234 1238 747
1 4 159 1214 1437 475
1 4 1214 118 1213 469
1 4 1437 1213 158 474
1 4 475 469 474 13
1 4 475 1214 1437 1213
1 4 475 1437 474 1213
1 4 475 474 469 1213
1 4 475 469 1214 1213
1 4 159 1240 1446 1235
1 4 1240 123 1244 1233
1 4 1446 1244 313 1238
1 4 1235 1233 1238 122
1 4 1235 1240 1446 1244
1 4 1235 1446 1238 1244
1 4 1235 1238 1233 1244
1 4 1235 1233 1240 1244
1 4 159 1446 1437 1235
1 4 1446 313 1440 1238
1 4 1437 1440 158 1234
1 4 1235 1238 1234 122
1 4 1235 1446 1437 1440
1 4 1235 1437 1234 1440
1 4 1235 1234 1238 1440
1 4 1235 1238 1446 1440
1 4 159 1437 1214 1235
1 4 1437 158 1213 1234
1 4 1214 1213 118 1210
1 4 1235 1234 1210 122
1 4 1235 1437 1214 1213
1 4 1235 1214 1210 1213
1 4 1235 1210 1234 1213
1 4 1235 1234 1437 1213
1 4 159 1214 1240 1235
1 4 1214 118 1211 1210
1 4 1240 1211 123 1233
1 4 1235 1210 1233 122
1 4 1235 1214 1240 1211
1 4 1235 1240 1233 1211
1 4 1235 1233 1210 1211
1 4 1235 1210 1214 1211
1 4 50 756 760 762
1 4 756 123 1242 1244
1 4 760 1242 299 2096
1 4 762 1244 2096 313
1 4 760 756 1244 762
1 4 760 762 1244 2096
1 4 760 2096 1244 1242
1 4 760 1242 1244 756
1 4 123 423 1223 1233
1 4 423 7 420 422
1 4 1223 420 120 1222
1 4 1233 422 1222 122
1 4 1223 423 422 1233
1 4 1223 1233 422 1222
1 4 1223 1222 422 420
1 4 1223 420 422 423
1 4 299 1226 701 2093
1 4 1226 120 695 1225
1 4 701 695 43 700
1 4 2093 1225 700 298
1 4 701 1226 1225 2093
1 4 701 2093 1225 700
1 4 701 700 1225 695
1 4 701 695 1225 1226
1 4 313 1238 2094 753
1 4 1238 122 1236 747
1 4 2094 1236 298 751
1 4 753 747 751 49
1 4 2094 1238 747 753
1 4 2094 753 747 751
1 4 2094 751 747 1236
1 4 2094 1236 747 1238
1 4 299 1242 1237 2096
1 4 1242 123 1233 1244
1 4 1237 1233 122 1238
1 4 2096 1244 1238 313
1 4 1237 1242 1244 2096
1 4 1237 2096 1244 1238
1 4 1237 1238 1244 1233
1 4 1237 1233 1244 1242
1 4 299 2096 1237 2093
1 4 2096 313 1238 2094
1 4 1237 1238 122 1236
1 4 2093 2094 1236 298
1 4 1237 2096 2094 2093
1 4 1237 2093 2094 1236
1 4 1237 1236 2094 1238
1 4 1237 1238 2094 2096
1 4 299 2093 1237 1226
1 4 2093 298 1236 1225
1 4 1237 1236 122 1222
1 4 1226 1225 1222 120
1 4 1237 2093 1225 1226
1 4 1237 1226 1225 1222
1 4 1237 1222 1225 1236
1 4 1237 1236 1225 2093
1 4 299 1226 1237 1242
1 4 1226 120 1222 1223
1 4 1237 1222 122 1233
1 4 1242 1223 1233 123
1 4 1237 1226 1223 1242
1 4 1237 1242 1223 1233
1 4 1237 1233 1223 1222
1 4 1237 1222 1223 1226
1 4 51 766 769 767
1 4 766 130 1283 1281
1 4 769 1283 172 1318
1 4 767 1281 1318 136
1 4 767 766 769 1283
1 4 767 769 1318 1283
1 4 767 1318 1281 1283
1 4 767 1281 766 1283
1 4 130 433 1257 1247
1 4 433 8 429 427
1 4 1257 429 126 1245
1 4 1247 427 1245 124
1 4 1247 433 1257 429
1 4 1247 1257 1245 429
1 4 1247 1245 427 429
1 4 1247 427 433 429
1 4 172 1262 494 1297
1 4 1262 126 488 1258
1 4 494 488 15 489
1 4 1297 1258 489 132
1 4 1297 1262 494 488
1 4 1297 494 489 488
1 4 1297 489 1258 488
1 4 1297 1258 1262 488
1 4 136 1250 1294 442
1 4 1250 124 1248 436
1 4 1294 1248 132 438
1 4 442 436 438 9
1 4 442 1250 1294 1248
1 4 442 1294 438 1248
1 4 442 438 436 1248
1 4 442 436 1250 1248
1 4 136 1281 1318 1259
1 4 1281 130 1283 1257
1 4 1318 1283 172 1262
1 4 1259 1257 1262 126
1 4 1259 1281 1318 1283
1 4 1259 1318 1262 1283
1 4 1259 1262 1257 1283
1 4 1259 1257 1281 1283
1 4 136 1318 1294 1259
1 4 1318 172 1297 1262
1 4 1294 1297 132 1258
1 4 1259 1262 1258 126
1 4 1259 1318 1294 1297
1 4 1259 1294 1258 1297
1 4 1259 1258 1262 1297
1 4 1259 1262 1318 1297
1 4 136 1294 1250 1259
1 4 1294 132 1248 1258
1 4 1250 1248 124 1245
1 4 1259 1258 1245 126
1 4 1259 1294 1250 1248
1 4 1259 1250 1245 1248
1 4 1259 1245 1258 1248
1 4 1259 1258 1294 1248
1 4 136 1250 1281 1259
1 4 1250 124 1247 1245
1 4 1281 1247 130 1257
1 4 1259 1245 1257 126
1 4 1259 1250 1281 1247
1 4 1259 1281 1257 1247
1 4 1259 1257 1245 1247
1 4 1259 1245 1250 1247
1 4 51 766 767 771
1 4 766 130 1281 1285
1 4 767 1281 136 1320
1 4 771 1285 1320 304
1 4 767 766 1285 771
1 4 767 771 1285 1320
1 4 767 1320 1285 1281
1 4 767 1281 1285 766
1 4 130 433 1247 1269
1 4 433 8 427 431
1 4 1247 427 124 1246
1 4 1269 431 1246 128
1 4 1247 433 431 1269
1 4 1247 1269 431 1246
1 4 1247 1246 431 427
1 4 1247 427 431 433
1 4 136 1250 442 1306
1 4 1250 124 436 1249
1 4 442 436 9 440
1 4 1306 1249 440 134
1 4 442 1250 1249 1306
1 4 442 1306 1249 440
1 4 442 440 1249 436
1 4 442 436 1249 1250
1 4 304 1274 1309 720
1 4 1274 128 1270 714
1 4 1309 1270 134 715
1 4 720 714 715 45
1 4 1309 1274 714 720
1 4 1309 720 714 715
1 4 1309 715 714 1270
1 4 1309 1270 714 1274
1 4 136 1281 1271 1320
1 4 1281 130 1269 1285
1 4 1271 1269 128 1274
1 4 1320 1285 1274 304
1 4 1271 1281 1285 1320
1 4 1271 1320 1285 1274
1 4 1271 1274 1285 1269
1 4 1271 1269 1285 1281
1 4 136 1320 1271 1306
1 4 1320 304 1274 1309
1 4 1271 1274 128 1270
1 4 1306 1309 1270 134
1 4 1271 1320 1309 1306
1 4 1271 1306 1309 1270
1 4 1271 1270 1309 1274
1 4 1271 1274 1309 1320
1 4 136 1306 1271 1250
1 4 1306 134 1270 1249
1 4 1271 1270 128 1246
1 4 1250 1249 1246 124
1 4 1271 1306 1249 1250
1 4 1271 1250 1249 1246
1 4 1271 1246 1249 1270
1 4 1271 1270 1249 1306
1 4 136 1250 1271 1281
1 4 1250 124 1246 1247
1 4 1271 1246 128 1269
1 4 1281 1247 1269 130
1 4 1271 1250 1247 1281
1 4 1271 1281 1247 1269
1 4 1271 1269 1247 1246
1 4 1271 1246 1247 1250
1 4 51 766 771 770
1 4 766 130 1285 1284
1 4 771 1285 304 2101
1 4 770 1284 2101 302
1 4 770 766 771 1285
1 4 770 771 2101 1285
1 4 770 2101 1284 1285
1 4 770 1284 766 1285
1 4 130 433 1269 1265
1 4 433 8 431 430
1 4 1269 431 128 1263
1 4 1265 430 1263 127
1 4 1265 433 1269 431
1 4 1265 1269 1263 431
1 4 1265 1263 430 431
1 4 1265 430 433 431
1 4 304 1274 720 2098
1 4 1274 128 714 1272
1 4 720 714 45 718
1 4 2098 1272 718 300
1 4 2098 1274 720 714
1 4 2098 720 718 714
1 4 2098 718 1272 714
1 4 2098 1272 1274 714
1 4 302 1268 2097 711
1 4 1268 127 1266 705
1 4 2097 1266 300 709
1 4 711 705 709 44
1 4 711 1268 2097 1266
1 4 711 2097 709 1266
1 4 711 709 705 1266
1 4 711 705 1268 1266
1 4 302 1284 2101 1273
1 4 1284 130 1285 1269
1 4 2101 1285 304 1274
1 4 1273 1269 1274 128
1 4 1273 1284 2101 1285
1 4 1273 2101 1274 1285
1 4 1273 1274 1269 1285
1 4 1273 1269 1284 1285
1 4 302 2101 2097 1273
1 4 2101 304 2098 1274
1 4 2097 2098 300 1272
1 4 1273 1274 1272 128
1 4 1273 2101 2097 2098
1 4 1273 2097 1272 2098
1 4 1273 1272 1274 2098
1 4 1273 1274 2101 2098
1 4 302 2097 1268 1273
1 4 2097 300 1266 1272
1 4 1268 1266 127 1263
1 4 1273 1272 1263 128
1 4 1273 2097 1268 1266
1 4 1273 1268 1263 1266
1 4 1273 1263 1272 1266
1 4 1273 1272 2097 1266
1 4 302 1268 1284 1273
1 4 1268 127 1265 1263
1 4 1284 1265 130 1269
1 4 1273 1263 1269 128
1 4 1273 1268 1284 1265
1 4 1273 1284 1269 1265
1 4 1273 1269 1263 1265
1 4 1273 1263 1268 1265
1 4 51 766 768 769
1 4 766 130 1282 1283
1 4 768 1282 166 1486
1 4 769 1283 1486 172
1 4 768 766 1283 769
1 4 768 769 1283 1486
1 4 768 1486 1283 1282
1 4 768 1282 1283 766
1 4 130 433 1253 1257
1 4 433 8 428 429
1 4 1253 428 125 1251
1 4 1257 429 1251 126
1 4 1253 433 429 1257
1 4 1253 1257 429 1251
1 4 1253 1251 429 428
1 4 1253 428 429 433
1 4 166 1256 485 1462
1 4 1256 125 479 1254
1 4 485 479 14 481
1 4 1462 1254 481 162
1 4 485 1256 1254 1462
1 4 485 1462 1254 481
1 4 485 481 1254 479
1 4 485 479 1254 1256
1 4 172 1262 1465 494
1 4 1262 126 1260 488
1 4 1465 1260 162 490
1 4 494 488 490 15
1 4 1465 1262 488 494
1 4 1465 494 488 490
1 4 1465 490 488 1260
1 4 1465 1260 488 1262
1 4 166 1282 1261 1486
1 4 1282 130 1257 1283
1 4 1261 1257 126 1262
1 4 1486 1283 1262 172
1 4 1261 1282 1283 1486
1 4 1261 1486 1283 1262
1 4 1261 1262 1283 1257
1 4 1261 1257 1283 1282
1 4 166 1486 1261 1462
1 4 1486 172 1262 1465
1 4 1261 1262 126 1260
1 4 1462 1465 1260 162
1 4 1261 1486 1465 1462
1 4 1261 1462 1465 1260
1 4 1261 1260 1465 1262
1 4 1261 1262 1465 1486
1 4 166 1462 1261 1256
1 4 1462 162 1260 1254
1 4 1261 1260 126 1251
1 4 1256 1254 1251 125
1 4 1261 1462 1254 1256
1 4 1261 1256 1254 1251
1 4 1261 1251 1254 1260
1 4 1261 1260 1254 1462
1 4 166 1256 1261 1282
1 4 1256 125 1251 1253
1 4 1261 1251 126 1257
1 4 1282 1253 1257 130
1 4 1261 1256 1253 1282
1 4 1261 1282 1253 1257
1 4 1261 1257 1253 1251
1 4 1261 1251 1253 1256
1 4 51 766 772 768
1 4 766 130 1286 1282
1 4 772 1286 316 1488
1 4 768 1282 1488 166
1 4 768 766 772 1286
1 4 768 772 1488 1286
1 4 768 1488 1282 1286
1 4 768 1282 766 1286
1 4 130 433 1275 1253
1 4 433 8 432 428
1 4 1275 432 129 1252
1 4 1253 428 1252 125
1 4 1253 433 1275 432
1 4 1253 1275 1252 432
1 4 1253 1252 428 432
1 4 1253 428 433 432
1 4 316 1280 763 1482
1 4 1280 129 757 1276
1 4 763 757 50 759
1 4 1482 1276 759 165
1 4 1482 1280 763 757
1 4 1482 763 759 757
1 4 1482 759 1276 757
1 4 1482 1276 1280 757
1 4 166 1256 1479 485
1 4 1256 125 1255 479
1 4 1479 1255 165 484
1 4 485 479 484 14
1 4 485 1256 1479 1255
1 4 485 1479 484 1255
1 4 485 484 479 1255
1 4 485 479 1256 1255
1 4 166 1282 1488 1277
1 4 1282 130 1286 1275
1 4 1488 1286 316 1280
1 4 1277 1275 1280 129
1 4 1277 1282 1488 1286
1 4 1277 1488 1280 1286
1 4 1277 1280 1275 1286
1 4 1277 1275 1282 1286
1 4 166 1488 1479 1277
1 4 1488 316 1482 1280
1 4 1479 1482 165 1276
1 4 1277 1280 1276 129
1 4 1277 1488 1479 1482
1 4 1277 1479 1276 1482
1 4 1277 1276 1280 1482
1 4 1277 1280 1488 1482
1 4 166 1479 1256 1277
1 4 1479 165 1255 1276
1 4 1256 1255 125 1252
1 4 1277 1276 1252 129
1 4 1277 1479 1256 1255
1 4 1277 1256 1252 1255
1 4 1277 1252 1276 1255
1 4 1277 1276 1479 1255
1 4 166 1256 1282 1277
1 4 1256 125 1253 1252
1 4 1282 1253 130 1275
1 4 1277 1252 1275 129
1 4 1277 1256 1282 1253
1 4 1277 1282 1275 1253
1 4 1277 1275 1252 1253
1 4 1277 1252 1256 1253
1 4 51 766 770 772
1 4 766 130 1284 1286
1 4 770 1284 302 2102
1 4 772 1286 2102 316
1 4 770 766 1286 772
1 4 770 772 1286 2102
1 4 770 2102 1286 1284
1 4 770 1284 1286 766
1 4 130 433 1265 1275
1 4 433 8 430 432
1 4 1265 430 127 1264
1 4 1275 432 1264 129
1 4 1265 433 432 1275
1 4 1265 1275 432 1264
1 4 1265 1264 432 430
1 4 1265 430 432 433
1 4 302 1268 711 2099
1 4 1268 127 705 1267
1 4 711 705 44 710
1 4 2099 1267 710 301
1 4 711 1268 1267 2099
1 4 711 2099 1267 710
1 4 711 710 1267 705
1 4 711 705 1267 1268
1 4 316 1280 2100 763
1 4 1280 129 1278 757
1 4 2100 1278 301 761
1 4 763 757 761 50
1 4 2100 1280 757 763
1 4 2100 763 757 761
1 4 2100 761 757 1278
1 4 2100 1278 757 1280
1 4 302 1284 1279 2102
1 4 1284 130 1275 1286
1 4 1279 1275 129 1280
1 4 2102 1286 1280 316
1 4 1279 1284 1286 2102
1 4 1279 2102 1286 1280
1 4 1279 1280 1286 1275
1 4 1279 1275 1286 1284
1 4 302 2102 1279 2099
1 4 2102 316 1280 2100
1 4 1279 1280 129 1278
1 4 2099 2100 1278 301
1 4 1279 2102 2100 2099
1 4 1279 2099 2100 1278
1 4 1279 1278 2100 1280
1 4 1279 1280 2100 2102
1 4 302 2099 1279 1268
1 4 2099 301 1278 1267
1 4 1279 1278 129 1264
1 4 1268 1267 1264 127
1 4 1279 2099 1267 1268
1 4 1279 1268 1267 1264
1 4 1279 1264 1267 1278
1 4 1279 1278 1267 2099
1 4 302 1268 1279 1284
1 4 1268 127 1264 1265
1 4 1279 1264 129 1275
1 4 1284 1265 1275 130
1 4 1279 1268 1265 1284
1 4 1279 1284 1265 1275
1 4 1279 1275 1265 1264
1 4 1279 1264 1265 1268
1 4 52 776 779 777
1 4 776 137 1325 1323
1 4 779 1325 179 1360
1 4 777 1323 1360 143
1 4 777 776 779 1325
1 4 777 779 1360 1325
1 4 777 1360 1323 1325
1 4 777 1323 776 1325
1 4 137 443 1299 1289
1 4 443 9 439 437
1 4 1299 439 133 1287
1 4 1289 437 1287 131
1 4 1289 443 1299 439
1 4 1289 1299 1287 439
1 4 1289 1287 437 439
1 4 1289 437 443 439
1 4 179 1304 504 1339
1 4 1304 133 498 1300
1 4 504 498 16 499
1 4 1339 1300 499 139
1 4 1339 1304 504 498
1 4 1339 504 499 498
1 4 1339 499 1300 498
1 4 1339 1300 1304 498
1 4 143 1292 1336 452
1 4 1292 131 1290 446
1 4 1336 1290 139 448
1 4 452 446 448 10
1 4 452 1292 1336 1290
1 4 452 1336 448 1290
1 4 452 448 446 1290
1 4 452 446 1292 1290
1 4 143 1323 1360 1301
1 4 1323 137 1325 1299
1 4 1360 1325 179 1304
1 4 1301 1299 1304 133
1 4 1301 1323 1360 1325
1 4 1301 1360 1304 1325
1 4 1301 1304 1299 1325
1 4 1301 1299 1323 1325
1 4 143 1360 1336 1301
1 4 1360 179 1339 1304
1 4 1336 1339 139 1300
1 4 1301 1304 1300 133
1 4 1301 1360 1336 1339
1 4 1301 1336 1300 1339
1 4 1301 1300 1304 1339
1 4 1301 1304 1360 1339
1 4 143 1336 1292 1301
1 4 1336 139 1290 1300
1 4 1292 1290 131 1287
1 4 1301 1300 1287 133
1 4 1301 1336 1292 1290
1 4 1301 1292 1287 1290
1 4 1301 1287 1300 1290
1 4 1301 1300 1336 1290
1 4 143 1292 1323 1301
1 4 1292 131 1289 1287
1 4 1323 1289 137 1299
1 4 1301 1287 1299 133
1 4 1301 1292 1323 1289
1 4 1301 1323 1299 1289
1 4 1301 1299 1287 1289
1 4 1301 1287 1292 1289
1 4 52 776 777 781
1 4 776 137 1323 1327
1 4 777 1323 143 1362
1 4 781 1327 1362 307
1 4 777 776 1327 781
1 4 777 781 1327 1362
1 4 777 1362 1327 1323
1 4 777 1323 1327 776
1 4 137 443 1289 1311
1 4 443 9 437 441
1 4 1289 437 131 1288
1 4 1311 441 1288 135
1 4 1289 443 441 1311
1 4 1289 1311 441 1288
1 4 1289 1288 441 437
1 4 1289 437 441 443
1 4 143 1292 452 1348
1 4 1292 131 446 1291
1 4 452 446 10 450
1 4 1348 1291 450 141
1 4 452 1292 1291 1348
1 4 452 1348 1291 450
1 4 452 450 1291 446
1 4 452 446 1291 1292
1 4 307 1316 1351 730
1 4 1316 135 1312 724
1 4 1351 1312 141 725
1 4 730 724 725 46
1 4 1351 1316 724 730
1 4 1351 730 724 725
1 4 1351 725 724 1312
1 4 1351 1312 724 1316
1 4 143 1323 1313 1362
1 4 1323 137 1311 1327
1 4 1313 1311 135 1316
1 4 1362 1327 1316 307
1 4 1313 1323 1327 1362
1 4 1313 1362 1327 1316
1 4 1313 1316 1327 1311
1 4 1313 1311 1327 1323
1 4 143 1362 1313 1348
1 4 1362 307 1316 1351
1 4 1313 1316 135 1312
1 4 1348 1351 1312 141
1 4 1313 1362 1351 1348
1 4 1313 1348 1351 1312
1 4 1313 1312 1351 1316
1 4 1313 1316 1351 1362
1 4 143 1348 1313 1292
1 4 1348 141 1312 1291
1 4 1313 1312 135 1288
1 4 1292 1291 1288 131
1 4 1313 1348 1291 1292
1 4 1313 1292 1291 1288
1 4 1313 1288 1291 1312
1 4 1313 1312 1291 1348
1 4 143 1292 1313 1323
1 4 1292 131 1288 1289
1 4 1313 1288 135 1311
1 4 1323 1289 1311 137
1 4 1313 1292 1289 1323
1 4 1313 1323 1289 1311
1 4 1313 1311 1289 1288
1 4 1313 1288 1289 1292
1 4 52 776 781 780
1 4 776 137 1327 1326
1 4 781 1327 307 2107
1 4 780 1326 2107 305
1 4 780 776 781 1327
1 4 780 781 2107 1327
1 4 780 2107 1326 1327
1 4 780 1326 776 1327
1 4 137 443 1311 1307
1 4 443 9 441 440
1 4 1311 441 135 1305
1 4 1307 440 1305 134
1 4 1307 443 1311 441
1 4 1307 1311 1305 441
1 4 1307 1305 440 441
1 4 1307 440 443 441
1 4 307 1316 730 2104
1 4 1316 135 724 1314
1 4 730 724 46 728
1 4 2104 1314 728 303
1 4 2104 1316 730 724
1 4 2104 730 728 724
1 4 2104 728 1314 724
1 4 2104 1314 1316 724
1 4 305 1310 2103 721
1 4 1310 134 1308 715
1 4 2103 1308 303 719
1 4 721 715 719 45
1 4 721 1310 2103 1308
1 4 721 2103 719 1308
1 4 721 719 715 1308
1 4 721 715 1310 1308
1 4 305 1326 2107 1315
1 4 1326 137 1327 1311
1 4 2107 1327 307 1316
1 4 1315 1311 1316 135
1 4 1315 1326 2107 1327
1 4 1315 2107 1316 1327
1 4 1315 1316 1311 1327
1 4 1315 1311 1326 1327
1 4 305 2107 2103 1315
1 4 2107 307 2104 1316
1 4 2103 2104 303 1314
1 4 1315 1316 1314 135
1 4 1315 2107 2103 2104
1 4 1315 2103 1314 2104
1 4 1315 1314 1316 2104
1 4 1315 1316 2107 2104
1 4 305 2103 1310 1315
1 4 2103 303 1308 1314
1 4 1310 1308 134 1305
1 4 1315 1314 1305 135
1 4 1315 2103 1310 1308
1 4 1315 1310 1305 1308
1 4 1315 1305 1314 1308
1 4 1315 1314 2103 1308
1 4 305 1310 1326 1315
1 4 1310 134 1307 1305
1 4 1326 1307 137 1311
1 4 1315 1305 1311 135
1 4 1315 1310 1326 1307
1 4 1315 1326 1311 1307
1 4 1315 1311 1305 1307
1 4 1315 1305 1310 1307
1 4 52 776 778 779
1 4 776 137 1324 1325
1 4 778 1324 173 1528
1 4 779 1325 1528 179
1 4 778 776 1325 779
1 4 778 779 1325 1528
1 4 778 1528 1325 1324
1 4 778 1324 1325 776
1 4 137 443 1295 1299
1 4 443 9 438 439
1 4 1295 438 132 1293
1 4 1299 439 1293 133
1 4 1295 443 439 1299
1 4 1295 1299 439 1293
1 4 1295 1293 439 438
1 4 1295 438 439 443
1 4 173 1298 495 1504
1 4 1298 132 489 1296
1 4 495 489 15 491
1 4 1504 1296 491 169
1 4 495 1298 1296 1504
1 4 495 1504 1296 491
1 4 495 491 1296 489
1 4 495 489 1296 1298
1 4 179 1304 1507 504
1 4 1304 133 1302 498
1 4 1507 1302 169 500
1 4 504 498 500 16
1 4 1507 1304 498 504
1 4 1507 504 498 500
1 4 1507 500 498 1302
1 4 1507 1302 498 1304
1 4 173 1324 1303 1528
1 4 1324 137 1299 1325
1 4 1303 1299 133 1304
1 4 1528 1325 1304 179
1 4 1303 1324 1325 1528
1 4 1303 1528 1325 1304
1 4 1303 1304 1325 1299
1 4 1303 1299 1325 1324
1 4 173 1528 1303 1504
1 4 1528 179 1304 1507
1 4 1303 1304 133 1302
1 4 1504 1507 1302 169
1 4 1303 1528 1507 1504
1 4 1303 1504 1507 1302
1 4 1303 1302 1507 1304
1 4 1303 1304 1507 1528
1 4 173 1504 1303 1298
1 4 1504 169 1302 1296
1 4 1303 1302 133 1293
1 4 1298 1296 1293 132
1 4 1303 1504 1296 1298
1 4 1303 1298 1296 1293
1 4 1303 1293 1296 1302
1 4 1303 1302 1296 1504
1 4 173 1298 1303 1324
1 4 1298 132 1293 1295
1 4 1303 1293 133 1299
1 4 1324 1295 1299 137
1 4 1303 1298 1295 1324
1 4 1303 1324 1295 1299
1 4 1303 1299 1295 1293
1 4 1303 1293 1295 1298
1 4 52 776 782 778
1 4 776 137 1328 1324
1 4 782 1328 319 1530
1 4 778 1324 1530 173
1 4 778 776 782 1328
1 4 778 782 1530 1328
1 4 778 1530 1324 1328
1 4 778 1324 776 1328
1 4 137 443 1317 1295
1 4 443 9 442 438
1 4 1317 442 136 1294
1 4 1295 438 1294 132
1 4 1295 443 1317 442
1 4 1295 1317 1294 442
1 4 1295 1294 438 442
1 4 1295 438 443 442
1 4 319 1322 773 1524
1 4 1322 136 767 1318
1 4 773 767 51 769
1 4 1524 1318 769 172
1 4 1524 1322 773 767
1 4 1524 773 769 767
1 4 1524 769 1318 767
1 4 1524 1318 1322 767
1 4 173 1298 1521 495
1 4 1298 132 1297 489
1 4 1521 1297 172 494
1 4 495 489 494 15
1 4 495 1298 1521 1297
1 4 495 1521 494 1297
1 4 495 494 489 1297
1 4 495 489 1298 1297
1 4 173 1324 1530 1319
1 4 1324 137 1328 1317
1 4 1530 1328 319 1322
1 4 1319 1317 1322 136
1 4 1319 1324 1530 1328
1 4 1319 1530 1322 1328
1 4 1319 1322 1317 1328
1 4 1319 1317 1324 1328
1 4 173 1530 1521 1319
1 4 1530 319 1524 1322
1 4 1521 1524 172 1318
1 4 1319 1322 1318 136
1 4 1319 1530 1521 1524
1 4 1319 1521 1318 1524
1 4 1319 1318 1322 1524
1 4 1319 1322 1530 1524
1 4 173 1521 1298 1319
1 4 1521 172 1297 1318
1 4 1298 1297 132 1294
1 4 1319 1318 1294 136
1 4 1319 1521 1298 1297
1 4 1319 1298 1294 1297
1 4 1319 1294 1318 1297
1 4 1319 1318 1521 1297
1 4 173 1298 1324 1319
1 4 1298 132 1295 1294
1 4 1324 1295 137 1317
1 4 1319 1294 1317 136
1 4 1319 1298 1324 1295
1 4 1319 1324 1317 1295
1 4 1319 1317 1294 1295
1 4 1319 1294 1298 1295
1 4 52 776 780 782
1 4 776 137 1326 1328
1 4 780 1326 305 2108
1 4 782 1328 2108 319
1 4 780 776 1328 782
1 4 780 782 1328 2108
1 4 780 2108 1328 1326
1 4 780 1326 1328 776
1 4 137 443 1307 1317
1 4 443 9 440 442
1 4 1307 440 134 1306
1 4 1317 442 1306 136
1 4 1307 443 442 1317
1 4 1307 1317 442 1306
1 4 1307 1306 442 440
1 4 1307 440 442 443
1 4 305 1310 721 2105
1 4 1310 134 715 1309
1 4 721 715 45 720
1 4 2105 1309 720 304
1 4 721 1310 1309 2105
1 4 721 2105 1309 720
1 4 721 720 1309 715
1 4 721 715 1309 1310
1 4 319 1322 2106 773
1 4 1322 136 1320 767
1 4 2106 1320 304 771
1 4 773 767 771 51
1 4 2106 1322 767 773
1 4 2106 773 767 771
1 4 2106 771 767 1320
1 4 2106 1320 767 1322
1 4 305 1326 1321 2108
1 4 1326 137 1317 1328
1 4 1321 1317 136 1322
1 4 2108 1328 1322 319
1 4 1321 1326 1328 2108
1 4 1321 2108 1328 1322
1 4 1321 1322 1328 1317
1 4 1321 1317 1328 1326
1 4 305 2108 1321 2105
1 4 2108 319 1322 2106
1 4 1321 1322 136 1320
1 4 2105 2106 1320 304
1 4 1321 2108 2106 2105
1 4 1321 2105 2106 1320
1 4 1321 1320 2106 1322
1 4 1321 1322 2106 2108
1 4 305 2105 1321 1310
1 4 2105 304 1320 1309
1 4 1321 1320 136 1306
1 4 1310 1309 1306 134
1 4 1321 2105 1309 1310
1 4 1321 1310 1309 1306
1 4 1321 1306 1309 1320
1 4 1321 1320 1309 2105
1 4 305 1310 1321 1326
1 4 1310 134 1306 1307
1 4 1321 1306 136 1317
1 4 1326 1307 1317 137
1 4 1321 1310 1307 1326
1 4 1321 1326 1307 1317
1 4 1321 1317 1307 1306
1 4 1321 1306 1307 1310
1 4 53 786 789 787
1 4 786 144 1367 1365
1 4 789 1367 184 1375
1 4 787 1365 1375 147
1 4 787 786 789 1367
1 4 787 789 1375 1367
1 4 787 1375 1365 1367
1 4 787 1365 786 1367
1 4 144 453 1341 1331
1 4 453 10 449 447
1 4 1341 449 140 1329
1 4 1331 447 1329 138
1 4 1331 453 1341 449
1 4 1331 1341 1329 449
1 4 1331 1329 447 449
1 4 1331 447 453 449
1 4 184 1346 512 1372
1 4 1346 140 508 1342
1 4 512 508 17 509
1 4 1372 1342 509 145
1 4 1372 1346 512 508
1 4 1372 512 509 508
1 4 1372 509 1342 508
1 4 1372 1342 1346 508
1 4 147 1334 1371 459
1 4 1334 138 1332 456
1 4 1371 1332 145 457
1 4 459 456 457 11
1 4 459 1334 1371 1332
1 4 459 1371 457 1332
1 4 459 457 456 1332
1 4 459 456 1334 1332
1 4 147 1365 1375 1343
1 4 1365 144 1367 1341
1 4 1375 1367 184 1346
1 4 1343 1341 1346 140
1 4 1343 1365 1375 1367
1 4 1343 1375 1346 1367
1 4 1343 1346 1341 1367
1 4 1343 1341 1365 1367
1 4 147 1375 1371 1343
1 4 1375 184 1372 1346
1 4 1371 1372 145 1342
1 4 1343 1346 1342 140
1 4 1343 1375 1371 1372
1 4 1343 1371 1342 1372
1 4 1343 1342 1346 1372
1 4 1343 1346 1375 1372
1 4 147 1371 1334 1343
1 4 1371 145 1332 1342
1 4 1334 1332 138 1329
1 4 1343 1342 1329 140
1 4 1343 1371 1334 1332
1 4 1343 1334 1329 1332
1 4 1343 1329 1342 1332
1 4 1343 1342 1371 1332
1 4 147 1334 1365 1343
1 4 1334 138 1331 1329
1 4 1365 1331 144 1341
1 4 1343 1329 1341 140
1 4 1343 1334 1365 1331
1 4 1343 1365 1341 1331
1 4 1343 1341 1329 1331
1 4 1343 1329 1334 1331
1 4 53 786 787 791
1 4 786 144 1365 1369
1 4 787 1365 147 1376
1 4 791 1369 1376 309
1 4 787 786 1369 791
1 4 787 791 1369 1376
1 4 787 1376 1369 1365
1 4 787 1365 1369 786
1 4 144 453 1331 1353
1 4 453 10 447 451
1 4 1331 447 138 1330
1 4 1353 451 1330 142
1 4 1331 453 451 1353
1 4 1331 1353 451 1330
1 4 1331 1330 451 447
1 4 1331 447 451 453
1 4 147 1334 459 1373
1 4 1334 138 456 1333
1 4 459 456 11 458
1 4 1373 1333 458 146
1 4 459 1334 1333 1373
1 4 459 1373 1333 458
1 4 459 458 1333 456
1 4 459 456 1333 1334
1 4 309 1358 1374 739
1 4 1358 142 1354 734
1 4 1374 1354 146 735
1 4 739 734 735 47
1 4 1374 1358 734 739
1 4 1374 739 734 735
1 4 1374 735 734 1354
1 4 1374 1354 734 1358
1 4 147 1365 1355 1376
1 4 1365 144 1353 1369
1 4 1355 1353 142 1358
1 4 1376 1369 1358 309
1 4 1355 1365 1369 1376
1 4 1355 1376 1369 1358
1 4 1355 1358 1369 1353
1 4 1355 1353 1369 1365
1 4 147 1376 1355 1373
1 4 1376 309 1358 1374
1 4 1355 1358 142 1354
1 4 1373 1374 1354 146
1 4 1355 1376 1374 1373
1 4 1355 1373 1374 1354
1 4 1355 1354 1374 1358
1 4 1355 1358 1374 1376
1 4 147 1373 1355 1334
1 4 1373 146 1354 1333
1 4 1355 1354 142 1330
1 4 1334 1333 1330 138
1 4 1355 1373 1333 1334
1 4 1355 1334 1333 1330
1 4 1355 1330 1333 1354
1 4 1355 1354 1333 1373
1 4 147 1334 1355 1365
1 4 1334 138 1330 1331
1 4 1355 1330 142 1353
1 4 1365 1331 1353 144
1 4 1355 1334 1331 1365
1 4 1355 1365 1331 1353
1 4 1355 1353 1331 1330
1 4 1355 1330 1331 1334
1 4 53 786 791 790
1 4 786 144 1369 1368
1 4 791 1369 309 2113
1 4 790 1368 2113 308
1 4 790 786 791 1369
1 4 790 791 2113 1369
1 4 790 2113 1368 1369
1 4 790 1368 786 1369
1 4 144 453 1353 1349
1 4 453 10 451 450
1 4 1353 451 142 1347
1 4 1349 450 1347 141
1 4 1349 453 1353 451
1 4 1349 1353 1347 451
1 4 1349 1347 450 451
1 4 1349 450 453 451
1 4 309 1358 739 2110
1 4 1358 142 734 1356
1 4 739 734 47 738
1 4 2110 1356 738 306
1 4 2110 1358 739 734
1 4 2110 739 738 734
1 4 2110 738 1356 734
1 4 2110 1356 1358 734
1 4 308 1352 2109 731
1 4 1352 141 1350 725
1 4 2109 1350 306 729
1 4 731 725 729 46
1 4 731 1352 2109 1350
1 4 731 2109 729 1350
1 4 731 729 725 1350
1 4 731 725 1352 1350
1 4 308 1368 2113 1357
1 4 1368 144 1369 1353
1 4 2113 1369 309 1358
1 4 1357 1353 1358 142
1 4 1357 1368 2113 1369
1 4 1357 2113 1358 1369
1 4 1357 1358 1353 1369
1 4 1357 1353 1368 1369
1 4 308 2113 2109 1357
1 4 2113 309 2110 1358
1 4 2109 2110 306 1356
1 4 1357 1358 1356 142
1 4 1357 2113 2109 2110
1 4 1357 2109 1356 2110
1 4 1357 1356 1358 2110
1 4 1357 1358 2113 2110
1 4 308 2109 1352 1357
1 4 2109 306 1350 1356
1 4 1352 1350 141 1347
1 4 1357 1356 1347 142
1 4 1357 2109 1352 1350
1 4 1357 1352 1347 1350
1 4 1357 1347 1356 1350
1 4 1357 1356 2109 1350
1 4 308 1352 1368 1357
1 4 1352 141 1349 1347
1 4 1368 1349 144 1353
1 4 1357 1347 1353 142
1 4 1357 1352 1368 1349
1 4 1357 1368 1353 1349
1 4 1357 1353 1347 1349
1 4 1357 1347 1352 1349
1 4 53 786 788 789
1 4 786 144 1366 1367
1 4 788 1366 180 1570
1 4 789 1367 1570 184
1 4 788 786 1367 789
1 4 788 789 1367 1570
1 4 788 1570 1367 1366
1 4 788 1366 1367 786
1 4 144 453 1337 1341
1 4 453 10 448 449
1 4 1337 448 139 1335
1 4 1341 449 1335 140
1 4 1337 453 449 1341
1 4 1337 1341 449 1335
1 4 1337 1335 449 448
1 4 1337 448 449 453
1 4 180 1340 505 1546
1 4 1340 139 499 1338
1 4 505 499 16 501
1 4 1546 1338 501 176
1 4 505 1340 1338 1546
1 4 505 1546 1338 501
1 4 505 501 1338 499
1 4 505 499 1338 1340
1 4 184 1346 1549 512
1 4 1346 140 1344 508
1 4 1549 1344 176 510
1 4 512 508 510 17
1 4 1549 1346 508 512
1 4 1549 512 508 510
1 4 1549 510 508 1344
1 4 1549 1344 508 1346
1 4 180 1366 1345 1570
1 4 1366 144 1341 1367
1 4 1345 1341 140 1346
1 4 1570 1367 1346 184
1 4 1345 1366 1367 1570
1 4 1345 1570 1367 1346
1 4 1345 1346 1367 1341
1 4 1345 1341 1367 1366
1 4 180 1570 1345 1546
1 4 1570 184 1346 1549
1 4 1345 1346 140 1344
1 4 1546 1549 1344 176
1 4 1345 1570 1549 1546
1 4 1345 1546 1549 1344
1 4 1345 1344 1549 1346
1 4 1345 1346 1549 1570
1 4 180 1546 1345 1340
1 4 1546 176 1344 1338
1 4 1345 1344 140 1335
1 4 1340 1338 1335 139
1 4 1345 1546 1338 1340
1 4 1345 1340 1338 1335
1 4 1345 1335 1338 1344
1 4 1345 1344 1338 1546
1 4 180 1340 1345 1366
1 4 1340 139 1335 1337
1 4 1345 1335 140 1341
1 4 1366 1337 1341 144
1 4 1345 1340 1337 1366
1 4 1345 1366 1337 1341
1 4 1345 1341 1337 1335
1 4 1345 1335 1337 1340
1 4 53 786 792 788
1 4 786 144 1370 1366
1 4 792 1370 322 1572
1 4 788 1366 1572 180
1 4 788 786 792 1370
1 4 788 792 1572 1370
1 4 788 1572 1366 1370
1 4 788 1366 786 1370
1 4 144 453 1359 1337
1 4 453 10 452 448
1 4 1359 452 143 1336
1 4 1337 448 1336 139
1 4 1337 453 1359 452
1 4 1337 1359 1336 452
1 4 1337 1336 448 452
1 4 1337 448 453 452
1 4 322 1364 783 1566
1 4 1364 143 777 1360
1 4 783 777 52 779
1 4 1566 1360 779 179
1 4 1566 1364 783 777
1 4 1566 783 779 777
1 4 1566 779 1360 777
1 4 1566 1360 1364 777
1 4 180 1340 1563 505
1 4 1340 139 1339 499
1 4 1563 1339 179 504
1 4 505 499 504 16
1 4 505 1340 1563 1339
1 4 505 1563 504 1339
1 4 505 504 499 1339
1 4 505 499 1340 1339
1 4 180 1366 1572 1361
1 4 1366 144 1370 1359
1 4 1572 1370 322 1364
1 4 1361 1359 1364 143
1 4 1361 1366 1572 1370
1 4 1361 1572 1364 1370
1 4 1361 1364 1359 1370
1 4 1361 1359 1366 1370
1 4 180 1572 1563 1361
1 4 1572 322 1566 1364
1 4 1563 1566 179 1360
1 4 1361 1364 1360 143
1 4 1361 1572 1563 1566
1 4 1361 1563 1360 1566
1 4 1361 1360 1364 1566
1 4 1361 1364 1572 1566
1 4 180 1563 1340 1361
1 4 1563 179 1339 1360
1 4 1340 1339 139 1336
1 4 1361 1360 1336 143
1 4 1361 1563 1340 1339
1 4 1361 1340 1336 1339
1 4 1361 1336 1360 1339
1 4 1361 1360 1563 1339
1 4 180 1340 1366 1361
1 4 1340 139 1337 1336
1 4 1366 1337 144 1359
1 4 1361 1336 1359 143
1 4 1361 1340 1366 1337
1 4 1361 1366 1359 1337
1 4 1361 1359 1336 1337
1 4 1361 1336 1340 1337
1 4 53 786 790 792
1 4 786 144 1368 1370
1 4 790 1368 308 2114
1 4 792 1370 2114 322
1 4 790 786 1370 792
1 4 790 792 1370 2114
1 4 790 2114 1370 1368
1 4 790 1368 1370 786
1 4 144 453 1349 1359
1 4 453 10 450 452
1 4 1349 450 141 1348
1 4 1359 452 1348 143
1 4 1349 453 452 1359
1 4 1349 1359 452 1348
1 4 1349 1348 452 450
1 4 1349 450 452 453
1 4 308 1352 731 2111
1 4 1352 141 725 1351
1 4 731 725 46 730
1 4 2111 1351 730 307
1 4 731 1352 1351 2111
1 4 731 2111 1351 730
1 4 731 730 1351 725
1 4 731 725 1351 1352
1 4 322 1364 2112 783
1 4 1364 143 1362 777
1 4 2112 1362 307 781
1 4 783 777 781 52
1 4 2112 1364 777 783
1 4 2112 783 777 781
1 4 2112 781 777 1362
1 4 2112 1362 777 1364
1 4 308 1368 1363 2114
1 4 1368 144 1359 1370
1 4 1363 1359 143 1364
1 4 2114 1370 1364 322
1 4 1363 1368 1370 2114
1 4 1363 2114 1370 1364
1 4 1363 1364 1370 1359
1 4 1363 1359 1370 1368
1 4 308 2114 1363 2111
1 4 2114 322 1364 2112
1 4 1363 1364 143 1362
1 4 2111 2112 1362 307
1 4 1363 2114 2112 2111
1 4 1363 2111 2112 1362
1 4 1363 1362 2112 1364
1 4 1363 1364 2112 2114
1 4 308 2111 1363 1352
1 4 2111 307 1362 1351
1 4 1363 1362 143 1348
1 4 1352 1351 1348 141
1 4 1363 2111 1351 1352
1 4 1363 1352 1351 1348
1 4 1363 1348 1351 1362
1 4 1363 1362 1351 2111
1 4 308 1352 1363 1368
1 4 1352 141 1348 1349
1 4 1363 1348 143 1359
1 4 1368 1349 1359 144
1 4 1363 1352 1349 1368
1 4 1363 1368 1349 1359
1 4 1363 1359 1349 1348
1 4 1363 1348 1349 1352
1 4 55 800 803 801
1 4 800 154 1415 1413
1 4 803 1415 196 1450
1 4 801 1413 1450 160
1 4 801 800 803 1415
1 4 801 803 1450 1415
1 4 801 1450 1413 1415
1 4 801 1413 800 1415
1 4 154 467 1389 1379
1 4 467 12 463 461
1 4 1389 463 150 1377
1 4 1379 461 1377 148
1 4 1379 467 1389 463
1 4 1379 1389 1377 463
1 4 1379 1377 461 463
1 4 1379 461 467 463
1 4 196 1394 528 1429
1 4 1394 150 522 1390
1 4 528 522 19 523
1 4 1429 1390 523 156
1 4 1429 1394 528 522
1 4 1429 528 523 522
1 4 1429 523 1390 522
1 4 1429 1390 1394 522
1 4 160 1382 1426 476
1 4 1382 148 1380 470
1 4 1426 1380 156 472
1 4 476 470 472 13
1 4 476 1382 1426 1380
1 4 476 1426 472 1380
1 4 476 472 470 1380
1 4 476 470 1382 1380
1 4 160 1413 1450 1391
1 4 1413 154 1415 1389
1 4 1450 1415 196 1394
1 4 1391 1389 1394 150
1 4 1391 1413 1450 1415
1 4 1391 1450 1394 1415
1 4 1391 1394 1389 1415
1 4 1391 1389 1413 1415
1 4 160 1450 1426 1391
1 4 1450 196 1429 1394
1 4 1426 1429 156 1390
1 4 1391 1394 1390 150
1 4 1391 1450 1426 1429
1 4 1391 1426 1390 1429
1 4 1391 1390 1394 1429
1 4 1391 1394 1450 1429
1 4 160 1426 1382 1391
1 4 1426 156 1380 1390
1 4 1382 1380 148 1377
1 4 1391 1390 1377 150
1 4 1391 1426 1382 1380
1 4 1391 1382 1377 1380
1 4 1391 1377 1390 1380
1 4 1391 1390 1426 1380
1 4 160 1382 1413 1391
1 4 1382 148 1379 1377
1 4 1413 1379 154 1389
1 4 1391 1377 1389 150
1 4 1391 1382 1413 1379
1 4 1391 1413 1389 1379
1 4 1391 1389 1377 1379
1 4 1391 1377 1382 1379
1 4 55 800 801 805
1 4 800 154 1413 1417
1 4 801 1413 160 1452
1 4 805 1417 1452 314
1 4 801 800 1417 805
1 4 801 805 1417 1452
1 4 801 1452 1417 1413
1 4 801 1413 1417 800
1 4 154 467 1379 1401
1 4 467 12 461 465
1 4 1379 461 148 1378
1 4 1401 465 1378 152
1 4 1379 467 465 1401
1 4 1379 1401 465 1378
1 4 1379 1378 465 461
1 4 1379 461 465 467
1 4 160 1382 476 1438
1 4 1382 148 470 1381
1 4 476 470 13 474
1 4 1438 1381 474 158
1 4 476 1382 1381 1438
1 4 476 1438 1381 474
1 4 476 474 1381 470
1 4 476 470 1381 1382
1 4 314 1406 1441 754
1 4 1406 152 1402 748
1 4 1441 1402 158 749
1 4 754 748 749 49
1 4 1441 1406 748 754
1 4 1441 754 748 749
1 4 1441 749 748 1402
1 4 1441 1402 748 1406
1 4 160 1413 1403 1452
1 4 1413 154 1401 1417
1 4 1403 1401 152 1406
1 4 1452 1417 1406 314
1 4 1403 1413 1417 1452
1 4 1403 1452 1417 1406
1 4 1403 1406 1417 1401
1 4 1403 1401 1417 1413
1 4 160 1452 1403 1438
1 4 1452 314 1406 1441
1 4 1403 1406 152 1402
1 4 1438 1441 1402 158
1 4 1403 1452 1441 1438
1 4 1403 1438 1441 1402
1 4 1403 1402 1441 1406
1 4 1403 1406 1441 1452
1 4 160 1438 1403 1382
1 4 1438 158 1402 1381
1 4 1403 1402 152 1378
1 4 1382 1381 1378 148
1 4 1403 1438 1381 1382
1 4 1403 1382 1381 1378
1 4 1403 1378 1381 1402
1 4 1403 1402 1381 1438
1 4 160 1382 1403 1413
1 4 1382 148 1378 1379
1 4 1403 1378 152 1401
1 4 1413 1379 1401 154
1 4 1403 1382 1379 1413
1 4 1403 1413 1379 1401
1 4 1403 1401 1379 1378
1 4 1403 1378 1379 1382
1 4 55 800 805 804
1 4 800 154 1417 1416
1 4 805 1417 314 2119
1 4 804 1416 2119 312
1 4 804 800 805 1417
1 4 804 805 2119 1417
1 4 804 2119 1416 1417
1 4 804 1416 800 1417
1 4 154 467 1401 1397
1 4 467 12 465 464
1 4 1401 465 152 1395
1 4 1397 464 1395 151
1 4 1397 467 1401 465
1 4 1397 1401 1395 465
1 4 1397 1395 464 465
1 4 1397 464 467 465
1 4 314 1406 754 2116
1 4 1406 152 748 1404
1 4 754 748 49 752
1 4 2116 1404 752 310
1 4 2116 1406 754 748
1 4 2116 754 752 748
1 4 2116 752 1404 748
1 4 2116 1404 1406 748
1 4 312 1400 2115 745
1 4 1400 151 1398 741
1 4 2115 1398 310 743
1 4 745 741 743 48
1 4 745 1400 2115 1398
1 4 745 2115 743 1398
1 4 745 743 741 1398
1 4 745 741 1400 1398
1 4 312 1416 2119 1405
1 4 1416 154 1417 1401
1 4 2119 1417 314 1406
1 4 1405 1401 1406 152
1 4 1405 1416 2119 1417
1 4 1405 2119 1406 1417
1 4 1405 1406 1401 1417
1 4 1405 1401 1416 1417
1 4 312 2119 2115 1405
1 4 2119 314 2116 1406
1 4 2115 2116 310 1404
1 4 1405 1406 1404 152
1 4 1405 2119 2115 2116
1 4 1405 2115 1404 2116
1 4 1405 1404 1406 2116
1 4 1405 1406 2119 2116
1 4 312 2115 1400 1405
1 4 2115 310 1398 1404
1 4 1400 1398 151 1395
1 4 1405 1404 1395 152
1 4 1405 2115 1400 1398
1 4 1405 1400 1395 1398
1 4 1405 1395 1404 1398
1 4 1405 1404 2115 1398
1 4 312 1400 1416 1405
1 4 1400 151 1397 1395
1 4 1416 1397 154 1401
1 4 1405 1395 1401 152
1 4 1405 1400 1416 1397
1 4 1405 1416 1401 1397
1 4 1405 1401 1395 1397
1 4 1405 1395 1400 1397
1 4 55 800 802 803
1 4 800 154 1414 1415
1 4 802 1414 190 1618
1 4 803 1415 1618 196
1 4 802 800 1415 803
1 4 802 803 1415 1618
1 4 802 1618 1415 1414
1 4 802 1414 1415 800
1 4 154 467 1385 1389
1 4 467 12 462 463
1 4 1385 462 149 1383
1 4 1389 463 1383 150
1 4 1385 467 463 1389
1 4 1385 1389 463 1383
1 4 1385 1383 463 462
1 4 1385 462 463 467
1 4 190 1388 519 1594
1 4 1388 149 514 1386
1 4 519 514 18 515
1 4 1594 1386 515 186
1 4 519 1388 1386 1594
1 4 519 1594 1386 515
1 4 519 515 1386 514
1 4 519 514 1386 1388
1 4 196 1394 1597 528
1 4 1394 150 1392 522
1 4 1597 1392 186 524
1 4 528 522 524 19
1 4 1597 1394 522 528
1 4 1597 528 522 524
1 4 1597 524 522 1392
1 4 1597 1392 522 1394
1 4 190 1414 1393 1618
1 4 1414 154 1389 1415
1 4 1393 1389 150 1394
1 4 1618 1415 1394 196
1 4 1393 1414 1415 1618
1 4 1393 1618 1415 1394
1 4 1393 1394 1415 1389
1 4 1393 1389 1415 1414
1 4 190 1618 1393 1594
1 4 1618 196 1394 1597
1 4 1393 1394 150 1392
1 4 1594 1597 1392 186
1 4 1393 1618 1597 1594
1 4 1393 1594 1597 1392
1 4 1393 1392 1597 1394
1 4 1393 1394 1597 1618
1 4 190 1594 1393 1388
1 4 1594 186 1392 1386
1 4 1393 1392 150 1383
1 4 1388 1386 1383 149
1 4 1393 1594 1386 1388
1 4 1393 1388 1386 1383
1 4 1393 1383 1386 1392
1 4 1393 1392 1386 1594
1 4 190 1388 1393 1414
1 4 1388 149 1383 1385
1 4 1393 1383 150 1389
1 4 1414 1385 1389 154
1 4 1393 1388 1385 1414
1 4 1393 1414 1385 1389
1 4 1393 1389 1385 1383
1 4 1393 1383 1385 1388
1 4 55 800 806 802
1 4 800 154 1418 1414
1 4 806 1418 326 1620
1 4 802 1414 1620 190
1 4 802 800 806 1418
1 4 802 806 1620 1418
1 4 802 1620 1414 1418
1 4 802 1414 800 1418
1 4 154 467 1407 1385
1 4 467 12 466 462
1 4 1407 466 153 1384
1 4 1385 462 1384 149
1 4 1385 467 1407 466
1 4 1385 1407 1384 466
1 4 1385 1384 462 466
1 4 1385 462 467 466
1 4 326 1412 797 1614
1 4 1412 153 794 1408
1 4 797 794 54 795
1 4 1614 1408 795 189
1 4 1614 1412 797 794
1 4 1614 797 795 794
1 4 1614 795 1408 794
1 4 1614 1408 1412 794
1 4 190 1388 1611 519
1 4 1388 149 1387 514
1 4 1611 1387 189 518
1 4 519 514 518 18
1 4 519 1388 1611 1387
1 4 519 1611 518 1387
1 4 519 518 514 1387
1 4 519 514 1388 1387
1 4 190 1414 1620 1409
1 4 1414 154 1418 1407
1 4 1620 1418 326 1412
1 4 1409 1407 1412 153
1 4 1409 1414 1620 1418
1 4 1409 1620 1412 1418
1 4 1409 1412 1407 1418
1 4 1409 1407 1414 1418
1 4 190 1620 1611 1409
1 4 1620 326 1614 1412
1 4 1611 1614 189 1408
1 4 1409 1412 1408 153
1 4 1409 1620 1611 1614
1 4 1409 1611 1408 1614
1 4 1409 1408 1412 1614
1 4 1409 1412 1620 1614
1 4 190 1611 1388 1409
1 4 1611 189 1387 1408
1 4 1388 1387 149 1384
1 4 1409 1408 1384 153
1 4 1409 1611 1388 1387
1 4 1409 1388 1384 1387
1 4 1409 1384 1408 1387
1 4 1409 1408 1611 1387
1 4 190 1388 1414 1409
1 4 1388 149 1385 1384
1 4 1414 1385 154 1407
1 4 1409 1384 1407 153
1 4 1409 1388 1414 1385
1 4 1409 1414 1407 1385
1 4 1409 1407 1384 1385
1 4 1409 1384 1388 1385
1 4 55 800 804 806
1 4 800 154 1416 1418
1 4 804 1416 312 2120
1 4 806 1418 2120 326
1 4 804 800 1418 806
1 4 804 806 1418 2120
1 4 804 2120 1418 1416
1 4 804 1416 1418 800
1 4 154 467 1397 1407
1 4 467 12 464 466
1 4 1397 464 151 1396
1 4 1407 466 1396 153
1 4 1397 467 466 1407
1 4 1397 1407 466 1396
1 4 1397 1396 466 464
1 4 1397 464 466 467
1 4 312 1400 745 2117
1 4 1400 151 741 1399
1 4 745 741 48 744
1 4 2117 1399 744 311
1 4 745 1400 1399 2117
1 4 745 2117 1399 744
1 4 745 744 1399 741
1 4 745 741 1399 1400
1 4 326 1412 2118 797
1 4 1412 153 1410 794
1 4 2118 1410 311 796
1 4 797 794 796 54
1 4 2118 1412 794 797
1 4 2118 797 794 796
1 4 2118 796 794 1410
1 4 2118 1410 794 1412
1 4 312 1416 1411 2120
1 4 1416 154 1407 1418
1 4 1411 1407 153 1412
1 4 2120 1418 1412 326
1 4 1411 1416 1418 2120
1 4 1411 2120 1418 1412
1 4 1411 1412 1418 1407
1 4 1411 1407 1418 1416
1 4 312 2120 1411 2117
1 4 2120 326 1412 2118
1 4 1411 1412 153 1410
1 4 2117 2118 1410 311
1 4 1411 2120 2118 2117
1 4 1411 2117 2118 1410
1 4 1411 1410 2118 1412
1 4 1411 1412 2118 2120
1 4 312 2117 1411 1400
1 4 2117 311 1410 1399
1 4 1411 1410 153 1396
1 4 1400 1399 1396 151
1 4 1411 2117 1399 1400
1 4 1411 1400 1399 1396
1 4 1411 1396 1399 1410
1 4 1411 1410 1399 2117
1 4 312 1400 1411 1416
1 4 1400 151 1396 1397
1 4 1411 1396 153 1407
1 4 1416 1397 1407 154
1 4 1411 1400 1397 1416
1 4 1411 1416 1397 1407
1 4 1411 1407 1397 1396
1 4 1411 1396 1397 1400
1 4 56 810 813 811
1 4 810 161 1457 1455
1 4 813 1457 203 1492
1 4 811 1455 1492 167
1 4 811 810 813 1457
1 4 811 813 1492 1457
1 4 811 1492 1455 1457
1 4 811 1455 810 1457
1 4 161 477 1431 1421
1 4 477 13 473 471
1 4 1431 473 157 1419
1 4 1421 471 1419 155
1 4 1421 477 1431 473
1 4 1421 1431 1419 473
1 4 1421 1419 471 473
1 4 1421 471 477 473
1 4 203 1436 538 1471
1 4 1436 157 532 1432
1 4 538 532 20 533
1 4 1471 1432 533 163
1 4 1471 1436 538 532
1 4 1471 538 533 532
1 4 1471 533 1432 532
1 4 1471 1432 1436 532
1 4 167 1424 1468 486
1 4 1424 155 1422 480
1 4 1468 1422 163 482
1 4 486 480 482 14
1 4 486 1424 1468 1422
1 4 486 1468 482 1422
1 4 486 482 480 1422
1 4 486 480 1424 1422
1 4 167 1455 1492 1433
1 4 1455 161 1457 1431
1 4 1492 1457 203 1436
1 4 1433 1431 1436 157
1 4 1433 1455 1492 1457
1 4 1433 1492 1436 1457
1 4 1433 1436 1431 1457
1 4 1433 1431 1455 1457
1 4 167 1492 1468 1433
1 4 1492 203 1471 1436
1 4 1468 1471 163 1432
1 4 1433 1436 1432 157
1 4 1433 1492 1468 1471
1 4 1433 1468 1432 1471
1 4 1433 1432 1436 1471
1 4 1433 1436 1492 1471
1 4 167 1468 1424 1433
1 4 1468 163 1422 1432
1 4 1424 1422 155 1419
1 4 1433 1432 1419 157
1 4 1433 1468 1424 1422
1 4 1433 1424 1419 1422
1 4 1433 1419 1432 1422
1 4 1433 1432 1468 1422
1 4 167 1424 1455 1433
1 4 1424 155 1421 1419
1 4 1455 1421 161 1431
1 4 1433 1419 1431 157
1 4 1433 1424 1455 1421
1 4 1433 1455 1431 1421
1 4 1433 1431 1419 1421
1 4 1433 1419 1424 1421
1 4 56 810 811 815
1 4 810 161 1455 1459
1 4 811 1455 167 1494
1 4 815 1459 1494 317
1 4 811 810 1459 815
1 4 811 815 1459 1494
1 4 811 1494 1459 1455
1 4 811 1455 1459 810
1 4 161 477 1421 1443
1 4 477 13 471 475
1 4 1421 471 155 1420
1 4 1443 475 1420 159
1 4 1421 477 475 1443
1 4 1421 1443 475 1420
1 4 1421 1420 475 471
1 4 1421 471 475 477
1 4 167 1424 486 1480
1 4 1424 155 480 1423
1 4 486 480 14 484
1 4 1480 1423 484 165
1 4 486 1424 1423 1480
1 4 486 1480 1423 484
1 4 486 484 1423 480
1 4 486 480 1423 1424
1 4 317 1448 1483 764
1 4 1448 159 1444 758
1 4 1483 1444 165 759
1 4 764 758 759 50
1 4 1483 1448 758 764
1 4 1483 764 758 759
1 4 1483 759 758 1444
1 4 1483 1444 758 1448
1 4 167 1455 1445 1494
1 4 1455 161 1443 1459
1 4 1445 1443 159 1448
1 4 1494 1459 1448 317
1 4 1445 1455 1459 1494
1 4 1445 1494 1459 1448
1 4 1445 1448 1459 1443
1 4 1445 1443 1459 1455
1 4 167 1494 1445 1480
1 4 1494 317 1448 1483
1 4 1445 1448 159 1444
1 4 1480 1483 1444 165
1 4 1445 1494 1483 1480
1 4 1445 1480 1483 1444
1 4 1445 1444 1483 1448
1 4 1445 1448 1483 1494
1 4 167 1480 1445 1424
1 4 1480 165 1444 1423
1 4 1445 1444 159 1420
1 4 1424 1423 1420 155
1 4 1445 1480 1423 1424
1 4 1445 1424 1423 1420
1 4 1445 1420 1423 1444
1 4 1445 1444 1423 1480
1 4 167 1424 1445 1455
1 4 1424 155 1420 1421
1 4 1445 1420 159 1443
1 4 1455 1421 1443 161
1 4 1445 1424 1421 1455
1 4 1445 1455 1421 1443
1 4 1445 1443 1421 1420
1 4 1445 1420 1421 1424
1 4 56 810 815 814
1 4 810 161 1459 1458
1 4 815 1459 317 2125
1 4 814 1458 2125 315
1 4 814 810 815 1459
1 4 814 815 2125 1459
1 4 814 2125 1458 1459
1 4 814 1458 810 1459
1 4 161 477 1443 1439
1 4 477 13 475 474
1 4 1443 475 159 1437
1 4 1439 474 1437 158
1 4 1439 477 1443 475
1 4 1439 1443 1437 475
1 4 1439 1437 474 475
1 4 1439 474 477 475
1 4 317 1448 764 2122
1 4 1448 159 758 1446
1 4 764 758 50 762
1 4 2122 1446 762 313
1 4 2122 1448 764 758
1 4 2122 764 762 758
1 4 2122 762 1446 758
1 4 2122 1446 1448 758
1 4 315 1442 2121 755
1 4 1442 158 1440 749
1 4 2121 1440 313 753
1 4 755 749 753 49
1 4 755 1442 2121 1440
1 4 755 2121 753 1440
1 4 755 753 749 1440
1 4 755 749 1442 1440
1 4 315 1458 2125 1447
1 4 1458 161 1459 1443
1 4 2125 1459 317 1448
1 4 1447 1443 1448 159
1 4 1447 1458 2125 1459
1 4 1447 2125 1448 1459
1 4 1447 1448 1443 1459
1 4 1447 1443 1458 1459
1 4 315 2125 2121 1447
1 4 2125 317 2122 1448
1 4 2121 2122 313 1446
1 4 1447 1448 1446 159
1 4 1447 2125 2121 2122
1 4 1447 2121 1446 2122
1 4 1447 1446 1448 2122
1 4 1447 1448 2125 2122
1 4 315 2121 1442 1447
1 4 2121 313 1440 1446
1 4 1442 1440 158 1437
1 4 1447 1446 1437 159
1 4 1447 2121 1442 1440
1 4 1447 1442 1437 1440
1 4 1447 1437 1446 1440
1 4 1447 1446 2121 1440
1 4 315 1442 1458 1447
1 4 1442 158 1439 1437
1 4 1458 1439 161 1443
1 4 1447 1437 1443 159
1 4 1447 1442 1458 1439
1 4 1447 1458 1443 1439
1 4 1447 1443 1437 1439
1 4 1447 1437 1442 1439
1 4 56 810 812 813
1 4 810 161 1456 1457
1 4 812 1456 197 1660
1 4 813 1457 1660 203
1 4 812 810 1457 813
1 4 812 813 1457 1660
1 4 812 1660 1457 1456
1 4 812 1456 1457 810
1 4 161 477 1427 1431
1 4 477 13 472 473
1 4 1427 472 156 1425
1 4 1431 473 1425 157
1 4 1427 477 473 1431
1 4 1427 1431 473 1425
1 4 1427 1425 473 472
1 4 1427 472 473 477
1 4 197 1430 529 1636
1 4 1430 156 523 1428
1 4 529 523 19 525
1 4 1636 1428 525 193
1 4 529 1430 1428 1636
1 4 529 1636 1428 525
1 4 529 525 1428 523
1 4 529 523 1428 1430
1 4 203 1436 1639 538
1 4 1436 157 1434 532
1 4 1639 1434 193 534
1 4 538 532 534 20
1 4 1639 1436 532 538
1 4 1639 538 532 534
1 4 1639 534 532 1434
1 4 1639 1434 532 1436
1 4 197 1456 1435 1660
1 4 1456 161 1431 1457
1 4 1435 1431 157 1436
1 4 1660 1457 1436 203
1 4 1435 1456 1457 1660
1 4 1435 1660 1457 1436
1 4 1435 1436 1457 1431
1 4 1435 1431 1457 1456
1 4 197 1660 1435 1636
1 4 1660 203 1436 1639
1 4 1435 1436 157 1434
1 4 1636 1639 1434 193
1 4 1435 1660 1639 1636
1 4 1435 1636 1639 1434
1 4 1435 1434 1639 1436
1 4 1435 1436 1639 1660
1 4 197 1636 1435 1430
1 4 1636 193 1434 1428
1 4 1435 1434 157 1425
1 4 1430 1428 1425 156
1 4 1435 1636 1428 1430
1 4 1435 1430 1428 1425
1 4 1435 1425 1428 1434
1 4 1435 1434 1428 1636
1 4 197 1430 1435 1456
1 4 1430 156 1425 1427
1 4 1435 1425 157 1431
1 4 1456 1427 1431 161
1 4 1435 1430 1427 1456
1 4 1435 1456 1427 1431
1 4 1435 1431 1427 1425
1 4 1435 1425 1427 1430
1 4 56 810 816 812
1 4 810 161 1460 1456
1 4 816 1460 329 1662
1 4 812 1456 1662 197
1 4 812 810 816 1460
1 4 812 816 1662 1460
1 4 812 1662 1456 1460
1 4 812 1456 810 1460
1 4 161 477 1449 1427
1 4 477 13 476 472
1 4 1449 476 160 1426
1 4 1427 472 1426 156
1 4 1427 477 1449 476
1 4 1427 1449 1426 476
1 4 1427 1426 472 476
1 4 1427 472 477 476
1 4 329 1454 807 1656
1 4 1454 160 801 1450
1 4 807 801 55 803
1 4 1656 1450 803 196
1 4 1656 1454 807 801
1 4 1656 807 803 801
1 4 1656 803 1450 801
1 4 1656 1450 1454 801
1 4 197 1430 1653 529
1 4 1430 156 1429 523
1 4 1653 1429 196 528
1 4 529 523 528 19
1 4 529 1430 1653 1429
1 4 529 1653 528 1429
1 4 529 528 523 1429
1 4 529 523 1430 1429
1 4 197 1456 1662 1451
1 4 1456 161 1460 1449
1 4 1662 1460 329 1454
1 4 1451 1449 1454 160
1 4 1451 1456 1662 1460
1 4 1451 1662 1454 1460
1 4 1451 1454 1449 1460
1 4 1451 1449 1456 1460
1 4 197 1662 1653 1451
1 4 1662 329 1656 1454
1 4 1653 1656 196 1450
1 4 1451 1454 1450 160
1 4 1451 1662 1653 1656
1 4 1451 1653 1450 1656
1 4 1451 1450 1454 1656
1 4 1451 1454 1662 1656
1 4 197 1653 1430 1451
1 4 1653 196 1429 1450
1 4 1430 1429 156 1426
1 4 1451 1450 1426 160
1 4 1451 1653 1430 1429
1 4 1451 1430 1426 1429
1 4 1451 1426 1450 1429
1 4 1451 1450 1653 1429
1 4 197 1430 1456 1451
1 4 1430 156 1427 1426
1 4 1456 1427 161 1449
1 4 1451 1426 1449 160
1 4 1451 1430 1456 1427
1 4 1451 1456 1449 1427
1 4 1451 1449 1426 1427
1 4 1451 1426 1430 1427
1 4 56 810 814 816
1 4 810 161 1458 1460
1 4 814 1458 315 2126
1 4 816 1460 2126 329
1 4 814 810 1460 816
1 4 814 816 1460 2126
1 4 814 2126 1460 1458
1 4 814 1458 1460 810
1 4 161 477 1439 1449
1 4 477 13 474 476
1 4 1439 474 158 1438
1 4 1449 476 1438 160
1 4 1439 477 476 1449
1 4 1439 1449 476 1438
1 4 1439 1438 476 474
1 4 1439 474 476 477
1 4 315 1442 755 2123
1 4 1442 158 749 1441
1 4 755 749 49 754
1 4 2123 1441 754 314
1 4 755 1442 1441 2123
1 4 755 2123 1441 754
1 4 755 754 1441 749
1 4 755 749 1441 1442
1 4 329 1454 2124 807
1 4 1454 160 1452 801
1 4 2124 1452 314 805
1 4 807 801 805 55
1 4 2124 1454 801 807
1 4 2124 807 801 805
1 4 2124 805 801 1452
1 4 2124 1452 801 1454
1 4 315 1458 1453 2126
1 4 1458 161 1449 1460
1 4 1453 1449 160 1454
1 4 2126 1460 1454 329
1 4 1453 1458 1460 2126
1 4 1453 2126 1460 1454
1 4 1453 1454 1460 1449
1 4 1453 1449 1460 1458
1 4 315 2126 1453 2123
1 4 2126 329 1454 2124
1 4 1453 1454 160 1452
1 4 2123 2124 1452 314
1 4 1453 2126 2124 2123
1 4 1453 2123 2124 1452
1 4 1453 1452 2124 1454
1 4 1453 1454 2124 2126
1 4 315 2123 1453 1442
1 4 2123 314 1452 1441
1 4 1453 1452 160 1438
1 4 1442 1441 1438 158
1 4 1453 2123 1441 1442
1 4 1453 1442 1441 1438
1 4 1453 1438 1441 1452
1 4 1453 1452 1441 2123
1 4 315 1442 1453 1458
1 4 1442 158 1438 1439
1 4 1453 1438 160 1449
1 4 1458 1439 1449 161
1 4 1453 1442 1439 1458
1 4 1453 1458 1439 1449
1 4 1453 1449 1439 1438
1 4 1453 1438 1439 1442
1 4 57 820 823 821
1 4 820 168 1499 1497
1 4 823 1499 210 1534
1 4 821 1497 1534 174
1 4 821 820 823 1499
1 4 821 823 1534 1499
1 4 821 1534 1497 1499
1 4 821 1497 820 1499
1 4 168 487 1473 1463
1 4 487 14 483 481
1 4 1473 483 164 1461
1 4 1463 481 1461 162
1 4 1463 487 1473 483
1 4 1463 1473 1461 483
1 4 1463 1461 481 483
1 4 1463 481 487 483
1 4 210 1478 548 1513
1 4 1478 164 542 1474
1 4 548 542 21 543
1 4 1513 1474 543 170
1 4 1513 1478 548 542
1 4 1513 548 543 542
1 4 1513 543 1474 542
1 4 1513 1474 1478 542
1 4 174 1466 1510 496
1 4 1466 162 1464 490
1 4 1510 1464 170 492
1 4 496 490 492 15
1 4 496 1466 1510 1464
1 4 496 1510 492 1464
1 4 496 492 490 1464
1 4 496 490 1466 1464
1 4 174 1497 1534 1475
1 4 1497 168 1499 1473
1 4 1534 1499 210 1478
1 4 1475 1473 1478 164
1 4 1475 1497 1534 1499
1 4 1475 1534 1478 1499
1 4 1475 1478 1473 1499
1 4 1475 1473 1497 1499
1 4 174 1534 1510 1475
1 4 1534 210 1513 1478
1 4 1510 1513 170 1474
1 4 1475 1478 1474 164
1 4 1475 1534 1510 1513
1 4 1475 1510 1474 1513
1 4 1475 1474 1478 1513
1 4 1475 1478 1534 1513
1 4 174 1510 1466 1475
1 4 1510 170 1464 1474
1 4 1466 1464 162 1461
1 4 1475 1474 1461 164
1 4 1475 1510 1466 1464
1 4 1475 1466 1461 1464
1 4 1475 1461 1474 1464
1 4 1475 1474 1510 1464
1 4 174 1466 1497 1475
1 4 1466 162 1463 1461
1 4 1497 1463 168 1473
1 4 1475 1461 1473 164
1 4 1475 1466 1497 1463
1 4 1475 1497 1473 1463
1 4 1475 1473 1461 1463
1 4 1475 1461 1466 1463
1 4 57 820 821 825
1 4 820 168 1497 1501
1 4 821 1497 174 1536
1 4 825 1501 1536 320
1 4 821 820 1501 825
1 4 821 825 1501 1536
1 4 821 1536 1501 1497
1 4 821 1497 1501 820
1 4 168 487 1463 1485
1 4 487 14 481 485
1 4 1463 481 162 1462
1 4 1485 485 1462 166
1 4 1463 487 485 1485
1 4 1463 1485 485 1462
1 4 1463 1462 485 481
1 4 1463 481 485 487
1 4 174 1466 496 1522
1 4 1466 162 490 1465
1 4 496 490 15 494
1 4 1522 1465 494 172
1 4 496 1466 1465 1522
1 4 496 1522 1465 494
1 4 496 494 1465 490
1 4 496 490 1465 1466
1 4 320 1490 1525 774
1 4 1490 166 1486 768
1 4 1525 1486 172 769
1 4 774 768 769 51
1 4 1525 1490 768 774
1 4 1525 774 768 769
1 4 1525 769 768 1486
1 4 1525 1486 768 1490
1 4 174 1497 1487 1536
1 4 1497 168 1485 1501
1 4 1487 1485 166 1490
1 4 1536 1501 1490 320
1 4 1487 1497 1501 1536
1 4 1487 1536 1501 1490
1 4 1487 1490 1501 1485
1 4 1487 1485 1501 1497
1 4 174 1536 1487 1522
1 4 1536 320 1490 1525
1 4 1487 1490 166 1486
1 4 1522 1525 1486 172
1 4 1487 1536 1525 1522
1 4 1487 1522 1525 1486
1 4 1487 1486 1525 1490
1 4 1487 1490 1525 1536
1 4 174 1522 1487 1466
1 4 1522 172 1486 1465
1 4 1487 1486 166 1462
1 4 1466 1465 1462 162
1 4 1487 1522 1465 1466
1 4 1487 1466 1465 1462
1 4 1487 1462 1465 1486
1 4 1487 1486 1465 1522
1 4 174 1466 1487 1497
1 4 1466 162 1462 1463
1 4 1487 1462 166 1485
1 4 1497 1463 1485 168
1 4 1487 1466 1463 1497
1 4 1487 1497 1463 1485
1 4 1487 1485 1463 1462
1 4 1487 1462 1463 1466
1 4 57 820 825 824
1 4 820 168 1501 1500
1 4 825 1501 320 2131
1 4 824 1500 2131 318
1 4 824 820 825 1501
1 4 824 825 2131 1501
1 4 824 2131 1500 1501
1 4 824 1500 820 1501
1 4 168 487 1485 1481
1 4 487 14 485 484
1 4 1485 485 166 1479
1 4 1481 484 1479 165
1 4 1481 487 1485 485
1 4 1481 1485 1479 485
1 4 1481 1479 484 485
1 4 1481 484 487 485
1 4 320 1490 774 2128
1 4 1490 166 768 1488
1 4 774 768 51 772
1 4 2128 1488 772 316
1 4 2128 1490 774 768
1 4 2128 774 772 768
1 4 2128 772 1488 768
1 4 2128 1488 1490 768
1 4 318 1484 2127 765
1 4 1484 165 1482 759
1 4 2127 1482 316 763
1 4 765 759 763 50
1 4 765 1484 2127 1482
1 4 765 2127 763 1482
1 4 765 763 759 1482
1 4 765 759 1484 1482
1 4 318 1500 2131 1489
1 4 1500 168 1501 1485
1 4 2131 1501 320 1490
1 4 1489 1485 1490 166
1 4 1489 1500 2131 1501
1 4 1489 2131 1490 1501
1 4 1489 1490 1485 1501
1 4 1489 1485 1500 1501
1 4 318 2131 2127 1489
1 4 2131 320 2128 1490
1 4 2127 2128 316 1488
1 4 1489 1490 1488 166
1 4 1489 2131 2127 2128
1 4 1489 2127 1488 2128
1 4 1489 1488 1490 2128
1 4 1489 1490 2131 2128
1 4 318 2127 1484 1489
1 4 2127 316 1482 1488
1 4 1484 1482 165 1479
1 4 1489 1488 1479 166
1 4 1489 2127 1484 1482
1 4 1489 1484 1479 1482
1 4 1489 1479 1488 1482
1 4 1489 1488 2127 1482
1 4 318 1484 1500 1489
1 4 1484 165 1481 1479
1 4 1500 1481 168 1485
1 4 1489 1479 1485 166
1 4 1489 1484 1500 1481
1 4 1489 1500 1485 1481
1 4 1489 1485 1479 1481
1 4 1489 1479 1484 1481
1 4 57 820 822 823
1 4 820 168 1498 1499
1 4 822 1498 204 1702
1 4 823 1499 1702 210
1 4 822 820 1499 823
1 4 822 823 1499 1702
1 4 822 1702 1499 1498
1 4 822 1498 1499 820
1 4 168 487 1469 1473
1 4 487 14 482 483
1 4 1469 482 163 1467
1 4 1473 483 1467 164
1 4 1469 487 483 1473
1 4 1469 1473 483 1467
1 4 1469 1467 483 482
1 4 1469 482 483 487
1 4 204 1472 539 1678
1 4 1472 163 533 1470
1 4 539 533 20 535
1 4 1678 1470 535 200
1 4 539 1472 1470 1678
1 4 539 1678 1470 535
1 4 539 535 1470 533
1 4 539 533 1470 1472
1 4 210 1478 1681 548
1 4 1478 164 1476 542
1 4 1681 1476 200 544
1 4 548 542 544 21
1 4 1681 1478 542 548
1 4 1681 548 542 544
1 4 1681 544 542 1476
1 4 1681 1476 542 1478
1 4 204 1498 1477 1702
1 4 1498 168 1473 1499
1 4 1477 1473 164 1478
1 4 1702 1499 1478 210
1 4 1477 1498 1499 1702
1 4 1477 1702 1499 1478
1 4 1477 1478 1499 1473
1 4 1477 1473 1499 1498
1 4 204 1702 1477 1678
1 4 1702 210 1478 1681
1 4 1477 1478 164 1476
1 4 1678 1681 1476 200
1 4 1477 1702 1681 1678
1 4 1477 1678 1681 1476
1 4 1477 1476 1681 1478
1 4 1477 1478 1681 1702
1 4 204 1678 1477 1472
1 4 1678 200 1476 1470
1 4 1477 1476 164 1467
1 4 1472 1470 1467 163
1 4 1477 1678 1470 1472
1 4 1477 1472 1470 1467
1 4 1477 1467 1470 1476
1 4 1477 1476 1470 1678
1 4 204 1472 1477 1498
1 4 1472 163 1467 1469
1 4 1477 1467 164 1473
1 4 1498 1469 1473 168
1 4 1477 1472 1469 1498
1 4 1477 1498 1469 1473
1 4 1477 1473 1469 1467
1 4 1477 1467 1469 1472
1 4 57 820 826 822
1 4 820 168 1502 1498
1 4 826 1502 332 1704
1 4 822 1498 1704 204
1 4 822 820 826 1502
1 4 822 826 1704 1502
1 4 822 1704 1498 1502
1 4 822 1498 820 1502
1 4 168 487 1491 1469
1 4 487 14 486 482
1 4 1491 486 167 1468
1 4 1469 482 1468 163
1 4 1469 487 1491 486
1 4 1469 1491 1468 486
1 4 1469 1468 482 486
1 4 1469 482 487 486
1 4 332 1496 817 1698
1 4 1496 167 811 1492
1 4 817 811 56 813
1 4 1698 1492 813 203
1 4 1698 1496 817 811
1 4 1698 817 813 811
1 4 1698 813 1492 811
1 4 1698 1492 1496 811
1 4 204 1472 1695 539
1 4 1472 163 1471 533
1 4 1695 1471 203 538
1 4 539 533 538 20
1 4 539 1472 1695 1471
1 4 539 1695 538 1471
1 4 539 538 533 1471
1 4 539 533 1472 1471
1 4 204 1498 1704 1493
1 4 1498 168 1502 1491
1 4 1704 1502 332 1496
1 4 1493 1491 1496 167
1 4 1493 1498 1704 1502
1 4 1493 1704 1496 1502
1 4 1493 1496 1491 1502
1 4 1493 1491 1498 1502
1 4 204 1704 1695 1493
1 4 1704 332 1698 1496
1 4 1695 1698 203 1492
1 4 1493 1496 1492 167
1 4 1493 1704 1695 1698
1 4 1493 1695 1492 1698
1 4 1493 1492 1496 1698
1 4 1493 1496 1704 1698
1 4 204 1695 1472 1493
1 4 1695 203 1471 1492
1 4 1472 1471 163 1468
1 4 1493 1492 1468 167
1 4 1493 1695 1472 1471
1 4 1493 1472 1468 1471
1 4 1493 1468 1492 1471
1 4 1493 1492 1695 1471
1 4 204 1472 1498 1493
1 4 1472 163 1469 1468
1 4 1498 1469 168 1491
1 4 1493 1468 1491 167
1 4 1493 1472 1498 1469
1 4 1493 1498 1491 1469
1 4 1493 1491 1468 1469
1 4 1493 1468 1472 1469
1 4 57 820 824 826
1 4 820 168 1500 1502
1 4 824 1500 318 2132
1 4 826 1502 2132 332
1 4 824 820 1502 826
1 4 824 826 1502 2132
1 4 824 2132 1502 1500
1 4 824 1500 1502 820
1 4 168 487 1481 1491
1 4 487 14 484 486
1 4 1481 484 165 1480
1 4 1491 486 1480 167
1 4 1481 487 486 1491
1 4 1481 1491 486 1480
1 4 1481 1480 486 484
1 4 1481 484 486 487
1 4 318 1484 765 2129
1 4 1484 165 759 1483
1 4 765 759 50 764
1 4 2129 1483 764 317
1 4 765 1484 1483 2129
1 4 765 2129 1483 764
1 4 765 764 1483 759
1 4 765 759 1483 1484
1 4 332 1496 2130 817
1 4 1496 167 1494 811
1 4 2130 1494 317 815
1 4 817 811 815 56
1 4 2130 1496 811 817
1 4 2130 817 811 815
1 4 2130 815 811 1494
1 4 2130 1494 811 1496
1 4 318 1500 1495 2132
1 4 1500 168 1491 1502
1 4 1495 1491 167 1496
1 4 2132 1502 1496 332
1 4 1495 1500 1502 2132
1 4 1495 2132 1502 1496
1 4 1495 1496 1502 1491
1 4 1495 1491 1502 1500
1 4 318 2132 1495 2129
1 4 2132 332 1496 2130
1 4 1495 1496 167 1494
1 4 2129 2130 1494 317
1 4 1495 2132 2130 2129
1 4 1495 2129 2130 1494
1 4 1495 1494 2130 1496
1 4 1495 1496 2130 2132
1 4 318 2129 1495 1484
1 4 2129 317 1494 1483
1 4 1495 1494 167 1480
1 4 1484 1483 1480 165
1 4 1495 2129 1483 1484
1 4 1495 1484 1483 1480
1 4 1495 1480 1483 1494
1 4 1495 1494 1483 2129
1 4 318 1484 1495 1500
1 4 1484 165 1480 1481
1 4 1495 1480 167 1491
1 4 1500 1481 1491 168
1 4 1495 1484 1481 1500
1 4 1495 1500 1481 1491
1 4 1495 1491 1481 1480
1 4 1495 1480 1481 1484
1 4 58 830 833 831
1 4 830 175 1541 1539
1 4 833 1541 217 1576
1 4 831 1539 1576 181
1 4 831 830 833 1541
1 4 831 833 1576 1541
1 4 831 1576 1539 1541
1 4 831 1539 830 1541
1 4 175 497 1515 1505
1 4 497 15 493 491
1 4 1515 493 171 1503
1 4 1505 491 1503 169
1 4 1505 497 1515 493
1 4 1505 1515 1503 493
1 4 1505 1503 491 493
1 4 1505 491 497 493
1 4 217 1520 558 1555
1 4 1520 171 552 1516
1 4 558 552 22 553
1 4 1555 1516 553 177
1 4 1555 1520 558 552
1 4 1555 558 553 552
1 4 1555 553 1516 552
1 4 1555 1516 1520 552
1 4 181 1508 1552 506
1 4 1508 169 1506 500
1 4 1552 1506 177 502
1 4 506 500 502 16
1 4 506 1508 1552 1506
1 4 506 1552 502 1506
1 4 506 502 500 1506
1 4 506 500 1508 1506
1 4 181 1539 1576 1517
1 4 1539 175 1541 1515
1 4 1576 1541 217 1520
1 4 1517 1515 1520 171
1 4 1517 1539 1576 1541
1 4 1517 1576 1520 1541
1 4 1517 1520 1515 1541
1 4 1517 1515 1539 1541
1 4 181 1576 1552 1517
1 4 1576 217 1555 1520
1 4 1552 1555 177 1516
1 4 1517 1520 1516 171
1 4 1517 1576 1552 1555
1 4 1517 1552 1516 1555
1 4 1517 1516 1520 1555
1 4 1517 1520 1576 1555
1 4 181 1552 1508 1517
1 4 1552 177 1506 1516
1 4 1508 1506 169 1503
1 4 1517 1516 1503 171
1 4 1517 1552 1508 1506
1 4 1517 1508 1503 1506
1 4 1517 1503 1516 1506
1 4 1517 1516 1552 1506
1 4 181 1508 1539 1517
1 4 1508 169 1505 1503
1 4 1539 1505 175 1515
1 4 1517 1503 1515 171
1 4 1517 1508 1539 1505
1 4 1517 1539 1515 1505
1 4 1517 1515 1503 1505
1 4 1517 1503 1508 1505
1 4 58 830 831 835
1 4 830 175 1539 1543
1 4 831 1539 181 1578
1 4 835 1543 1578 323
1 4 831 830 1543 835
1 4 831 835 1543 1578
1 4 831 1578 1543 1539
1 4 831 1539 1543 830
1 4 175 497 1505 1527
1 4 497 15 491 495
1 4 1505 491 169 1504
1 4 1527 495 1504 173
1 4 1505 497 495 1527
1 4 1505 1527 495 1504
1 4 1505 1504 495 491
1 4 1505 491 495 497
1 4 181 1508 506 1564
1 4 1508 169 500 1507
1 4 506 500 16 504
1 4 1564 1507 504 179
1 4 506 1508 1507 1564
1 4 506 1564 1507 504
1 4 506 504 1507 500
1 4 506 500 1507 1508
1 4 323 1532 1567 784
1 4 1532 173 1528 778
1 4 1567 1528 179 779
1 4 784 778 779 52
1 4 1567 1532 778 784
1 4 1567 784 778 779
1 4 1567 779 778 1528
1 4 1567 1528 778 1532
1 4 181 1539 1529 1578
1 4 1539 175 1527 1543
1 4 1529 1527 173 1532
1 4 1578 1543 1532 323
1 4 1529 1539 1543 1578
1 4 1529 1578 1543 1532
1 4 1529 1532 1543 1527
1 4 1529 1527 1543 1539
1 4 181 1578 1529 1564
1 4 1578 323 1532 1567
1 4 1529 1532 173 1528
1 4 1564 1567 1528 179
1 4 1529 1578 1567 1564
1 4 1529 1564 1567 1528
1 4 1529 1528 1567 1532
1 4 1529 1532 1567 1578
1 4 181 1564 1529 1508
1 4 1564 179 1528 1507
1 4 1529 1528 173 1504
1 4 1508 1507 1504 169
1 4 1529 1564 1507 1508
1 4 1529 1508 1507 1504
1 4 1529 1504 1507 1528
1 4 1529 1528 1507 1564
1 4 181 1508 1529 1539
1 4 1508 169 1504 1505
1 4 1529 1504 173 1527
1 4 1539 1505 1527 175
1 4 1529 1508 1505 1539
1 4 1529 1539 1505 1527
1 4 1529 1527 1505 1504
1 4 1529 1504 1505 1508
1 4 58 830 835 834
1 4 830 175 1543 1542
1 4 835 1543 323 2137
1 4 834 1542 2137 321
1 4 834 830 835 1543
1 4 834 835 2137 1543
1 4 834 2137 1542 1543
1 4 834 1542 830 1543
1 4 175 497 1527 1523
1 4 497 15 495 494
1 4 1527 495 173 1521
1 4 1523 494 1521 172
1 4 1523 497 1527 495
1 4 1523 1527 1521 495
1 4 1523 1521 494 495
1 4 1523 494 497 495
1 4 323 1532 784 2134
1 4 1532 173 778 1530
1 4 784 778 52 782
1 4 2134 1530 782 319
1 4 2134 1532 784 778
1 4 2134 784 782 778
1 4 2134 782 1530 778
1 4 2134 1530 1532 778
1 4 321 1526 2133 775
1 4 1526 172 1524 769
1 4 2133 1524 319 773
1 4 775 769 773 51
1 4 775 1526 2133 1524
1 4 775 2133 773 1524
1 4 775 773 769 1524
1 4 775 769 1526 1524
1 4 321 1542 2137 1531
1 4 1542 175 1543 1527
1 4 2137 1543 323 1532
1 4 1531 1527 1532 173
1 4 1531 1542 2137 1543
1 4 1531 2137 1532 1543
1 4 1531 1532 1527 1543
1 4 1531 1527 1542 1543
1 4 321 2137 2133 1531
1 4 2137 323 2134 1532
1 4 2133 2134 319 1530
1 4 1531 1532 1530 173
1 4 1531 2137 2133 2134
1 4 1531 2133 1530 2134
1 4 1531 1530 1532 2134
1 4 1531 1532 2137 2134
1 4 321 2133 1526 1531
1 4 2133 319 1524 1530
1 4 1526 1524 172 1521
1 4 1531 1530 1521 173
1 4 1531 2133 1526 1524
1 4 1531 1526 1521 1524
1 4 1531 1521 1530 1524
1 4 1531 1530 2133 1524
1 4 321 1526 1542 1531
1 4 1526 172 1523 1521
1 4 1542 1523 175 1527
1 4 1531 1521 1527 173
1 4 1531 1526 1542 1523
1 4 1531 1542 1527 1523
1 4 1531 1527 1521 1523
1 4 1531 1521 1526 1523
1 4 58 830 832 833
1 4 830 175 1540 1541
1 4 832 1540 211 1744
1 4 833 1541 1744 217
1 4 832 830 1541 833
1 4 832 833 1541 1744
1 4 832 1744 1541 1540
1 4 832 1540 1541 830
1 4 175 497 1511 1515
1 4 497 15 492 493
1 4 1511 492 170 1509
1 4 1515 493 1509 171
1 4 1511 497 493 1515
1 4 1511 1515 493 1509
1 4 1511 1509 493 492
1 4 1511 492 493 497
1 4 211 1514 549 1720
1 4 1514 170 543 1512
1 4 549 543 21 545
1 4 1720 1512 545 207
1 4 549 1514 1512 1720
1 4 549 1720 1512 545
1 4 549 545 1512 543
1 4 549 543 1512 1514
1 4 217 1520 1723 558
1 4 1520 171 1518 552
1 4 1723 1518 207 554
1 4 558 552 554 22
1 4 1723 1520 552 558
1 4 1723 558 552 554
1 4 1723 554 552 1518
1 4 1723 1518 552 1520
1 4 211 1540 1519 1744
1 4 1540 175 1515 1541
1 4 1519 1515 171 1520
1 4 1744 1541 1520 217
1 4 1519 1540 1541 1744
1 4 1519 1744 1541 1520
1 4 1519 1520 1541 1515
1 4 1519 1515 1541 1540
1 4 211 1744 1519 1720
1 4 1744 217 1520 1723
1 4 1519 1520 171 1518
1 4 1720 1723 1518 207
1 4 1519 1744 1723 1720
1 4 1519 1720 1723 1518
1 4 1519 1518 1723 1520
1 4 1519 1520 1723 1744
1 4 211 1720 1519 1514
1 4 1720 207 1518 1512
1 4 1519 1518 171 1509
1 4 1514 1512 1509 170
1 4 1519 1720 1512 1514
1 4 1519 1514 1512 1509
1 4 1519 1509 1512 1518
1 4 1519 1518 1512 1720
1 4 211 1514 1519 1540
1 4 1514 170 1509 1511
1 4 1519 1509 171 1515
1 4 1540 1511 1515 175
1 4 1519 1514 1511 1540
1 4 1519 1540 1511 1515
1 4 1519 1515 1511 1509
1 4 1519 1509 1511 1514
1 4 58 830 836 832
1 4 830 175 1544 1540
1 4 836 1544 335 1746
1 4 832 1540 1746 211
1 4 832 830 836 1544
1 4 832 836 1746 1544
1 4 832 1746 1540 1544
1 4 832 1540 830 1544
1 4 175 497 1533 1511
1 4 497 15 496 492
1 4 1533 496 174 1510
1 4 1511 492 1510 170
1 4 1511 497 1533 496
1 4 1511 1533 1510 496
1 4 1511 1510 492 496
1 4 1511 492 497 496
1 4 335 1538 827 1740
1 4 1538 174 821 1534
1 4 827 821 57 823
1 4 1740 1534 823 210
1 4 1740 1538 827 821
1 4 1740 827 823 821
1 4 1740 823 1534 821
1 4 1740 1534 1538 821
1 4 211 1514 1737 549
1 4 1514 170 1513 543
1 4 1737 1513 210 548
1 4 549 543 548 21
1 4 549 1514 1737 1513
1 4 549 1737 548 1513
1 4 549 548 543 1513
1 4 549 543 1514 1513
1 4 211 1540 1746 1535
1 4 1540 175 1544 1533
1 4 1746 1544 335 1538
1 4 1535 1533 1538 174
1 4 1535 1540 1746 1544
1 4 1535 1746 1538 1544
1 4 1535 1538 1533 1544
1 4 1535 1533 1540 1544
1 4 211 1746 1737 1535
1 4 1746 335 1740 1538
1 4 1737 1740 210 1534
1 4 1535 1538 1534 174
1 4 1535 1746 1737 1740
1 4 1535 1737 1534 1740
1 4 1535 1534 1538 1740
1 4 1535 1538 1746 1740
1 4 211 1737 1514 1535
1 4 1737 210 1513 1534
1 4 1514 1513 170 1510
1 4 1535 1534 1510 174
1 4 1535 1737 1514 1513
1 4 1535 1514 1510 1513
1 4 1535 1510 1534 1513
1 4 1535 1534 1737 1513
1 4 211 1514 1540 1535
1 4 1514 170 1511 1510
1 4 1540 1511 175 1533
1 4 1535 1510 1533 174
1 4 1535 1514 1540 1511
1 4 1535 1540 1533 1511
1 4 1535 1533 1510 1511
1 4 1535 1510 1514 1511
1 4 58 830 834 836
1 4 830 175 1542 1544
1 4 834 1542 321 2138
1 4 836 1544 2138 335
1 4 834 830 1544 836
1 4 834 836 1544 2138
1 4 834 2138 1544 1542
1 4 834 1542 1544 830
1 4 175 497 1523 1533
1 4 497 15 494 496
1 4 1523 494 172 1522
1 4 1533 496 1522 174
1 4 1523 497 496 1533
1 4 1523 1533 496 1522
1 4 1523 1522 496 494
1 4 1523 494 496 497
1 4 321 1526 775 2135
1 4 1526 172 769 1525
1 4 775 769 51 774
1 4 2135 1525 774 320
1 4 775 1526 1525 2135
1 4 775 2135 1525 774
1 4 775 774 1525 769
1 4 775 769 1525 1526
1 4 335 1538 2136 827
1 4 1538 174 1536 821
1 4 2136 1536 320 825
1 4 827 821 825 57
1 4 2136 1538 821 827
1 4 2136 827 821 825
1 4 2136 825 821 1536
1 4 2136 1536 821 1538
1 4 321 1542 1537 2138
1 4 1542 175 1533 1544
1 4 1537 1533 174 1538
1 4 2138 1544 1538 335
1 4 1537 1542 1544 2138
1 4 1537 2138 1544 1538
1 4 1537 1538 1544 1533
1 4 1537 1533 1544 1542
1 4 321 2138 1537 2135
1 4 2138 335 1538 2136
1 4 1537 1538 174 1536
1 4 2135 2136 1536 320
1 4 1537 2138 2136 2135
1 4 1537 2135 2136 1536
1 4 1537 1536 2136 1538
1 4 1537 1538 2136 2138
1 4 321 2135 1537 1526
1 4 2135 320 1536 1525
1 4 1537 1536 174 1522
1 4 1526 1525 1522 172
1 4 1537 2135 1525 1526
1 4 1537 1526 1525 1522
1 4 1537 1522 1525 1536
1 4 1537 1536 1525 2135
1 4 321 1526 1537 1542
1 4 1526 172 1522 1523
1 4 1537 1522 174 1533
1 4 1542 1523 1533 175
1 4 1537 1526 1523 1542
1 4 1537 1542 1523 1533
1 4 1537 1533 1523 1522
1 4 1537 1522 1523 1526
1 4 59 840 843 841
1 4 840 182 1583 1581
1 4 843 1583 222 1591
1 4 841 1581 1591 185
1 4 841 840 843 1583
1 4 841 843 1591 1583
1 4 841 1591 1581 1583
1 4 841 1581 840 1583
1 4 182 507 1557 1547
1 4 507 16 503 501
1 4 1557 503 178 1545
1 4 1547 501 1545 176
1 4 1547 507 1557 503
1 4 1547 1557 1545 503
1 4 1547 1545 501 503
1 4 1547 501 507 503
1 4 222 1562 566 1588
1 4 1562 178 562 1558
1 4 566 562 23 563
1 4 1588 1558 563 183
1 4 1588 1562 566 562
1 4 1588 566 563 562
1 4 1588 563 1558 562
1 4 1588 1558 1562 562
1 4 185 1550 1587 513
1 4 1550 176 1548 510
1 4 1587 1548 183 511
1 4 513 510 511 17
1 4 513 1550 1587 1548
1 4 513 1587 511 1548
1 4 513 511 510 1548
1 4 513 510 1550 1548
1 4 185 1581 1591 1559
1 4 1581 182 1583 1557
1 4 1591 1583 222 1562
1 4 1559 1557 1562 178
1 4 1559 1581 1591 1583
1 4 1559 1591 1562 1583
1 4 1559 1562 1557 1583
1 4 1559 1557 1581 1583
1 4 185 1591 1587 1559
1 4 1591 222 1588 1562
1 4 1587 1588 183 1558
1 4 1559 1562 1558 178
1 4 1559 1591 1587 1588
1 4 1559 1587 1558 1588
1 4 1559 1558 1562 1588
1 4 1559 1562 1591 1588
1 4 185 1587 1550 1559
1 4 1587 183 1548 1558
1 4 1550 1548 176 1545
1 4 1559 1558 1545 178
1 4 1559 1587 1550 1548
1 4 1559 1550 1545 1548
1 4 1559 1545 1558 1548
1 4 1559 1558 1587 1548
1 4 185 1550 1581 1559
1 4 1550 176 1547 1545
1 4 1581 1547 182 1557
1 4 1559 1545 1557 178
1 4 1559 1550 1581 1547
1 4 1559 1581 1557 1547
1 4 1559 1557 1545 1547
1 4 1559 1545 1550 1547
1 4 59 840 841 845
1 4 840 182 1581 1585
1 4 841 1581 185 1592
1 4 845 1585 1592 325
1 4 841 840 1585 845
1 4 841 845 1585 1592
1 4 841 1592 1585 1581
1 4 841 1581 1585 840
1 4 182 507 1547 1569
1 4 507 16 501 505
1 4 1547 501 176 1546
1 4 1569 505 1546 180
1 4 1547 507 505 1569
1 4 1547 1569 505 1546
1 4 1547 1546 505 501
1 4 1547 501 505 507
1 4 185 1550 513 1589
1 4 1550 176 510 1549
1 4 513 510 17 512
1 4 1589 1549 512 184
1 4 513 1550 1549 1589
1 4 513 1589 1549 512
1 4 513 512 1549 510
1 4 513 510 1549 1550
1 4 325 1574 1590 793
1 4 1574 180 1570 788
1 4 1590 1570 184 789
1 4 793 788 789 53
1 4 1590 1574 788 793
1 4 1590 793 788 789
1 4 1590 789 788 1570
1 4 1590 1570 788 1574
1 4 185 1581 1571 1592
1 4 1581 182 1569 1585
1 4 1571 1569 180 1574
1 4 1592 1585 1574 325
1 4 1571 1581 1585 1592
1 4 1571 1592 1585 1574
1 4 1571 1574 1585 1569
1 4 1571 1569 1585 1581
1 4 185 1592 1571 1589
1 4 1592 325 1574 1590
1 4 1571 1574 180 1570
1 4 1589 1590 1570 184
1 4 1571 1592 1590 1589
1 4 1571 1589 1590 1570
1 4 1571 1570 1590 1574
1 4 1571 1574 1590 1592
1 4 185 1589 1571 1550
1 4 1589 184 1570 1549
1 4 1571 1570 180 1546
1 4 1550 1549 1546 176
1 4 1571 1589 1549 1550
1 4 1571 1550 1549 1546
1 4 1571 1546 1549 1570
1 4 1571 1570 1549 1589
1 4 185 1550 1571 1581
1 4 1550 176 1546 1547
1 4 1571 1546 180 1569
1 4 1581 1547 1569 182
1 4 1571 1550 1547 1581
1 4 1571 1581 1547 1569
1 4 1571 1569 1547 1546
1 4 1571 1546 1547 1550
1 4 59 840 845 844
1 4 840 182 1585 1584
1 4 845 1585 325 2143
1 4 844 1584 2143 324
1 4 844 840 845 1585
1 4 844 845 2143 1585
1 4 844 2143 1584 1585
1 4 844 1584 840 1585
1 4 182 507 1569 1565
1 4 507 16 505 504
1 4 1569 505 180 1563
1 4 1565 504 1563 179
1 4 1565 507 1569 505
1 4 1565 1569 1563 505
1 4 1565 1563 504 505
1 4 1565 504 507 505
1 4 325 1574 793 2140
1 4 1574 180 788 1572
1 4 793 788 53 792
1 4 2140 1572 792 322
1 4 2140 1574 793 788
1 4 2140 793 792 788
1 4 2140 792 1572 788
1 4 2140 1572 1574 788
1 4 324 1568 2139 785
1 4 1568 179 1566 779
1 4 2139 1566 322 783
1 4 785 779 783 52
1 4 785 1568 2139 1566
1 4 785 2139 783 1566
1 4 785 783 779 1566
1 4 785 779 1568 1566
1 4 324 1584 2143 1573
1 4 1584 182 1585 1569
1 4 2143 1585 325 1574
1 4 1573 1569 1574 180
1 4 1573 1584 2143 1585
1 4 1573 2143 1574 1585
1 4 1573 1574 1569 1585
1 4 1573 1569 1584 1585
1 4 324 2143 2139 1573
1 4 2143 325 2140 1574
1 4 2139 2140 322 1572
1 4 1573 1574 1572 180
1 4 1573 2143 2139 2140
1 4 1573 2139 1572 2140
1 4 1573 1572 1574 2140
1 4 1573 1574 2143 2140
1 4 324 2139 1568 1573
1 4 2139 322 1566 1572
1 4 1568 1566 179 1563
1 4 1573 1572 1563 180
1 4 1573 2139 1568 1566
1 4 1573 1568 1563 1566
1 4 1573 1563 1572 1566
1 4 1573 1572 2139 1566
1 4 324 1568 1584 1573
1 4 1568 179 1565 1563
1 4 1584 1565 182 1569
1 4 1573 1563 1569 180
1 4 1573 1568 1584 1565
1 4 1573 1584 1569 1565
1 4 1573 1569 1563 1565
1 4 1573 1563 1568 1565
1 4 59 840 842 843
1 4 840 182 1582 1583
1 4 842 1582 218 1786
1 4 843 1583 1786 222
1 4 842 840 1583 843
1 4 842 843 1583 1786
1 4 842 1786 1583 1582
1 4 842 1582 1583 840
1 4 182 507 1553 1557
1 4 507 16 502 503
1 4 1553 502 177 1551
1 4 1557 503 1551 178
1 4 1553 507 503 1557
1 4 1553 1557 503 1551
1 4 1553 1551 503 502
1 4 1553 502 503 507
1 4 218 1556 559 1762
1 4 1556 177 553 1554
1 4 559 553 22 555
1 4 1762 1554 555 214
1 4 559 1556 1554 1762
1 4 559 1762 1554 555
1 4 559 555 1554 553
1 4 559 553 1554 1556
1 4 222 1562 1765 566
1 4 1562 178 1560 562
1 4 1765 1560 214 564
1 4 566 562 564 23
1 4 1765 1562 562 566
1 4 1765 566 562 564
1 4 1765 564 562 1560
1 4 1765 1560 562 1562
1 4 218 1582 1561 1786
1 4 1582 182 1557 1583
1 4 1561 1557 178 1562
1 4 1786 1583 1562 222
1 4 1561 1582 1583 1786
1 4 1561 1786 1583 1562
1 4 1561 1562 1583 1557
1 4 1561 1557 1583 1582
1 4 218 1786 1561 1762
1 4 1786 222 1562 1765
1 4 1561 1562 178 1560
1 4 1762 1765 1560 214
1 4 1561 1786 1765 1762
1 4 1561 1762 1765 1560
1 4 1561 1560 1765 1562
1 4 1561 1562 1765 1786
1 4 218 1762 1561 1556
1 4 1762 214 1560 1554
1 4 1561 1560 178 1551
1 4 1556 1554 1551 177
1 4 1561 1762 1554 1556
1 4 1561 1556 1554 1551
1 4 1561 1551 1554 1560
1 4 1561 1560 1554 1762
1 4 218 1556 1561 1582
1 4 1556 177 1551 1553
1 4 1561 1551 178 1557
1 4 1582 1553 1557 182
1 4 1561 1556 1553 1582
1 4 1561 1582 1553 1557
1 4 1561 1557 1553 1551
1 4 1561 1551 1553 1556
1 4 59 840 846 842
1 4 840 182 1586 1582
1 4 846 1586 338 1788
1 4 842 1582 1788 218
1 4 842 840 846 1586
1 4 842 846 1788 1586
1 4 842 1788 1582 1586
1 4 842 1582 840 1586
1 4 182 507 1575 1553
1 4 507 16 506 502
1 4 1575 506 181 1552
1 4 1553 502 1552 177
1 4 1553 507 1575 506
1 4 1553 1575 1552 506
1 4 1553 1552 502 506
1 4 1553 502 507 506
1 4 338 1580 837 1782
1 4 1580 181 831 1576
1 4 837 831 58 833
1 4 1782 1576 833 217
1 4 1782 1580 837 831
1 4 1782 837 833 831
1 4 1782 833 1576 831
1 4 1782 1576 1580 831
1 4 218 1556 1779 559
1 4 1556 177 1555 553
1 4 1779 1555 217 558
1 4 559 553 558 22
1 4 559 1556 1779 1555
1 4 559 1779 558 1555
1 4 559 558 553 1555
1 4 559 553 1556 1555
1 4 218 1582 1788 1577
1 4 1582 182 1586 1575
1 4 1788 1586 338 1580
1 4 1577 1575 1580 181
1 4 1577 1582 1788 1586
1 4 1577 1788 1580 1586
1 4 1577 1580 1575 1586
1 4 1577 1575 1582 1586
1 4 218 1788 1779 1577
1 4 1788 338 1782 1580
1 4 1779 1782 217 1576
1 4 1577 1580 1576 181
1 4 1577 1788 1779 1782
1 4 1577 1779 1576 1782
1 4 1577 1576 1580 1782
1 4 1577 1580 1788 1782
1 4 218 1779 1556 1577
1 4 1779 217 1555 1576
1 4 1556 1555 177 1552
1 4 1577 1576 1552 181
1 4 1577 1779 1556 1555
1 4 1577 1556 1552 1555
1 4 1577 1552 1576 1555
1 4 1577 1576 1779 1555
1 4 218 1556 1582 1577
1 4 1556 177 1553 1552
1 4 1582 1553 182 1575
1 4 1577 1552 1575 181
1 4 1577 1556 1582 1553
1 4 1577 1582 1575 1553
1 4 1577 1575 1552 1553
1 4 1577 1552 1556 1553
1 4 59 840 844 846
1 4 840 182 1584 1586
1 4 844 1584 324 2144
1 4 846 1586 2144 338
1 4 844 840 1586 846
1 4 844 846 1586 2144
1 4 844 2144 1586 1584
1 4 844 1584 1586 840
1 4 182 507 1565 1575
1 4 507 16 504 506
1 4 1565 504 179 1564
1 4 1575 506 1564 181
1 4 1565 507 506 1575
1 4 1565 1575 506 1564
1 4 1565 1564 506 504
1 4 1565 504 506 507
1 4 324 1568 785 2141
1 4 1568 179 779 1567
1 4 785 779 52 784
1 4 2141 1567 784 323
1 4 785 1568 1567 2141
1 4 785 2141 1567 784
1 4 785 784 1567 779
1 4 785 779 1567 1568
1 4 338 1580 2142 837
1 4 1580 181 1578 831
1 4 2142 1578 323 835
1 4 837 831 835 58
1 4 2142 1580 831 837
1 4 2142 837 831 835
1 4 2142 835 831 1578
1 4 2142 1578 831 1580
1 4 324 1584 1579 2144
1 4 1584 182 1575 1586
1 4 1579 1575 181 1580
1 4 2144 1586 1580 338
1 4 1579 1584 1586 2144
1 4 1579 2144 1586 1580
1 4 1579 1580 1586 1575
1 4 1579 1575 1586 1584
1 4 324 2144 1579 2141
1 4 2144 338 1580 2142
1 4 1579 1580 181 1578
1 4 2141 2142 1578 323
1 4 1579 2144 2142 2141
1 4 1579 2141 2142 1578
1 4 1579 1578 2142 1580
1 4 1579 1580 2142 2144
1 4 324 2141 1579 1568
1 4 2141 323 1578 1567
1 4 1579 1578 181 1564
1 4 1568 1567 1564 179
1 4 1579 2141 1567 1568
1 4 1579 1568 1567 1564
1 4 1579 1564 1567 1578
1 4 1579 1578 1567 2141
1 4 324 1568 1579 1584
1 4 1568 179 1564 1565
1 4 1579 1564 181 1575
1 4 1584 1565 1575 182
1 4 1579 1568 1565 1584
1 4 1579 1584 1565 1575
1 4 1579 1575 1565 1564
1 4 1579 1564 1565 1568
1 4 61 854 857 855
1 4 854 192 1631 1629
1 4 857 1631 234 1666
1 4 855 1629 1666 198
1 4 855 854 857 1631
1 4 855 857 1666 1631
1 4 855 1666 1629 1631
1 4 855 1629 854 1631
1 4 192 521 1605 1595
1 4 521 18 517 515
1 4 1605 517 188 1593
1 4 1595 515 1593 186
1 4 1595 521 1605 517
1 4 1595 1605 1593 517
1 4 1595 1593 515 517
1 4 1595 515 521 517
1 4 234 1610 582 1645
1 4 1610 188 576 1606
1 4 582 576 25 577
1 4 1645 1606 577 194
1 4 1645 1610 582 576
1 4 1645 582 577 576
1 4 1645 577 1606 576
1 4 1645 1606 1610 576
1 4 198 1598 1642 530
1 4 1598 186 1596 524
1 4 1642 1596 194 526
1 4 530 524 526 19
1 4 530 1598 1642 1596
1 4 530 1642 526 1596
1 4 530 526 524 1596
1 4 530 524 1598 1596
1 4 198 1629 1666 1607
1 4 1629 192 1631 1605
1 4 1666 1631 234 1610
1 4 1607 1605 1610 188
1 4 1607 1629 1666 1631
1 4 1607 1666 1610 1631
1 4 1607 1610 1605 1631
1 4 1607 1605 1629 1631
1 4 198 1666 1642 1607
1 4 1666 234 1645 1610
1 4 1642 1645 194 1606
1 4 1607 1610 1606 188
1 4 1607 1666 1642 1645
1 4 1607 1642 1606 1645
1 4 1607 1606 1610 1645
1 4 1607 1610 1666 1645
1 4 198 1642 1598 1607
1 4 1642 194 1596 1606
1 4 1598 1596 186 1593
1 4 1607 1606 1593 188
1 4 1607 1642 1598 1596
1 4 1607 1598 1593 1596
1 4 1607 1593 1606 1596
1 4 1607 1606 1642 1596
1 4 198 1598 1629 1607
1 4 1598 186 1595 1593
1 4 1629 1595 192 1605
1 4 1607 1593 1605 188
1 4 1607 1598 1629 1595
1 4 1607 1629 1605 1595
1 4 1607 1605 1593 1595
1 4 1607 1593 1598 1595
1 4 61 854 855 859
1 4 854 192 1629 1633
1 4 855 1629 198 1668
1 4 859 1633 1668 330
1 4 855 854 1633 859
1 4 855 859 1633 1668
1 4 855 1668 1633 1629
1 4 855 1629 1633 854
1 4 192 521 1595 1617
1 4 521 18 515 519
1 4 1595 515 186 1594
1 4 1617 519 1594 190
1 4 1595 521 519 1617
1 4 1595 1617 519 1594
1 4 1595 1594 519 515
1 4 1595 515 519 521
1 4 198 1598 530 1654
1 4 1598 186 524 1597
1 4 530 524 19 528
1 4 1654 1597 528 196
1 4 530 1598 1597 1654
1 4 530 1654 1597 528
1 4 530 528 1597 524
1 4 530 524 1597 1598
1 4 330 1622 1657 808
1 4 1622 190 1618 802
1 4 1657 1618 196 803
1 4 808 802 803 55
1 4 1657 1622 802 808
1 4 1657 808 802 803
1 4 1657 803 802 1618
1 4 1657 1618 802 1622
1 4 198 1629 1619 1668
1 4 1629 192 1617 1633
1 4 1619 1617 190 1622
1 4 1668 1633 1622 330
1 4 1619 1629 1633 1668
1 4 1619 1668 1633 1622
1 4 1619 1622 1633 1617
1 4 1619 1617 1633 1629
1 4 198 1668 1619 1654
1 4 1668 330 1622 1657
1 4 1619 1622 190 1618
1 4 1654 1657 1618 196
1 4 1619 1668 1657 1654
1 4 1619 1654 1657 1618
1 4 1619 1618 1657 1622
1 4 1619 1622 1657 1668
1 4 198 1654 1619 1598
1 4 1654 196 1618 1597
1 4 1619 1618 190 1594
1 4 1598 1597 1594 186
1 4 1619 1654 1597 1598
1 4 1619 1598 1597 1594
1 4 1619 1594 1597 1618
1 4 1619 1618 1597 1654
1 4 198 1598 1619 1629
1 4 1598 186 1594 1595
1 4 1619 1594 190 1617
1 4 1629 1595 1617 192
1 4 1619 1598 1595 1629
1 4 1619 1629 1595 1617
1 4 1619 1617 1595 1594
1 4 1619 1594 1595 1598
1 4 61 854 859 858
1 4 854 192 1633 1632
1 4 859 1633 330 2149
1 4 858 1632 2149 328
1 4 858 854 859 1633
1 4 858 859 2149 1633
1 4 858 2149 1632 1633
1 4 858 1632 854 1633
1 4 192 521 1617 1613
1 4 521 18 519 518
1 4 1617 519 190 1611
1 4 1613 518 1611 189
1 4 1613 521 1617 519
1 4 1613 1617 1611 519
1 4 1613 1611 518 519
1 4 1613 518 521 519
1 4 330 1622 808 2146
1 4 1622 190 802 1620
1 4 808 802 55 806
1 4 2146 1620 806 326
1 4 2146 1622 808 802
1 4 2146 808 806 802
1 4 2146 806 1620 802
1 4 2146 1620 1622 802
1 4 328 1616 2145 799
1 4 1616 189 1614 795
1 4 2145 1614 326 797
1 4 799 795 797 54
1 4 799 1616 2145 1614
1 4 799 2145 797 1614
1 4 799 797 795 1614
1 4 799 795 1616 1614
1 4 328 1632 2149 1621
1 4 1632 192 1633 1617
1 4 2149 1633 330 1622
1 4 1621 1617 1622 190
1 4 1621 1632 2149 1633
1 4 1621 2149 1622 1633
1 4 1621 1622 1617 1633
1 4 1621 1617 1632 1633
1 4 328 2149 2145 1621
1 4 2149 330 2146 1622
1 4 2145 2146 326 1620
1 4 1621 1622 1620 190
1 4 1621 2149 2145 2146
1 4 1621 2145 1620 2146
1 4 1621 1620 1622 2146
1 4 1621 1622 2149 2146
1 4 328 2145 1616 1621
1 4 2145 326 1614 1620
1 4 1616 1614 189 1611
1 4 1621 1620 1611 190
1 4 1621 2145 1616 1614
1 4 1621 1616 1611 1614
1 4 1621 1611 1620 1614
1 4 1621 1620 2145 1614
1 4 328 1616 1632 1621
1 4 1616 189 1613 1611
1 4 1632 1613 192 1617
1 4 1621 1611 1617 190
1 4 1621 1616 1632 1613
1 4 1621 1632 1617 1613
1 4 1621 1617 1611 1613
1 4 1621 1611 1616 1613
1 4 61 854 856 857
1 4 854 192 1630 1631
1 4 856 1630 228 1834
1 4 857 1631 1834 234
1 4 856 854 1631 857
1 4 856 857 1631 1834
1 4 856 1834 1631 1630
1 4 856 1630 1631 854
1 4 192 521 1601 1605
1 4 521 18 516 517
1 4 1601 516 187 1599
1 4 1605 517 1599 188
1 4 1601 521 517 1605
1 4 1601 1605 517 1599
1 4 1601 1599 517 516
1 4 1601 516 517 521
1 4 228 1604 573 1810
1 4 1604 187 568 1602
1 4 573 568 24 569
1 4 1810 1602 569 224
1 4 573 1604 1602 1810
1 4 573 1810 1602 569
1 4 573 569 1602 568
1 4 573 568 1602 1604
1 4 234 1610 1813 582
1 4 1610 188 1608 576
1 4 1813 1608 224 578
1 4 582 576 578 25
1 4 1813 1610 576 582
1 4 1813 582 576 578
1 4 1813 578 576 1608
1 4 1813 1608 576 1610
1 4 228 1630 1609 1834
1 4 1630 192 1605 1631
1 4 1609 1605 188 1610
1 4 1834 1631 1610 234
1 4 1609 1630 1631 1834
1 4 1609 1834 1631 1610
1 4 1609 1610 1631 1605
1 4 1609 1605 1631 1630
1 4 228 1834 1609 1810
1 4 1834 234 1610 1813
1 4 1609 1610 188 1608
1 4 1810 1813 1608 224
1 4 1609 1834 1813 1810
1 4 1609 1810 1813 1608
1 4 1609 1608 1813 1610
1 4 1609 1610 1813 1834
1 4 228 1810 1609 1604
1 4 1810 224 1608 1602
1 4 1609 1608 188 1599
1 4 1604 1602 1599 187
1 4 1609 1810 1602 1604
1 4 1609 1604 1602 1599
1 4 1609 1599 1602 1608
1 4 1609 1608 1602 1810
1 4 228 1604 1609 1630
1 4 1604 187 1599 1601
1 4 1609 1599 188 1605
1 4 1630 1601 1605 192
1 4 1609 1604 1601 1630
1 4 1609 1630 1601 1605
1 4 1609 1605 1601 1599
1 4 1609 1599 1601 1604
1 4 61 854 860 856
1 4 854 192 1634 1630
1 4 860 1634 342 1836
1 4 856 1630 1836 228
1 4 856 854 860 1634
1 4 856 860 1836 1634
1 4 856 1836 1630 1634
1 4 856 1630 854 1634
1 4 192 521 1623 1601
1 4 521 18 520 516
1 4 1623 520 191 1600
1 4 1601 516 1600 187
1 4 1601 521 1623 520
1 4 1601 1623 1600 520
1 4 1601 1600 516 520
1 4 1601 516 521 520
1 4 342 1628 851 1830
1 4 1628 191 848 1624
1 4 851 848 60 849
1 4 1830 1624 849 227
1 4 1830 1628 851 848
1 4 1830 851 849 848
1 4 1830 849 1624 848
1 4 1830 1624 1628 848
1 4 228 1604 1827 573
1 4 1604 187 1603 568
1 4 1827 1603 227 572
1 4 573 568 572 24
1 4 573 1604 1827 1603
1 4 573 1827 572 1603
1 4 573 572 568 1603
1 4 573 568 1604 1603
1 4 228 1630 1836 1625
1 4 1630 192 1634 1623
1 4 1836 1634 342 1628
1 4 1625 1623 1628 191
1 4 1625 1630 1836 1634
1 4 1625 1836 1628 1634
1 4 1625 1628 1623 1634
1 4 1625 1623 1630 1634
1 4 228 1836 1827 1625
1 4 1836 342 1830 1628
1 4 1827 1830 227 1624
1 4 1625 1628 1624 191
1 4 1625 1836 1827 1830
1 4 1625 1827 1624 1830
1 4 1625 1624 1628 1830
1 4 1625 1628 1836 1830
1 4 228 1827 1604 1625
1 4 1827 227 1603 1624
1 4 1604 1603 187 1600
1 4 1625 1624 1600 191
1 4 1625 1827 1604 1603
1 4 1625 1604 1600 1603
1 4 1625 1600 1624 1603
1 4 1625 1624 1827 1603
1 4 228 1604 1630 1625
1 4 1604 187 1601 1600
1 4 1630 1601 192 1623
1 4 1625 1600 1623 191
1 4 1625 1604 1630 1601
1 4 1625 1630 1623 1601
1 4 1625 1623 1600 1601
1 4 1625 1600 1604 1601
1 4 61 854 858 860
1 4 854 192 1632 1634
1 4 858 1632 328 2150
1 4 860 1634 2150 342
1 4 858 854 1634 860
1 4 858 860 1634 2150
1 4 858 2150 1634 1632
1 4 858 1632 1634 854
1 4 192 521 1613 1623
1 4 521 18 518 520
1 4 1613 518 189 1612
1 4 1623 520 1612 191
1 4 1613 521 520 1623
1 4 1613 1623 520 1612
1 4 1613 1612 520 518
1 4 1613 518 520 521
1 4 328 1616 799 2147
1 4 1616 189 795 1615
1 4 799 795 54 798
1 4 2147 1615 798 327
1 4 799 1616 1615 2147
1 4 799 2147 1615 798
1 4 799 798 1615 795
1 4 799 795 1615 1616
1 4 342 1628 2148 851
1 4 1628 191 1626 848
1 4 2148 1626 327 850
1 4 851 848 850 60
1 4 2148 1628 848 851
1 4 2148 851 848 850
1 4 2148 850 848 1626
1 4 2148 1626 848 1628
1 4 328 1632 1627 2150
1 4 1632 192 1623 1634
1 4 1627 1623 191 1628
1 4 2150 1634 1628 342
1 4 1627 1632 1634 2150
1 4 1627 2150 1634 1628
1 4 1627 1628 1634 1623
1 4 1627 1623 1634 1632
1 4 328 2150 1627 2147
1 4 2150 342 1628 2148
1 4 1627 1628 191 1626
1 4 2147 2148 1626 327
1 4 1627 2150 2148 2147
1 4 1627 2147 2148 1626
1 4 1627 1626 2148 1628
1 4 1627 1628 2148 2150
1 4 328 2147 1627 1616
1 4 2147 327 1626 1615
1 4 1627 1626 191 1612
1 4 1616 1615 1612 189
1 4 1627 2147 1615 1616
1 4 1627 1616 1615 1612
1 4 1627 1612 1615 1626
1 4 1627 1626 1615 2147
1 4 328 1616 1627 1632
1 4 1616 189 1612 1613
1 4 1627 1612 191 1623
1 4 1632 1613 1623 192
1 4 1627 1616 1613 1632
1 4 1627 1632 1613 1623
1 4 1627 1623 1613 1612
1 4 1627 1612 1613 1616
1 4 62 864 867 865
1 4 864 199 1673 1671
1 4 867 1673 241 1708
1 4 865 1671 1708 205
1 4 865 864 867 1673
1 4 865 867 1708 1673
1 4 865 1708 1671 1673
1 4 865 1671 864 1673
1 4 199 531 1647 1637
1 4 531 19 527 525
1 4 1647 527 195 1635
1 4 1637 525 1635 193
1 4 1637 531 1647 527
1 4 1637 1647 1635 527
1 4 1637 1635 525 527
1 4 1637 525 531 527
1 4 241 1652 592 1687
1 4 1652 195 586 1648
1 4 592 586 26 587
1 4 1687 1648 587 201
1 4 1687 1652 592 586
1 4 1687 592 587 586
1 4 1687 587 1648 586
1 4 1687 1648 1652 586
1 4 205 1640 1684 540
1 4 1640 193 1638 534
1 4 1684 1638 201 536
1 4 540 534 536 20
1 4 540 1640 1684 1638
1 4 540 1684 536 1638
1 4 540 536 534 1638
1 4 540 534 1640 1638
1 4 205 1671 1708 1649
1 4 1671 199 1673 1647
1 4 1708 1673 241 1652
1 4 1649 1647 1652 195
1 4 1649 1671 1708 1673
1 4 1649 1708 1652 1673
1 4 1649 1652 1647 1673
1 4 1649 1647 1671 1673
1 4 205 1708 1684 1649
1 4 1708 241 1687 1652
1 4 1684 1687 201 1648
1 4 1649 1652 1648 195
1 4 1649 1708 1684 1687
1 4 1649 1684 1648 1687
1 4 1649 1648 1652 1687
1 4 1649 1652 1708 1687
1 4 205 1684 1640 1649
1 4 1684 201 1638 1648
1 4 1640 1638 193 1635
1 4 1649 1648 1635 195
1 4 1649 1684 1640 1638
1 4 1649 1640 1635 1638
1 4 1649 1635 1648 1638
1 4 1649 1648 1684 1638
1 4 205 1640 1671 1649
1 4 1640 193 1637 1635
1 4 1671 1637 199 1647
1 4 1649 1635 1647 195
1 4 1649 1640 1671 1637
1 4 1649 1671 1647 1637
1 4 1649 1647 1635 1637
1 4 1649 1635 1640 1637
1 4 62 864 865 869
1 4 864 199 1671 1675
1 4 865 1671 205 1710
1 4 869 1675 1710 333
1 4 865 864 1675 869
1 4 865 869 1675 1710
1 4 865 1710 1675 1671
1 4 865 1671 1675 864
1 4 199 531 1637 1659
1 4 531 19 525 529
1 4 1637 525 193 1636
1 4 1659 529 1636 197
1 4 1637 531 529 1659
1 4 1637 1659 529 1636
1 4 1637 1636 529 525
1 4 1637 525 529 531
1 4 205 1640 540 1696
1 4 1640 193 534 1639
1 4 540 534 20 538
1 4 1696 1639 538 203
1 4 540 1640 1639 1696
1 4 540 1696 1639 538
1 4 540 538 1639 534
1 4 540 534 1639 1640
1 4 333 1664 1699 818
1 4 1664 197 1660 812
1 4 1699 1660 203 813
1 4 818 812 813 56
1 4 1699 1664 812 818
1 4 1699 818 812 813
1 4 1699 813 812 1660
1 4 1699 1660 812 1664
1 4 205 1671 1661 1710
1 4 1671 199 1659 1675
1 4 1661 1659 197 1664
1 4 1710 1675 1664 333
1 4 1661 1671 1675 1710
1 4 1661 1710 1675 1664
1 4 1661 1664 1675 1659
1 4 1661 1659 1675 1671
1 4 205 1710 1661 1696
1 4 1710 333 1664 1699
1 4 1661 1664 197 1660
1 4 1696 1699 1660 203
1 4 1661 1710 1699 1696
1 4 1661 1696 1699 1660
1 4 1661 1660 1699 1664
1 4 1661 1664 1699 1710
1 4 205 1696 1661 1640
1 4 1696 203 1660 1639
1 4 1661 1660 197 1636
1 4 1640 1639 1636 193
1 4 1661 1696 1639 1640
1 4 1661 1640 1639 1636
1 4 1661 1636 1639 1660
1 4 1661 1660 1639 1696
1 4 205 1640 1661 1671
1 4 1640 193 1636 1637
1 4 1661 1636 197 1659
1 4 1671 1637 1659 199
1 4 1661 1640 1637 1671
1 4 1661 1671 1637 1659
1 4 1661 1659 1637 1636
1 4 1661 1636 1637 1640
1 4 62 864 869 868
1 4 864 199 1675 1674
1 4 869 1675 333 2155
1 4 868 1674 2155 331
1 4 868 864 869 1675
1 4 868 869 2155 1675
1 4 868 2155 1674 1675
1 4 868 1674 864 1675
1 4 199 531 1659 1655
1 4 531 19 529 528
1 4 1659 529 197 1653
1 4 1655 528 1653 196
1 4 1655 531 1659 529
1 4 1655 1659 1653 529
1 4 1655 1653 528 529
1 4 1655 528 531 529
1 4 333 1664 818 2152
1 4 1664 197 812 1662
1 4 818 812 56 816
1 4 2152 1662 816 329
1 4 2152 1664 818 812
1 4 2152 818 816 812
1 4 2152 816 1662 812
1 4 2152 1662 1664 812
1 4 331 1658 2151 809
1 4 1658 196 1656 803
1 4 2151 1656 329 807
1 4 809 803 807 55
1 4 809 1658 2151 1656
1 4 809 2151 807 1656
1 4 809 807 803 1656
1 4 809 803 1658 1656
1 4 331 1674 2155 1663
1 4 1674 199 1675 1659
1 4 2155 1675 333 1664
1 4 1663 1659 1664 197
1 4 1663 1674 2155 1675
1 4 1663 2155 1664 1675
1 4 1663 1664 1659 1675
1 4 1663 1659 1674 1675
1 4 331 2155 2151 1663
1 4 2155 333 2152 1664
1 4 2151 2152 329 1662
1 4 1663 1664 1662 197
1 4 1663 2155 2151 2152
1 4 1663 2151 1662 2152
1 4 1663 1662 1664 2152
1 4 1663 1664 2155 2152
1 4 331 2151 1658 1663
1 4 2151 329 1656 1662
1 4 1658 1656 196 1653
1 4 1663 1662 1653 197
1 4 1663 2151 1658 1656
1 4 1663 1658 1653 1656
1 4 1663 1653 1662 1656
1 4 1663 1662 2151 1656
1 4 331 1658 1674 1663
1 4 1658 196 1655 1653
1 4 1674 1655 199 1659
1 4 1663 1653 1659 197
1 4 1663 1658 1674 1655
1 4 1663 1674 1659 1655
1 4 1663 1659 1653 1655
1 4 1663 1653 1658 1655
1 4 62 864 866 867
1 4 864 199 1672 1673
1 4 866 1672 235 1876
1 4 867 1673 1876 241
1 4 866 864 1673 867
1 4 866 867 1673 1876
1 4 866 1876 1673 1672
1 4 866 1672 1673 864
1 4 199 531 1643 1647
1 4 531 19 526 527
1 4 1643 526 194 1641
1 4 1647 527 1641 195
1 4 1643 531 527 1647
1 4 1643 1647 527 1641
1 4 1643 1641 527 526
1 4 1643 526 527 531
1 4 235 1646 583 1852
1 4 1646 194 577 1644
1 4 583 577 25 579
1 4 1852 1644 579 231
1 4 583 1646 1644 1852
1 4 583 1852 1644 579
1 4 583 579 1644 577
1 4 583 577 1644 1646
1 4 241 1652 1855 592
1 4 1652 195 1650 586
1 4 1855 1650 231 588
1 4 592 586 588 26
1 4 1855 1652 586 592
1 4 1855 592 586 588
1 4 1855 588 586 1650
1 4 1855 1650 586 1652
1 4 235 1672 1651 1876
1 4 1672 199 1647 1673
1 4 1651 1647 195 1652
1 4 1876 1673 1652 241
1 4 1651 1672 1673 1876
1 4 1651 1876 1673 1652
1 4 1651 1652 1673 1647
1 4 1651 1647 1673 1672
1 4 235 1876 1651 1852
1 4 1876 241 1652 1855
1 4 1651 1652 195 1650
1 4 1852 1855 1650 231
1 4 1651 1876 1855 1852
1 4 1651 1852 1855 1650
1 4 1651 1650 1855 1652
1 4 1651 1652 1855 1876
1 4 235 1852 1651 1646
1 4 1852 231 1650 1644
1 4 1651 1650 195 1641
1 4 1646 1644 1641 194
1 4 1651 1852 1644 1646
1 4 1651 1646 1644 1641
1 4 1651 1641 1644 1650
1 4 1651 1650 1644 1852
1 4 235 1646 1651 1672
1 4 1646 194 1641 1643
1 4 1651 1641 195 1647
1 4 1672 1643 1647 199
1 4 1651 1646 1643 1672
1 4 1651 1672 1643 1647
1 4 1651 1647 1643 1641
1 4 1651 1641 1643 1646
1 4 62 864 870 866
1 4 864 199 1676 1672
1 4 870 1676 345 1878
1 4 866 1672 1878 235
1 4 866 864 870 1676
1 4 866 870 1878 1676
1 4 866 1878 1672 1676
1 4 866 1672 864 1676
1 4 199 531 1665 1643
1 4 531 19 530 526
1 4 1665 530 198 1642
1 4 1643 526 1642 194
1 4 1643 531 1665 530
1 4 1643 1665 1642 530
1 4 1643 1642 526 530
1 4 1643 526 531 530
1 4 345 1670 861 1872
1 4 1670 198 855 1666
1 4 861 855 61 857
1 4 1872 1666 857 234
1 4 1872 1670 861 855
1 4 1872 861 857 855
1 4 1872 857 1666 855
1 4 1872 1666 1670 855
1 4 235 1646 1869 583
1 4 1646 194 1645 577
1 4 1869 1645 234 582
1 4 583 577 582 25
1 4 583 1646 1869 1645
1 4 583 1869 582 1645
1 4 583 582 577 1645
1 4 583 577 1646 1645
1 4 235 1672 1878 1667
1 4 1672 199 1676 1665
1 4 1878 1676 345 1670
1 4 1667 1665 1670 198
1 4 1667 1672 1878 1676
1 4 1667 1878 1670 1676
1 4 1667 1670 1665 1676
1 4 1667 1665 1672 1676
1 4 235 1878 1869 1667
1 4 1878 345 1872 1670
1 4 1869 1872 234 1666
1 4 1667 1670 1666 198
1 4 1667 1878 1869 1872
1 4 1667 1869 1666 1872
1 4 1667 1666 1670 1872
1 4 1667 1670 1878 1872
1 4 235 1869 1646 1667
1 4 1869 234 1645 1666
1 4 1646 1645 194 1642
1 4 1667 1666 1642 198
1 4 1667 1869 1646 1645
1 4 1667 1646 1642 1645
1 4 1667 1642 1666 1645
1 4 1667 1666 1869 1645
1 4 235 1646 1672 1667
1 4 1646 194 1643 1642
1 4 1672 1643 199 1665
1 4 1667 1642 1665 198
1 4 1667 1646 1672 1643
1 4 1667 1672 1665 1643
1 4 1667 1665 1642 1643
1 4 1667 1642 1646 1643
1 4 62 864 868 870
1 4 864 199 1674 1676
1 4 868 1674 331 2156
1 4 870 1676 2156 345
1 4 868 864 1676 870
1 4 868 870 1676 2156
1 4 868 2156 1676 1674
1 4 868 1674 1676 864
1 4 199 531 1655 1665
1 4 531 19 528 530
1 4 1655 528 196 1654
1 4 1665 530 1654 198
1 4 1655 531 530 1665
1 4 1655 1665 530 1654
1 4 1655 1654 530 528
1 4 1655 528 530 531
1 4 331 1658 809 2153
1 4 1658 196 803 1657
1 4 809 803 55 808
1 4 2153 1657 808 330
1 4 809 1658 1657 2153
1 4 809 2153 1657 808
1 4 809 808 1657 803
1 4 809 803 1657 1658
1 4 345 1670 2154 861
1 4 1670 198 1668 855
1 4 2154 1668 330 859
1 4 861 855 859 61
1 4 2154 1670 855 861
1 4 2154 861 855 859
1 4 2154 859 855 1668
1 4 2154 1668 855 1670
1 4 331 1674 1669 2156
1 4 1674 199 1665 1676
1 4 1669 1665 198 1670
1 4 2156 1676 1670 345
1 4 1669 1674 1676 2156
1 4 1669 2156 1676 1670
1 4 1669 1670 1676 1665
1 4 1669 1665 1676 1674
1 4 331 2156 1669 2153
1 4 2156 345 1670 2154
1 4 1669 1670 198 1668
1 4 2153 2154 1668 330
1 4 1669 2156 2154 2153
1 4 1669 2153 2154 1668
1 4 1669 1668 2154 1670
1 4 1669 1670 2154 2156
1 4 331 2153 1669 1658
1 4 2153 330 1668 1657
1 4 1669 1668 198 1654
1 4 1658 1657 1654 196
1 4 1669 2153 1657 1658
1 4 1669 1658 1657 1654
1 4 1669 1654 1657 1668
1 4 1669 1668 1657 2153
1 4 331 1658 1669 1674
1 4 1658 196 1654 1655
1 4 1669 1654 198 1665
1 4 1674 1655 1665 199
1 4 1669 1658 1655 1674
1 4 1669 1674 1655 1665
1 4 1669 1665 1655 1654
1 4 1669 1654 1655 1658
1 4 63 874 877 875
1 4 874 206 1715 1713
1 4 877 1715 248 1750
1 4 875 1713 1750 212
1 4 875 874 877 1715
1 4 875 877 1750 1715
1 4 875 1750 1713 1715
1 4 875 1713 874 1715
1 4 206 541 1689 1679
1 4 541 20 537 535
1 4 1689 537 202 1677
1 4 1679 535 1677 200
1 4 1679 541 1689 537
1 4 1679 1689 1677 537
1 4 1679 1677 535 537
1 4 1679 535 541 537
1 4 248 1694 602 1729
1 4 1694 202 596 1690
1 4 602 596 27 597
1 4 1729 1690 597 208
1 4 1729 1694 602 596
1 4 1729 602 597 596
1 4 1729 597 1690 596
1 4 1729 1690 1694 596
1 4 212 1682 1726 550
1 4 1682 200 1680 544
1 4 1726 1680 208 546
1 4 550 544 546 21
1 4 550 1682 1726 1680
1 4 550 1726 546 1680
1 4 550 546 544 1680
1 4 550 544 1682 1680
1 4 212 1713 1750 1691
1 4 1713 206 1715 1689
1 4 1750 1715 248 1694
1 4 1691 1689 1694 202
1 4 1691 1713 1750 1715
1 4 1691 1750 1694 1715
1 4 1691 1694 1689 1715
1 4 1691 1689 1713 1715
1 4 212 1750 1726 1691
1 4 1750 248 1729 1694
1 4 1726 1729 208 1690
1 4 1691 1694 1690 202
1 4 1691 1750 1726 1729
1 4 1691 1726 1690 1729
1 4 1691 1690 1694 1729
1 4 1691 1694 1750 1729
1 4 212 1726 1682 1691
1 4 1726 208 1680 1690
1 4 1682 1680 200 1677
1 4 1691 1690 1677 202
1 4 1691 1726 1682 1680
1 4 1691 1682 1677 1680
1 4 1691 1677 1690 1680
1 4 1691 1690 1726 1680
1 4 212 1682 1713 1691
1 4 1682 200 1679 1677
1 4 1713 1679 206 1689
1 4 1691 1677 1689 202
1 4 1691 1682 1713 1679
1 4 1691 1713 1689 1679
1 4 1691 1689 1677 1679
1 4 1691 1677 1682 1679
1 4 63 874 875 879
1 4 874 206 1713 1717
1 4 875 1713 212 1752
1 4 879 1717 1752 336
1 4 875 874 1717 879
1 4 875 879 1717 1752
1 4 875 1752 1717 1713
1 4 875 1713 1717 874
1 4 206 541 1679 1701
1 4 541 20 535 539
1 4 1679 535 200 1678
1 4 1701 539 1678 204
1 4 1679 541 539 1701
1 4 1679 1701 539 1678
1 4 1679 1678 539 535
1 4 1679 535 539 541
1 4 212 1682 550 1738
1 4 1682 200 544 1681
1 4 550 544 21 548
1 4 1738 1681 548 210
1 4 550 1682 1681 1738
1 4 550 1738 1681 548
1 4 550 548 1681 544
1 4 550 544 1681 1682
1 4 336 1706 1741 828
1 4 1706 204 1702 822
1 4 1741 1702 210 823
1 4 828 822 823 57
1 4 1741 1706 822 828
1 4 1741 828 822 823
1 4 1741 823 822 1702
1 4 1741 1702 822 1706
1 4 212 1713 1703 1752
1 4 1713 206 1701 1717
1 4 1703 1701 204 1706
1 4 1752 1717 1706 336
1 4 1703 1713 1717 1752
1 4 1703 1752 1717 1706
1 4 1703 1706 1717 1701
1 4 1703 1701 1717 1713
1 4 212 1752 1703 1738
1 4 1752 336 1706 1741
1 4 1703 1706 204 1702
1 4 1738 1741 1702 210
1 4 1703 1752 1741 1738
1 4 1703 1738 1741 1702
1 4 1703 1702 1741 1706
1 4 1703 1706 1741 1752
1 4 212 1738 1703 1682
1 4 1738 210 1702 1681
1 4 1703 1702 204 1678
1 4 1682 1681 1678 200
1 4 1703 1738 1681 1682
1 4 1703 1682 1681 1678
1 4 1703 1678 1681 1702
1 4 1703 1702 1681 1738
1 4 212 1682 1703 1713
1 4 1682 200 1678 1679
1 4 1703 1678 204 1701
1 4 1713 1679 1701 206
1 4 1703 1682 1679 1713
1 4 1703 1713 1679 1701
1 4 1703 1701 1679 1678
1 4 1703 1678 1679 1682
1 4 63 874 879 878
1 4 874 206 1717 1716
1 4 879 1717 336 2161
1 4 878 1716 2161 334
1 4 878 874 879 1717
1 4 878 879 2161 1717
1 4 878 2161 1716 1717
1 4 878 1716 874 1717
1 4 206 541 1701 1697
1 4 541 20 539 538
1 4 1701 539 204 1695
1 4 1697 538 1695 203
1 4 1697 541 1701 539
1 4 1697 1701 1695 539
1 4 1697 1695 538 539
1 4 1697 538 541 539
1 4 336 1706 828 2158
1 4 1706 204 822 1704
1 4 828 822 57 826
1 4 2158 1704 826 332
1 4 2158 1706 828 822
1 4 2158 828 826 822
1 4 2158 826 1704 822
1 4 2158 1704 1706 822
1 4 334 1700 2157 819
1 4 1700 203 1698 813
1 4 2157 1698 332 817
1 4 819 813 817 56
1 4 819 1700 2157 1698
1 4 819 2157 817 1698
1 4 819 817 813 1698
1 4 819 813 1700 1698
1 4 334 1716 2161 1705
1 4 1716 206 1717 1701
1 4 2161 1717 336 1706
1 4 1705 1701 1706 204
1 4 1705 1716 2161 1717
1 4 1705 2161 1706 1717
1 4 1705 1706 1701 1717
1 4 1705 1701 1716 1717
1 4 334 2161 2157 1705
1 4 2161 336 2158 1706
1 4 2157 2158 332 1704
1 4 1705 1706 1704 204
1 4 1705 2161 2157 2158
1 4 1705 2157 1704 2158
1 4 1705 1704 1706 2158
1 4 1705 1706 2161 2158
1 4 334 2157 1700 1705
1 4 2157 332 1698 1704
1 4 1700 1698 203 1695
1 4 1705 1704 1695 204
1 4 1705 2157 1700 1698
1 4 1705 1700 1695 1698
1 4 1705 1695 1704 1698
1 4 1705 1704 2157 1698
1 4 334 1700 1716 1705
1 4 1700 203 1697 1695
1 4 1716 1697 206 1701
1 4 1705 1695 1701 204
1 4 1705 1700 1716 1697
1 4 1705 1716 1701 1697
1 4 1705 1701 1695 1697
1 4 1705 1695 1700 1697
1 4 63 874 876 877
1 4 874 206 1714 1715
1 4 876 1714 242 1918
1 4 877 1715 1918 248
1 4 876 874 1715 877
1 4 876 877 1715 1918
1 4 876 1918 1715 1714
1 4 876 1714 1715 874
1 4 206 541 1685 1689
1 4 541 20 536 537
1 4 1685 536 201 1683
1 4 1689 537 1683 202
1 4 1685 541 537 1689
1 4 1685 1689 537 1683
1 4 1685 1683 537 536
1 4 1685 536 537 541
1 4 242 1688 593 1894
1 4 1688 201 587 1686
1 4 593 587 26 589
1 4 1894 1686 589 238
1 4 593 1688 1686 1894
1 4 593 1894 1686 589
1 4 593 589 1686 587
1 4 593 587 1686 1688
1 4 248 1694 1897 602
1 4 1694 202 1692 596
1 4 1897 1692 238 598
1 4 602 596 598 27
1 4 1897 1694 596 602
1 4 1897 602 596 598
1 4 1897 598 596 1692
1 4 1897 1692 596 1694
1 4 242 1714 1693 1918
1 4 1714 206 1689 1715
1 4 1693 1689 202 1694
1 4 1918 1715 1694 248
1 4 1693 1714 1715 1918
1 4 1693 1918 1715 1694
1 4 1693 1694 1715 1689
1 4 1693 1689 1715 1714
1 4 242 1918 1693 1894
1 4 1918 248 1694 1897
1 4 1693 1694 202 1692
1 4 1894 1897 1692 238
1 4 1693 1918 1897 1894
1 4 1693 1894 1897 1692
1 4 1693 1692 1897 1694
1 4 1693 1694 1897 1918
1 4 242 1894 1693 1688
1 4 1894 238 1692 1686
1 4 1693 1692 202 1683
1 4 1688 1686 1683 201
1 4 1693 1894 1686 1688
1 4 1693 1688 1686 1683
1 4 1693 1683 1686 1692
1 4 1693 1692 1686 1894
1 4 242 1688 1693 1714
1 4 1688 201 1683 1685
1 4 1693 1683 202 1689
1 4 1714 1685 1689 206
1 4 1693 1688 1685 1714
1 4 1693 1714 1685 1689
1 4 1693 1689 1685 1683
1 4 1693 1683 1685 1688
1 4 63 874 880 876
1 4 874 206 1718 1714
1 4 880 1718 348 1920
1 4 876 1714 1920 242
1 4 876 874 880 1718
1 4 876 880 1920 1718
1 4 876 1920 1714 1718
1 4 876 1714 874 1718
1 4 206 541 1707 1685
1 4 541 20 540 536
1 4 1707 540 205 1684
1 4 1685 536 1684 201
1 4 1685 541 1707 540
1 4 1685 1707 1684 540
1 4 1685 1684 536 540
1 4 1685 536 541 540
1 4 348 1712 871 1914
1 4 1712 205 865 1708
1 4 871 865 62 867
1 4 1914 1708 867 241
1 4 1914 1712 871 865
1 4 1914 871 867 865
1 4 1914 867 1708 865
1 4 1914 1708 1712 865
1 4 242 1688 1911 593
1 4 1688 201 1687 587
1 4 1911 1687 241 592
1 4 593 587 592 26
1 4 593 1688 1911 1687
1 4 593 1911 592 1687
1 4 593 592 587 1687
1 4 593 587 1688 1687
1 4 242 1714 1920 1709
1 4 1714 206 1718 1707
1 4 1920 1718 348 1712
1 4 1709 1707 1712 205
1 4 1709 1714 1920 1718
1 4 1709 1920 1712 1718
1 4 1709 1712 1707 1718
1 4 1709 1707 1714 1718
1 4 242 1920 1911 1709
1 4 1920 348 1914 1712
1 4 1911 1914 241 1708
1 4 1709 1712 1708 205
1 4 1709 1920 1911 1914
1 4 1709 1911 1708 1914
1 4 1709 1708 1712 1914
1 4 1709 1712 1920 1914
1 4 242 1911 1688 1709
1 4 1911 241 1687 1708
1 4 1688 1687 201 1684
1 4 1709 1708 1684 205
1 4 1709 1911 1688 1687
1 4 1709 1688 1684 1687
1 4 1709 1684 1708 1687
1 4 1709 1708 1911 1687
1 4 242 1688 1714 1709
1 4 1688 201 1685 1684
1 4 1714 1685 206 1707
1 4 1709 1684 1707 205
1 4 1709 1688 1714 1685
1 4 1709 1714 1707 1685
1 4 1709 1707 1684 1685
1 4 1709 1684 1688 1685
1 4 63 874 878 880
1 4 874 206 1716 1718
1 4 878 1716 334 2162
1 4 880 1718 2162 348
1 4 878 874 1718 880
1 4 878 880 1718 2162
1 4 878 2162 1718 1716
1 4 878 1716 1718 874
1 4 206 541 1697 1707
1 4 541 20 538 540
1 4 1697 538 203 1696
1 4 1707 540 1696 205
1 4 1697 541 540 1707
1 4 1697 1707 540 1696
1 4 1697 1696 540 538
1 4 1697 538 540 541
1 4 334 1700 819 2159
1 4 1700 203 813 1699
1 4 819 813 56 818
1 4 2159 1699 818 333
1 4 819 1700 1699 2159
1 4 819 2159 1699 818
1 4 819 818 1699 813
1 4 819 813 1699 1700
1 4 348 1712 2160 871
1 4 1712 205 1710 865
1 4 2160 1710 333 869
1 4 871 865 869 62
1 4 2160 1712 865 871
1 4 2160 871 865 869
1 4 2160 869 865 1710
1 4 2160 1710 865 1712
1 4 334 1716 1711 2162
1 4 1716 206 1707 1718
1 4 1711 1707 205 1712
1 4 2162 1718 1712 348
1 4 1711 1716 1718 2162
1 4 1711 2162 1718 1712
1 4 1711 1712 1718 1707
1 4 1711 1707 1718 1716
1 4 334 2162 1711 2159
1 4 2162 348 1712 2160
1 4 1711 1712 205 1710
1 4 2159 2160 1710 333
1 4 1711 2162 2160 2159
1 4 1711 2159 2160 1710
1 4 1711 1710 2160 1712
1 4 1711 1712 2160 2162
1 4 334 2159 1711 1700
1 4 2159 333 1710 1699
1 4 1711 1710 205 1696
1 4 1700 1699 1696 203
1 4 1711 2159 1699 1700
1 4 1711 1700 1699 1696
1 4 1711 1696 1699 1710
1 4 1711 1710 1699 2159
1 4 334 1700 1711 1716
1 4 1700 203 1696 1697
1 4 1711 1696 205 1707
1 4 1716 1697 1707 206
1 4 1711 1700 1697 1716
1 4 1711 1716 1697 1707
1 4 1711 1707 1697 1696
1 4 1711 1696 1697 1700
1 4 64 884 887 885
1 4 884 213 1757 1755
1 4 887 1757 255 1792
1 4 885 1755 1792 219
1 4 885 884 887 1757
1 4 885 887 1792 1757
1 4 885 1792 1755 1757
1 4 885 1755 884 1757
1 4 213 551 1731 1721
1 4 551 21 547 545
1 4 1731 547 209 1719
1 4 1721 545 1719 207
1 4 1721 551 1731 547
1 4 1721 1731 1719 547
1 4 1721 1719 545 547
1 4 1721 545 551 547
1 4 255 1736 612 1771
1 4 1736 209 606 1732
1 4 612 606 28 607
1 4 1771 1732 607 215
1 4 1771 1736 612 606
1 4 1771 612 607 606
1 4 1771 607 1732 606
1 4 1771 1732 1736 606
1 4 219 1724 1768 560
1 4 1724 207 1722 554
1 4 1768 1722 215 556
1 4 560 554 556 22
1 4 560 1724 1768 1722
1 4 560 1768 556 1722
1 4 560 556 554 1722
1 4 560 554 1724 1722
1 4 219 1755 1792 1733
1 4 1755 213 1757 1731
1 4 1792 1757 255 1736
1 4 1733 1731 1736 209
1 4 1733 1755 1792 1757
1 4 1733 1792 1736 1757
1 4 1733 1736 1731 1757
1 4 1733 1731 1755 1757
1 4 219 1792 1768 1733
1 4 1792 255 1771 1736
1 4 1768 1771 215 1732
1 4 1733 1736 1732 209
1 4 1733 1792 1768 1771
1 4 1733 1768 1732 1771
1 4 1733 1732 1736 1771
1 4 1733 1736 1792 1771
1 4 219 1768 1724 1733
1 4 1768 215 1722 1732
1 4 1724 1722 207 1719
1 4 1733 1732 1719 209
1 4 1733 1768 1724 1722
1 4 1733 1724 1719 1722
1 4 1733 1719 1732 1722
1 4 1733 1732 1768 1722
1 4 219 1724 1755 1733
1 4 1724 207 1721 1719
1 4 1755 1721 213 1731
1 4 1733 1719 1731 209
1 4 1733 1724 1755 1721
1 4 1733 1755 1731 1721
1 4 1733 1731 1719 1721
1 4 1733 1719 1724 1721
1 4 64 884 885 889
1 4 884 213 1755 1759
1 4 885 1755 219 1794
1 4 889 1759 1794 339
1 4 885 884 1759 889
1 4 885 889 1759 1794
1 4 885 1794 1759 1755
1 4 885 1755 1759 884
1 4 213 551 1721 1743
1 4 551 21 545 549
1 4 1721 545 207 1720
1 4 1743 549 1720 211
1 4 1721 551 549 1743
1 4 1721 1743 549 1720
1 4 1721 1720 549 545
1 4 1721 545 549 551
1 4 219 1724 560 1780
1 4 1724 207 554 1723
1 4 560 554 22 558
1 4 1780 1723 558 217
1 4 560 1724 1723 1780
1 4 560 1780 1723 558
1 4 560 558 1723 554
1 4 560 554 1723 1724
1 4 339 1748 1783 838
1 4 1748 211 1744 832
1 4 1783 1744 217 833
1 4 838 832 833 58
1 4 1783 1748 832 838
1 4 1783 838 832 833
1 4 1783 833 832 1744
1 4 1783 1744 832 1748
1 4 219 1755 1745 1794
1 4 1755 213 1743 1759
1 4 1745 1743 211 1748
1 4 1794 1759 1748 339
1 4 1745 1755 1759 1794
1 4 1745 1794 1759 1748
1 4 1745 1748 1759 1743
1 4 1745 1743 1759 1755
1 4 219 1794 1745 1780
1 4 1794 339 1748 1783
1 4 1745 1748 211 1744
1 4 1780 1783 1744 217
1 4 1745 1794 1783 1780
1 4 1745 1780 1783 1744
1 4 1745 1744 1783 1748
1 4 1745 1748 1783 1794
1 4 219 1780 1745 1724
1 4 1780 217 1744 1723
1 4 1745 1744 211 1720
1 4 1724 1723 1720 207
1 4 1745 1780 1723 1724
1 4 1745 1724 1723 1720
1 4 1745 1720 1723 1744
1 4 1745 1744 1723 1780
1 4 219 1724 1745 1755
1 4 1724 207 1720 1721
1 4 1745 1720 211 1743
1 4 1755 1721 1743 213
1 4 1745 1724 1721 1755
1 4 1745 1755 1721 1743
1 4 1745 1743 1721 1720
1 4 1745 1720 1721 1724
1 4 64 884 889 888
1 4 884 213 1759 1758
1 4 889 1759 339 2167
1 4 888 1758 2167 337
1 4 888 884 889 1759
1 4 888 889 2167 1759
1 4 888 2167 1758 1759
1 4 888 1758 884 1759
1 4 213 551 1743 1739
1 4 551 21 549 548
1 4 1743 549 211 1737
1 4 1739 548 1737 210
1 4 1739 551 1743 549
1 4 1739 1743 1737 549
1 4 1739 1737 548 549
1 4 1739 548 551 549
1 4 339 1748 838 2164
1 4 1748 211 832 1746
1 4 838 832 58 836
1 4 2164 1746 836 335
1 4 2164 1748 838 832
1 4 2164 838 836 832
1 4 2164 836 1746 832
1 4 2164 1746 1748 832
1 4 337 1742 2163 829
1 4 1742 210 1740 823
1 4 2163 1740 335 827
1 4 829 823 827 57
1 4 829 1742 2163 1740
1 4 829 2163 827 1740
1 4 829 827 823 1740
1 4 829 823 1742 1740
1 4 337 1758 2167 1747
1 4 1758 213 1759 1743
1 4 2167 1759 339 1748
1 4 1747 1743 1748 211
1 4 1747 1758 2167 1759
1 4 1747 2167 1748 1759
1 4 1747 1748 1743 1759
1 4 1747 1743 1758 1759
1 4 337 2167 2163 1747
1 4 2167 339 2164 1748
1 4 2163 2164 335 1746
1 4 1747 1748 1746 211
1 4 1747 2167 2163 2164
1 4 1747 2163 1746 2164
1 4 1747 1746 1748 2164
1 4 1747 1748 2167 2164
1 4 337 2163 1742 1747
1 4 2163 335 1740 1746
1 4 1742 1740 210 1737
1 4 1747 1746 1737 211
1 4 1747 2163 1742 1740
1 4 1747 1742 1737 1740
1 4 1747 1737 1746 1740
1 4 1747 1746 2163 1740
1 4 337 1742 1758 1747
1 4 1742 210 1739 1737
1 4 1758 1739 213 1743
1 4 1747 1737 1743 211
1 4 1747 1742 1758 1739
1 4 1747 1758 1743 1739
1 4 1747 1743 1737 1739
1 4 1747 1737 1742 1739
1 4 64 884 886 887
1 4 884 213 1756 1757
1 4 886 1756 249 1960
1 4 887 1757 1960 255
1 4 886 884 1757 887
1 4 886 887 1757 1960
1 4 886 1960 1757 1756
1 4 886 1756 1757 884
1 4 213 551 1727 1731
1 4 551 21 546 547
1 4 1727 546 208 1725
1 4 1731 547 1725 209
1 4 1727 551 547 1731
1 4 1727 1731 547 1725
1 4 1727 1725 547 546
1 4 1727 546 547 551
1 4 249 1730 603 1936
1 4 1730 208 597 1728
1 4 603 597 27 599
1 4 1936 1728 599 245
1 4 603 1730 1728 1936
1 4 603 1936 1728 599
1 4 603 599 1728 597
1 4 603 597 1728 1730
1 4 255 1736 1939 612
1 4 1736 209 1734 606
1 4 1939 1734 245 608
1 4 612 606 608 28
1 4 1939 1736 606 612
1 4 1939 612 606 608
1 4 1939 608 606 1734
1 4 1939 1734 606 1736
1 4 249 1756 1735 1960
1 4 1756 213 1731 1757
1 4 1735 1731 209 1736
1 4 1960 1757 1736 255
1 4 1735 1756 1757 1960
1 4 1735 1960 1757 1736
1 4 1735 1736 1757 1731
1 4 1735 1731 1757 1756
1 4 249 1960 1735 1936
1 4 1960 255 1736 1939
1 4 1735 1736 209 1734
1 4 1936 1939 1734 245
1 4 1735 1960 1939 1936
1 4 1735 1936 1939 1734
1 4 1735 1734 1939 1736
1 4 1735 1736 1939 1960
1 4 249 1936 1735 1730
1 4 1936 245 1734 1728
1 4 1735 1734 209 1725
1 4 1730 1728 1725 208
1 4 1735 1936 1728 1730
1 4 1735 1730 1728 1725
1 4 1735 1725 1728 1734
1 4 1735 1734 1728 1936
1 4 249 1730 1735 1756
1 4 1730 208 1725 1727
1 4 1735 1725 209 1731
1 4 1756 1727 1731 213
1 4 1735 1730 1727 1756
1 4 1735 1756 1727 1731
1 4 1735 1731 1727 1725
1 4 1735 1725 1727 1730
1 4 64 884 890 886
1 4 884 213 1760 1756
1 4 890 1760 351 1962
1 4 886 1756 1962 249
1 4 886 884 890 1760
1 4 886 890 1962 1760
1 4 886 1962 1756 1760
1 4 886 1756 884 1760
1 4 213 551 1749 1727
1 4 551 21 550 546
1 4 1749 550 212 1726
1 4 1727 546 1726 208
1 4 1727 551 1749 550
1 4 1727 1749 1726 550
1 4 1727 1726 546 550
1 4 1727 546 551 550
1 4 351 1754 881 1956
1 4 1754 212 875 1750
1 4 881 875 63 877
1 4 1956 1750 877 248
1 4 1956 1754 881 875
1 4 1956 881 877 875
1 4 1956 877 1750 875
1 4 1956 1750 1754 875
1 4 249 1730 1953 603
1 4 1730 208 1729 597
1 4 1953 1729 248 602
1 4 603 597 602 27
1 4 603 1730 1953 1729
1 4 603 1953 602 1729
1 4 603 602 597 1729
1 4 603 597 1730 1729
1 4 249 1756 1962 1751
1 4 1756 213 1760 1749
1 4 1962 1760 351 1754
1 4 1751 1749 1754 212
1 4 1751 1756 1962 1760
1 4 1751 1962 1754 1760
1 4 1751 1754 1749 1760
1 4 1751 1749 1756 1760
1 4 249 1962 1953 1751
1 4 1962 351 1956 1754
1 4 1953 1956 248 1750
1 4 1751 1754 1750 212
1 4 1751 1962 1953 1956
1 4 1751 1953 1750 1956
1 4 1751 1750 1754 1956
1 4 1751 1754 1962 1956
1 4 249 1953 1730 1751
1 4 1953 248 1729 1750
1 4 1730 1729 208 1726
1 4 1751 1750 1726 212
1 4 1751 1953 1730 1729
1 4 1751 1730 1726 1729
1 4 1751 1726 1750 1729
1 4 1751 1750 1953 1729
1 4 249 1730 1756 1751
1 4 1730 208 1727 1726
1 4 1756 1727 213 1749
1 4 1751 1726 1749 212
1 4 1751 1730 1756 1727
1 4 1751 1756 1749 1727
1 4 1751 1749 1726 1727
1 4 1751 1726 1730 1727
1 4 64 884 888 890
1 4 884 213 1758 1760
1 4 888 1758 337 2168
1 4 890 1760 2168 351
1 4 888 884 1760 890
1 4 888 890 1760 2168
1 4 888 2168 1760 1758
1 4 888 1758 1760 884
1 4 213 551 1739 1749
1 4 551 21 548 550
1 4 1739 548 210 1738
1 4 1749 550 1738 212
1 4 1739 551 550 1749
1 4 1739 1749 550 1738
1 4 1739 1738 550 548
1 4 1739 548 550 551
1 4 337 1742 829 2165
1 4 1742 210 823 1741
1 4 829 823 57 828
1 4 2165 1741 828 336
1 4 829 1742 1741 2165
1 4 829 2165 1741 828
1 4 829 828 1741 823
1 4 829 823 1741 1742
1 4 351 1754 2166 881
1 4 1754 212 1752 875
1 4 2166 1752 336 879
1 4 881 875 879 63
1 4 2166 1754 875 881
1 4 2166 881 875 879
1 4 2166 879 875 1752
1 4 2166 1752 875 1754
1 4 337 1758 1753 2168
1 4 1758 213 1749 1760
1 4 1753 1749 212 1754
1 4 2168 1760 1754 351
1 4 1753 1758 1760 2168
1 4 1753 2168 1760 1754
1 4 1753 1754 1760 1749
1 4 1753 1749 1760 1758
1 4 337 2168 1753 2165
1 4 2168 351 1754 2166
1 4 1753 1754 212 1752
1 4 2165 2166 1752 336
1 4 1753 2168 2166 2165
1 4 1753 2165 2166 1752
1 4 1753 1752 2166 1754
1 4 1753 1754 2166 2168
1 4 337 2165 1753 1742
1 4 2165 336 1752 1741
1 4 1753 1752 212 1738
1 4 1742 1741 1738 210
1 4 1753 2165 1741 1742
1 4 1753 1742 1741 1738
1 4 1753 1738 1741 1752
1 4 1753 1752 1741 2165
1 4 337 1742 1753 1758
1 4 1742 210 1738 1739
1 4 1753 1738 212 1749
1 4 1758 1739 1749 213
1 4 1753 1742 1739 1758
1 4 1753 1758 1739 1749
1 4 1753 1749 1739 1738
1 4 1753 1738 1739 1742
1 4 65 894 897 895
1 4 894 220 1799 1797
1 4 897 1799 260 1807
1 4 895 1797 1807 223
1 4 895 894 897 1799
1 4 895 897 1807 1799
1 4 895 1807 1797 1799
1 4 895 1797 894 1799
1 4 220 561 1773 1763
1 4 561 22 557 555
1 4 1773 557 216 1761
1 4 1763 555 1761 214
1 4 1763 561 1773 557
1 4 1763 1773 1761 557
1 4 1763 1761 555 557
1 4 1763 555 561 557
1 4 260 1778 620 1804
1 4 1778 216 616 1774
1 4 620 616 29 617
1 4 1804 1774 617 221
1 4 1804 1778 620 616
1 4 1804 620 617 616
1 4 1804 617 1774 616
1 4 1804 1774 1778 616
1 4 223 1766 1803 567
1 4 1766 214 1764 564
1 4 1803 1764 221 565
1 4 567 564 565 23
1 4 567 1766 1803 1764
1 4 567 1803 565 1764
1 4 567 565 564 1764
1 4 567 564 1766 1764
1 4 223 1797 1807 1775
1 4 1797 220 1799 1773
1 4 1807 1799 260 1778
1 4 1775 1773 1778 216
1 4 1775 1797 1807 1799
1 4 1775 1807 1778 1799
1 4 1775 1778 1773 1799
1 4 1775 1773 1797 1799
1 4 223 1807 1803 1775
1 4 1807 260 1804 1778
1 4 1803 1804 221 1774
1 4 1775 1778 1774 216
1 4 1775 1807 1803 1804
1 4 1775 1803 1774 1804
1 4 1775 1774 1778 1804
1 4 1775 1778 1807 1804
1 4 223 1803 1766 1775
1 4 1803 221 1764 1774
1 4 1766 1764 214 1761
1 4 1775 1774 1761 216
1 4 1775 1803 1766 1764
1 4 1775 1766 1761 1764
1 4 1775 1761 1774 1764
1 4 1775 1774 1803 1764
1 4 223 1766 1797 1775
1 4 1766 214 1763 1761
1 4 1797 1763 220 1773
1 4 1775 1761 1773 216
1 4 1775 1766 1797 1763
1 4 1775 1797 1773 1763
1 4 1775 1773 1761 1763
1 4 1775 1761 1766 1763
1 4 65 894 895 899
1 4 894 220 1797 1801
1 4 895 1797 223 1808
1 4 899 1801 1808 341
1 4 895 894 1801 899
1 4 895 899 1801 1808
1 4 895 1808 1801 1797
1 4 895 1797 1801 894
1 4 220 561 1763 1785
1 4 561 22 555 559
1 4 1763 555 214 1762
1 4 1785 559 1762 218
1 4 1763 561 559 1785
1 4 1763 1785 559 1762
1 4 1763 1762 559 555
1 4 1763 555 559 561
1 4 223 1766 567 1805
1 4 1766 214 564 1765
1 4 567 564 23 566
1 4 1805 1765 566 222
1 4 567 1766 1765 1805
1 4 567 1805 1765 566
1 4 567 566 1765 564
1 4 567 564 1765 1766
1 4 341 1790 1806 847
1 4 1790 218 1786 842
1 4 1806 1786 222 843
1 4 847 842 843 59
1 4 1806 1790 842 847
1 4 1806 847 842 843
1 4 1806 843 842 1786
1 4 1806 1786 842 1790
1 4 223 1797 1787 1808
1 4 1797 220 1785 1801
1 4 1787 1785 218 1790
1 4 1808 1801 1790 341
1 4 1787 1797 1801 1808
1 4 1787 1808 1801 1790
1 4 1787 1790 1801 1785
1 4 1787 1785 1801 1797
1 4 223 1808 1787 1805
1 4 1808 341 1790 1806
1 4 1787 1790 218 1786
1 4 1805 1806 1786 222
1 4 1787 1808 1806 1805
1 4 1787 1805 1806 1786
1 4 1787 1786 1806 1790
1 4 1787 1790 1806 1808
1 4 223 1805 1787 1766
1 4 1805 222 1786 1765
1 4 1787 1786 218 1762
1 4 1766 1765 1762 214
1 4 1787 1805 1765 1766
1 4 1787 1766 1765 1762
1 4 1787 1762 1765 1786
1 4 1787 1786 1765 1805
1 4 223 1766 1787 1797
1 4 1766 214 1762 1763
1 4 1787 1762 218 1785
1 4 1797 1763 1785 220
1 4 1787 1766 1763 1797
1 4 1787 1797 1763 1785
1 4 1787 1785 1763 1762
1 4 1787 1762 1763 1766
1 4 65 894 899 898
1 4 894 220 1801 1800
1 4 899 1801 341 2173
1 4 898 1800 2173 340
1 4 898 894 899 1801
1 4 898 899 2173 1801
1 4 898 2173 1800 1801
1 4 898 1800 894 1801
1 4 220 561 1785 1781
1 4 561 22 559 558
1 4 1785 559 218 1779
1 4 1781 558 1779 217
1 4 1781 561 1785 559
1 4 1781 1785 1779 559
1 4 1781 1779 558 559
1 4 1781 558 561 559
1 4 341 1790 847 2170
1 4 1790 218 842 1788
1 4 847 842 59 846
1 4 2170 1788 846 338
1 4 2170 1790 847 842
1 4 2170 847 846 842
1 4 2170 846 1788 842
1 4 2170 1788 1790 842
1 4 340 1784 2169 839
1 4 1784 217 1782 833
1 4 2169 1782 338 837
1 4 839 833 837 58
1 4 839 1784 2169 1782
1 4 839 2169 837 1782
1 4 839 837 833 1782
1 4 839 833 1784 1782
1 4 340 1800 2173 1789
1 4 1800 220 1801 1785
1 4 2173 1801 341 1790
1 4 1789 1785 1790 218
1 4 1789 1800 2173 1801
1 4 1789 2173 1790 1801
1 4 1789 1790 1785 1801
1 4 1789 1785 1800 1801
1 4 340 2173 2169 1789
1 4 2173 341 2170 1790
1 4 2169 2170 338 1788
1 4 1789 1790 1788 218
1 4 1789 2173 2169 2170
1 4 1789 2169 1788 2170
1 4 1789 1788 1790 2170
1 4 1789 1790 2173 2170
1 4 340 2169 1784 1789
1 4 2169 338 1782 1788
1 4 1784 1782 217 1779
1 4 1789 1788 1779 218
1 4 1789 2169 1784 1782
1 4 1789 1784 1779 1782
1 4 1789 1779 1788 1782
1 4 1789 1788 2169 1782
1 4 340 1784 1800 1789
1 4 1784 217 1781 1779
1 4 1800 1781 220 1785
1 4 1789 1779 1785 218
1 4 1789 1784 1800 1781
1 4 1789 1800 1785 1781
1 4 1789 1785 1779 1781
1 4 1789 1779 1784 1781
1 4 65 894 896 897
1 4 894 220 1798 1799
1 4 896 1798 256 2002
1 4 897 1799 2002 260
1 4 896 894 1799 897
1 4 896 897 1799 2002
1 4 896 2002 1799 1798
1 4 896 1798 1799 894
1 4 220 561 1769 1773
1 4 561 22 556 557
1 4 1769 556 215 1767
1 4 1773 557 1767 216
1 4 1769 561 557 1773
1 4 1769 1773 557 1767
1 4 1769 1767 557 556
1 4 1769 556 557 561
1 4 256 1772 613 1978
1 4 1772 215 607 1770
1 4 613 607 28 609
1 4 1978 1770 609 252
1 4 613 1772 1770 1978
1 4 613 1978 1770 609
1 4 613 609 1770 607
1 4 613 607 1770 1772
1 4 260 1778 1981 620
1 4 1778 216 1776 616
1 4 1981 1776 252 618
1 4 620 616 618 29
1 4 1981 1778 616 620
1 4 1981 620 616 618
1 4 1981 618 616 1776
1 4 1981 1776 616 1778
1 4 256 1798 1777 2002
1 4 1798 220 1773 1799
1 4 1777 1773 216 1778
1 4 2002 1799 1778 260
1 4 1777 1798 1799 2002
1 4 1777 2002 1799 1778
1 4 1777 1778 1799 1773
1 4 1777 1773 1799 1798
1 4 256 2002 1777 1978
1 4 2002 260 1778 1981
1 4 1777 1778 216 1776
1 4 1978 1981 1776 252
1 4 1777 2002 1981 1978
1 4 1777 1978 1981 1776
1 4 1777 1776 1981 1778
1 4 1777 1778 1981 2002
1 4 256 1978 1777 1772
1 4 1978 252 1776 1770
1 4 1777 1776 216 1767
1 4 1772 1770 1767 215
1 4 1777 1978 1770 1772
1 4 1777 1772 1770 1767
1 4 1777 1767 1770 1776
1 4 1777 1776 1770 1978
1 4 256 1772 1777 1798
1 4 1772 215 1767 1769
1 4 1777 1767 216 1773
1 4 1798 1769 1773 220
1 4 1777 1772 1769 1798
1 4 1777 1798 1769 1773
1 4 1777 1773 1769 1767
1 4 1777 1767 1769 1772
1 4 65 894 900 896
1 4 894 220 1802 1798
1 4 900 1802 354 2004
1 4 896 1798 2004 256
1 4 896 894 900 1802
1 4 896 900 2004 1802
1 4 896 2004 1798 1802
1 4 896 1798 894 1802
1 4 220 561 1791 1769
1 4 561 22 560 556
1 4 1791 560 219 1768
1 4 1769 556 1768 215
1 4 1769 561 1791 560
1 4 1769 1791 1768 560
1 4 1769 1768 556 560
1 4 1769 556 561 560
1 4 354 1796 891 1998
1 4 1796 219 885 1792
1 4 891 885 64 887
1 4 1998 1792 887 255
1 4 1998 1796 891 885
1 4 1998 891 887 885
1 4 1998 887 1792 885
1 4 1998 1792 1796 885
1 4 256 1772 1995 613
1 4 1772 215 1771 607
1 4 1995 1771 255 612
1 4 613 607 612 28
1 4 613 1772 1995 1771
1 4 613 1995 612 1771
1 4 613 612 607 1771
1 4 613 607 1772 1771
1 4 256 1798 2004 1793
1 4 1798 220 1802 1791
1 4 2004 1802 354 1796
1 4 1793 1791 1796 219
1 4 1793 1798 2004 1802
1 4 1793 2004 1796 1802
1 4 1793 1796 1791 1802
1 4 1793 1791 1798 1802
1 4 256 2004 1995 1793
1 4 2004 354 1998 1796
1 4 1995 1998 255 1792
1 4 1793 1796 1792 219
1 4 1793 2004 1995 1998
1 4 1793 1995 1792 1998
1 4 1793 1792 1796 1998
1 4 1793 1796 2004 1998
1 4 256 1995 1772 1793
1 4 1995 255 1771 1792
1 4 1772 1771 215 1768
1 4 1793 1792 1768 219
1 4 1793 1995 1772 1771
1 4 1793 1772 1768 1771
1 4 1793 1768 1792 1771
1 4 1793 1792 1995 1771
1 4 256 1772 1798 1793
1 4 1772 215 1769 1768
1 4 1798 1769 220 1791
1 4 1793 1768 1791 219
1 4 1793 1772 1798 1769
1 4 1793 1798 1791 1769
1 4 1793 1791 1768 1769
1 4 1793 1768 1772 1769
1 4 65 894 898 900
1 4 894 220 1800 1802
1 4 898 1800 340 2174
1 4 900 1802 2174 354
1 4 898 894 1802 900
1 4 898 900 1802 2174
1 4 898 2174 1802 1800
1 4 898 1800 1802 894
1 4 220 561 1781 1791
1 4 561 22 558 560
1 4 1781 558 217 1780
1 4 1791 560 1780 219
1 4 1781 561 560 1791
1 4 1781 1791 560 1780
1 4 1781 1780 560 558
1 4 1781 558 560 561
1 4 340 1784 839 2171
1 4 1784 217 833 1783
1 4 839 833 58 838
1 4 2171 1783 838 339
1 4 839 1784 1783 2171
1 4 839 2171 1783 838
1 4 839 838 1783 833
1 4 839 833 1783 1784
1 4 354 1796 2172 891
1 4 1796 219 1794 885
1 4 2172 1794 339 889
1 4 891 885 889 64
1 4 2172 1796 885 891
1 4 2172 891 885 889
1 4 2172 889 885 1794
1 4 2172 1794 885 1796
1 4 340 1800 1795 2174
1 4 1800 220 1791 1802
1 4 1795 1791 219 1796
1 4 2174 1802 1796 354
1 4 1795 1800 1802 2174
1 4 1795 2174 1802 1796
1 4 1795 1796 1802 1791
1 4 1795 1791 1802 1800
1 4 340 2174 1795 2171
1 4 2174 354 1796 2172
1 4 1795 1796 219 1794
1 4 2171 2172 1794 339
1 4 1795 2174 2172 2171
1 4 1795 2171 2172 1794
1 4 1795 1794 2172 1796
1 4 1795 1796 2172 2174
1 4 340 2171 1795 1784
1 4 2171 339 1794 1783
1 4 1795 1794 219 1780
1 4 1784 1783 1780 217
1 4 1795 2171 1783 1784
1 4 1795 1784 1783 1780
1 4 1795 1780 1783 1794
1 4 1795 1794 1783 2171
1 4 340 1784 1795 1800
1 4 1784 217 1780 1781
1 4 1795 1780 219 1791
1 4 1800 1781 1791 220
1 4 1795 1784 1781 1800
1 4 1795 1800 1781 1791
1 4 1795 1791 1781 1780
1 4 1795 1780 1781 1784
1 4 67 906 909 907
1 4 906 230 1847 1845
1 4 909 1847 266 1882
1 4 907 1845 1882 236
1 4 907 906 909 1847
1 4 907 909 1882 1847
1 4 907 1882 1845 1847
1 4 907 1845 906 1847
1 4 230 575 1821 1811
1 4 575 24 571 569
1 4 1821 571 226 1809
1 4 1811 569 1809 224
1 4 1811 575 1821 571
1 4 1811 1821 1809 571
1 4 1811 1809 569 571
1 4 1811 569 575 571
1 4 266 1826 630 1861
1 4 1826 226 626 1822
1 4 630 626 31 627
1 4 1861 1822 627 232
1 4 1861 1826 630 626
1 4 1861 630 627 626
1 4 1861 627 1822 626
1 4 1861 1822 1826 626
1 4 236 1814 1858 584
1 4 1814 224 1812 578
1 4 1858 1812 232 580
1 4 584 578 580 25
1 4 584 1814 1858 1812
1 4 584 1858 580 1812
1 4 584 580 578 1812
1 4 584 578 1814 1812
1 4 236 1845 1882 1823
1 4 1845 230 1847 1821
1 4 1882 1847 266 1826
1 4 1823 1821 1826 226
1 4 1823 1845 1882 1847
1 4 1823 1882 1826 1847
1 4 1823 1826 1821 1847
1 4 1823 1821 1845 1847
1 4 236 1882 1858 1823
1 4 1882 266 1861 1826
1 4 1858 1861 232 1822
1 4 1823 1826 1822 226
1 4 1823 1882 1858 1861
1 4 1823 1858 1822 1861
1 4 1823 1822 1826 1861
1 4 1823 1826 1882 1861
1 4 236 1858 1814 1823
1 4 1858 232 1812 1822
1 4 1814 1812 224 1809
1 4 1823 1822 1809 226
1 4 1823 1858 1814 1812
1 4 1823 1814 1809 1812
1 4 1823 1809 1822 1812
1 4 1823 1822 1858 1812
1 4 236 1814 1845 1823
1 4 1814 224 1811 1809
1 4 1845 1811 230 1821
1 4 1823 1809 1821 226
1 4 1823 1814 1845 1811
1 4 1823 1845 1821 1811
1 4 1823 1821 1809 1811
1 4 1823 1809 1814 1811
1 4 67 906 907 911
1 4 906 230 1845 1849
1 4 907 1845 236 1884
1 4 911 1849 1884 346
1 4 907 906 1849 911
1 4 907 911 1849 1884
1 4 907 1884 1849 1845
1 4 907 1845 1849 906
1 4 230 575 1811 1833
1 4 575 24 569 573
1 4 1811 569 224 1810
1 4 1833 573 1810 228
1 4 1811 575 573 1833
1 4 1811 1833 573 1810
1 4 1811 1810 573 569
1 4 1811 569 573 575
1 4 236 1814 584 1870
1 4 1814 224 578 1813
1 4 584 578 25 582
1 4 1870 1813 582 234
1 4 584 1814 1813 1870
1 4 584 1870 1813 582
1 4 584 582 1813 578
1 4 584 578 1813 1814
1 4 346 1838 1873 862
1 4 1838 228 1834 856
1 4 1873 1834 234 857
1 4 862 856 857 61
1 4 1873 1838 856 862
1 4 1873 862 856 857
1 4 1873 857 856 1834
1 4 1873 1834 856 1838
1 4 236 1845 1835 1884
1 4 1845 230 1833 1849
1 4 1835 1833 228 1838
1 4 1884 1849 1838 346
1 4 1835 1845 1849 1884
1 4 1835 1884 1849 1838
1 4 1835 1838 1849 1833
1 4 1835 1833 1849 1845
1 4 236 1884 1835 1870
1 4 1884 346 1838 1873
1 4 1835 1838 228 1834
1 4 1870 1873 1834 234
1 4 1835 1884 1873 1870
1 4 1835 1870 1873 1834
1 4 1835 1834 1873 1838
1 4 1835 1838 1873 1884
1 4 236 1870 1835 1814
1 4 1870 234 1834 1813
1 4 1835 1834 228 1810
1 4 1814 1813 1810 224
1 4 1835 1870 1813 1814
1 4 1835 1814 1813 1810
1 4 1835 1810 1813 1834
1 4 1835 1834 1813 1870
1 4 236 1814 1835 1845
1 4 1814 224 1810 1811
1 4 1835 1810 228 1833
1 4 1845 1811 1833 230
1 4 1835 1814 1811 1845
1 4 1835 1845 1811 1833
1 4 1835 1833 1811 1810
1 4 1835 1810 1811 1814
1 4 67 906 911 910
1 4 906 230 1849 1848
1 4 911 1849 346 2179
1 4 910 1848 2179 344
1 4 910 906 911 1849
1 4 910 911 2179 1849
1 4 910 2179 1848 1849
1 4 910 1848 906 1849
1 4 230 575 1833 1829
1 4 575 24 573 572
1 4 1833 573 228 1827
1 4 1829 572 1827 227
1 4 1829 575 1833 573
1 4 1829 1833 1827 573
1 4 1829 1827 572 573
1 4 1829 572 575 573
1 4 346 1838 862 2176
1 4 1838 228 856 1836
1 4 862 856 61 860
1 4 2176 1836 860 342
1 4 2176 1838 862 856
1 4 2176 862 860 856
1 4 2176 860 1836 856
1 4 2176 1836 1838 856
1 4 344 1832 2175 853
1 4 1832 227 1830 849
1 4 2175 1830 342 851
1 4 853 849 851 60
1 4 853 1832 2175 1830
1 4 853 2175 851 1830
1 4 853 851 849 1830
1 4 853 849 1832 1830
1 4 344 1848 2179 1837
1 4 1848 230 1849 1833
1 4 2179 1849 346 1838
1 4 1837 1833 1838 228
1 4 1837 1848 2179 1849
1 4 1837 2179 1838 1849
1 4 1837 1838 1833 1849
1 4 1837 1833 1848 1849
1 4 344 2179 2175 1837
1 4 2179 346 2176 1838
1 4 2175 2176 342 1836
1 4 1837 1838 1836 228
1 4 1837 2179 2175 2176
1 4 1837 2175 1836 2176
1 4 1837 1836 1838 2176
1 4 1837 1838 2179 2176
1 4 344 2175 1832 1837
1 4 2175 342 1830 1836
1 4 1832 1830 227 1827
1 4 1837 1836 1827 228
1 4 1837 2175 1832 1830
1 4 1837 1832 1827 1830
1 4 1837 1827 1836 1830
1 4 1837 1836 2175 1830
1 4 344 1832 1848 1837
1 4 1832 227 1829 1827
1 4 1848 1829 230 1833
1 4 1837 1827 1833 228
1 4 1837 1832 1848 1829
1 4 1837 1848 1833 1829
1 4 1837 1833 1827 1829
1 4 1837 1827 1832 1829
1 4 67 906 908 909
1 4 906 230 1846 1847
1 4 908 1846 264 2029
1 4 909 1847 2029 266
1 4 908 906 1847 909
1 4 908 909 1847 2029
1 4 908 2029 1847 1846
1 4 908 1846 1847 906
1 4 230 575 1817 1821
1 4 575 24 570 571
1 4 1817 570 225 1815
1 4 1821 571 1815 226
1 4 1817 575 571 1821
1 4 1817 1821 571 1815
1 4 1817 1815 571 570
1 4 1817 570 571 575
1 4 264 1820 625 2025
1 4 1820 225 622 1818
1 4 625 622 30 623
1 4 2025 1818 623 262
1 4 625 1820 1818 2025
1 4 625 2025 1818 623
1 4 625 623 1818 622
1 4 625 622 1818 1820
1 4 266 1826 2026 630
1 4 1826 226 1824 626
1 4 2026 1824 262 628
1 4 630 626 628 31
1 4 2026 1826 626 630
1 4 2026 630 626 628
1 4 2026 628 626 1824
1 4 2026 1824 626 1826
1 4 264 1846 1825 2029
1 4 1846 230 1821 1847
1 4 1825 1821 226 1826
1 4 2029 1847 1826 266
1 4 1825 1846 1847 2029
1 4 1825 2029 1847 1826
1 4 1825 1826 1847 1821
1 4 1825 1821 1847 1846
1 4 264 2029 1825 2025
1 4 2029 266 1826 2026
1 4 1825 1826 226 1824
1 4 2025 2026 1824 262
1 4 1825 2029 2026 2025
1 4 1825 2025 2026 1824
1 4 1825 1824 2026 1826
1 4 1825 1826 2026 2029
1 4 264 2025 1825 1820
1 4 2025 262 1824 1818
1 4 1825 1824 226 1815
1 4 1820 1818 1815 225
1 4 1825 2025 1818 1820
1 4 1825 1820 1818 1815
1 4 1825 1815 1818 1824
1 4 1825 1824 1818 2025
1 4 264 1820 1825 1846
1 4 1820 225 1815 1817
1 4 1825 1815 226 1821
1 4 1846 1817 1821 230
1 4 1825 1820 1817 1846
1 4 1825 1846 1817 1821
1 4 1825 1821 1817 1815
1 4 1825 1815 1817 1820
1 4 67 906 912 908
1 4 906 230 1850 1846
1 4 912 1850 358 2030
1 4 908 1846 2030 264
1 4 908 906 912 1850
1 4 908 912 2030 1850
1 4 908 2030 1846 1850
1 4 908 1846 906 1850
1 4 230 575 1839 1817
1 4 575 24 574 570
1 4 1839 574 229 1816
1 4 1817 570 1816 225
1 4 1817 575 1839 574
1 4 1817 1839 1816 574
1 4 1817 1816 570 574
1 4 1817 570 575 574
1 4 358 1844 905 2028
1 4 1844 229 902 1840
1 4 905 902 66 903
1 4 2028 1840 903 263
1 4 2028 1844 905 902
1 4 2028 905 903 902
1 4 2028 903 1840 902
1 4 2028 1840 1844 902
1 4 264 1820 2027 625
1 4 1820 225 1819 622
1 4 2027 1819 263 624
1 4 625 622 624 30
1 4 625 1820 2027 1819
1 4 625 2027 624 1819
1 4 625 624 622 1819
1 4 625 622 1820 1819
1 4 264 1846 2030 1841
1 4 1846 230 1850 1839
1 4 2030 1850 358 1844
1 4 1841 1839 1844 229
1 4 1841 1846 2030 1850
1 4 1841 2030 1844 1850
1 4 1841 1844 1839 1850
1 4 1841 1839 1846 1850
1 4 264 2030 2027 1841
1 4 2030 358 2028 1844
1 4 2027 2028 263 1840
1 4 1841 1844 1840 229
1 4 1841 2030 2027 2028
1 4 1841 2027 1840 2028
1 4 1841 1840 1844 2028
1 4 1841 1844 2030 2028
1 4 264 2027 1820 1841
1 4 2027 263 1819 1840
1 4 1820 1819 225 1816
1 4 1841 1840 1816 229
1 4 1841 2027 1820 1819
1 4 1841 1820 1816 1819
1 4 1841 1816 1840 1819
1 4 1841 1840 2027 1819
1 4 264 1820 1846 1841
1 4 1820 225 1817 1816
1 4 1846 1817 230 1839
1 4 1841 1816 1839 229
1 4 1841 1820 1846 1817
1 4 1841 1846 1839 1817
1 4 1841 1839 1816 1817
1 4 1841 1816 1820 1817
1 4 67 906 910 912
1 4 906 230 1848 1850
1 4 910 1848 344 2180
1 4 912 1850 2180 358
1 4 910 906 1850 912
1 4 910 912 1850 2180
1 4 910 2180 1850 1848
1 4 910 1848 1850 906
1 4 230 575 1829 1839
1 4 575 24 572 574
1 4 1829 572 227 1828
1 4 1839 574 1828 229
1 4 1829 575 574 1839
1 4 1829 1839 574 1828
1 4 1829 1828 574 572
1 4 1829 572 574 575
1 4 344 1832 853 2177
1 4 1832 227 849 1831
1 4 853 849 60 852
1 4 2177 1831 852 343
1 4 853 1832 1831 2177
1 4 853 2177 1831 852
1 4 853 852 1831 849
1 4 853 849 1831 1832
1 4 358 1844 2178 905
1 4 1844 229 1842 902
1 4 2178 1842 343 904
1 4 905 902 904 66
1 4 2178 1844 902 905
1 4 2178 905 902 904
1 4 2178 904 902 1842
1 4 2178 1842 902 1844
1 4 344 1848 1843 2180
1 4 1848 230 1839 1850
1 4 1843 1839 229 1844
1 4 2180 1850 1844 358
1 4 1843 1848 1850 2180
1 4 1843 2180 1850 1844
1 4 1843 1844 1850 1839
1 4 1843 1839 1850 1848
1 4 344 2180 1843 2177
1 4 2180 358 1844 2178
1 4 1843 1844 229 1842
1 4 2177 2178 1842 343
1 4 1843 2180 2178 2177
1 4 1843 2177 2178 1842
1 4 1843 1842 2178 1844
1 4 1843 1844 2178 2180
1 4 344 2177 1843 1832
1 4 2177 343 1842 1831
1 4 1843 1842 229 1828
1 4 1832 1831 1828 227
1 4 1843 2177 1831 1832
1 4 1843 1832 1831 1828
1 4 1843 1828 1831 1842
1 4 1843 1842 1831 2177
1 4 344 1832 1843 1848
1 4 1832 227 1828 1829
1 4 1843 1828 229 1839
1 4 1848 1829 1839 230
1 4 1843 1832 1829 1848
1 4 1843 1848 1829 1839
1 4 1843 1839 1829 1828
1 4 1843 1828 1829 1832
1 4 68 914 917 915
1 4 914 237 1889 1887
1 4 917 1889 269 1924
1 4 915 1887 1924 243
1 4 915 914 917 1889
1 4 915 917 1924 1889
1 4 915 1924 1887 1889
1 4 915 1887 914 1889
1 4 237 585 1863 1853
1 4 585 25 581 579
1 4 1863 581 233 1851
1 4 1853 579 1851 231
1 4 1853 585 1863 581
1 4 1853 1863 1851 581
1 4 1853 1851 579 581
1 4 1853 579 585 581
1 4 269 1868 636 1903
1 4 1868 233 632 1864
1 4 636 632 32 633
1 4 1903 1864 633 239
1 4 1903 1868 636 632
1 4 1903 636 633 632
1 4 1903 633 1864 632
1 4 1903 1864 1868 632
1 4 243 1856 1900 594
1 4 1856 231 1854 588
1 4 1900 1854 239 590
1 4 594 588 590 26
1 4 594 1856 1900 1854
1 4 594 1900 590 1854
1 4 594 590 588 1854
1 4 594 588 1856 1854
1 4 243 1887 1924 1865
1 4 1887 237 1889 1863
1 4 1924 1889 269 1868
1 4 1865 1863 1868 233
1 4 1865 1887 1924 1889
1 4 1865 1924 1868 1889
1 4 1865 1868 1863 1889
1 4 1865 1863 1887 1889
1 4 243 1924 1900 1865
1 4 1924 269 1903 1868
1 4 1900 1903 239 1864
1 4 1865 1868 1864 233
1 4 1865 1924 1900 1903
1 4 1865 1900 1864 1903
1 4 1865 1864 1868 1903
1 4 1865 1868 1924 1903
1 4 243 1900 1856 1865
1 4 1900 239 1854 1864
1 4 1856 1854 231 1851
1 4 1865 1864 1851 233
1 4 1865 1900 1856 1854
1 4 1865 1856 1851 1854
1 4 1865 1851 1864 1854
1 4 1865 1864 1900 1854
1 4 243 1856 1887 1865
1 4 1856 231 1853 1851
1 4 1887 1853 237 1863
1 4 1865 1851 1863 233
1 4 1865 1856 1887 1853
1 4 1865 1887 1863 1853
1 4 1865 1863 1851 1853
1 4 1865 1851 1856 1853
1 4 68 914 915 919
1 4 914 237 1887 1891
1 4 915 1887 243 1926
1 4 919 1891 1926 349
1 4 915 914 1891 919
1 4 915 919 1891 1926
1 4 915 1926 1891 1887
1 4 915 1887 1891 914
1 4 237 585 1853 1875
1 4 585 25 579 583
1 4 1853 579 231 1852
1 4 1875 583 1852 235
1 4 1853 585 583 1875
1 4 1853 1875 583 1852
1 4 1853 1852 583 579
1 4 1853 579 583 585
1 4 243 1856 594 1912
1 4 1856 231 588 1855
1 4 594 588 26 592
1 4 1912 1855 592 241
1 4 594 1856 1855 1912
1 4 594 1912 1855 592
1 4 594 592 1855 588
1 4 594 588 1855 1856
1 4 349 1880 1915 872
1 4 1880 235 1876 866
1 4 1915 1876 241 867
1 4 872 866 867 62
1 4 1915 1880 866 872
1 4 1915 872 866 867
1 4 1915 867 866 1876
1 4 1915 1876 866 1880
1 4 243 1887 1877 1926
1 4 1887 237 1875 1891
1 4 1877 1875 235 1880
1 4 1926 1891 1880 349
1 4 1877 1887 1891 1926
1 4 1877 1926 1891 1880
1 4 1877 1880 1891 1875
1 4 1877 1875 1891 1887
1 4 243 1926 1877 1912
1 4 1926 349 1880 1915
1 4 1877 1880 235 1876
1 4 1912 1915 1876 241
1 4 1877 1926 1915 1912
1 4 1877 1912 1915 1876
1 4 1877 1876 1915 1880
1 4 1877 1880 1915 1926
1 4 243 1912 1877 1856
1 4 1912 241 1876 1855
1 4 1877 1876 235 1852
1 4 1856 1855 1852 231
1 4 1877 1912 1855 1856
1 4 1877 1856 1855 1852
1 4 1877 1852 1855 1876
1 4 1877 1876 1855 1912
1 4 243 1856 1877 1887
1 4 1856 231 1852 1853
1 4 1877 1852 235 1875
1 4 1887 1853 1875 237
1 4 1877 1856 1853 1887
1 4 1877 1887 1853 1875
1 4 1877 1875 1853 1852
1 4 1877 1852 1853 1856
1 4 68 914 919 918
1 4 914 237 1891 1890
1 4 919 1891 349 2185
1 4 918 1890 2185 347
1 4 918 914 919 1891
1 4 918 919 2185 1891
1 4 918 2185 1890 1891
1 4 918 1890 914 1891
1 4 237 585 1875 1871
1 4 585 25 583 582
1 4 1875 583 235 1869
1 4 1871 582 1869 234
1 4 1871 585 1875 583
1 4 1871 1875 1869 583
1 4 1871 1869 582 583
1 4 1871 582 585 583
1 4 349 1880 872 2182
1 4 1880 235 866 1878
1 4 872 866 62 870
1 4 2182 1878 870 345
1 4 2182 1880 872 866
1 4 2182 872 870 866
1 4 2182 870 1878 866
1 4 2182 1878 1880 866
1 4 347 1874 2181 863
1 4 1874 234 1872 857
1 4 2181 1872 345 861
1 4 863 857 861 61
1 4 863 1874 2181 1872
1 4 863 2181 861 1872
1 4 863 861 857 1872
1 4 863 857 1874 1872
1 4 347 1890 2185 1879
1 4 1890 237 1891 1875
1 4 2185 1891 349 1880
1 4 1879 1875 1880 235
1 4 1879 1890 2185 1891
1 4 1879 2185 1880 1891
1 4 1879 1880 1875 1891
1 4 1879 1875 1890 1891
1 4 347 2185 2181 1879
1 4 2185 349 2182 1880
1 4 2181 2182 345 1878
1 4 1879 1880 1878 235
1 4 1879 2185 2181 2182
1 4 1879 2181 1878 2182
1 4 1879 1878 1880 2182
1 4 1879 1880 2185 2182
1 4 347 2181 1874 1879
1 4 2181 345 1872 1878
1 4 1874 1872 234 1869
1 4 1879 1878 1869 235
1 4 1879 2181 1874 1872
1 4 1879 1874 1869 1872
1 4 1879 1869 1878 1872
1 4 1879 1878 2181 1872
1 4 347 1874 1890 1879
1 4 1874 234 1871 1869
1 4 1890 1871 237 1875
1 4 1879 1869 1875 235
1 4 1879 1874 1890 1871
1 4 1879 1890 1875 1871
1 4 1879 1875 1869 1871
1 4 1879 1869 1874 1871
1 4 68 914 916 917
1 4 914 237 1888 1889
1 4 916 1888 267 2035
1 4 917 1889 2035 269
1 4 916 914 1889 917
1 4 916 917 1889 2035
1 4 916 2035 1889 1888
1 4 916 1888 1889 914
1 4 237 585 1859 1863
1 4 585 25 580 581
1 4 1859 580 232 1857
1 4 1863 581 1857 233
1 4 1859 585 581 1863
1 4 1859 1863 581 1857
1 4 1859 1857 581 580
1 4 1859 580 581 585
1 4 267 1862 631 2031
1 4 1862 232 627 1860
1 4 631 627 31 629
1 4 2031 1860 629 265
1 4 631 1862 1860 2031
1 4 631 2031 1860 629
1 4 631 629 1860 627
1 4 631 627 1860 1862
1 4 269 1868 2032 636
1 4 1868 233 1866 632
1 4 2032 1866 265 634
1 4 636 632 634 32
1 4 2032 1868 632 636
1 4 2032 636 632 634
1 4 2032 634 632 1866
1 4 2032 1866 632 1868
1 4 267 1888 1867 2035
1 4 1888 237 1863 1889
1 4 1867 1863 233 1868
1 4 2035 1889 1868 269
1 4 1867 1888 1889 2035
1 4 1867 2035 1889 1868
1 4 1867 1868 1889 1863
1 4 1867 1863 1889 1888
1 4 267 2035 1867 2031
1 4 2035 269 1868 2032
1 4 1867 1868 233 1866
1 4 2031 2032 1866 265
1 4 1867 2035 2032 2031
1 4 1867 2031 2032 1866
1 4 1867 1866 2032 1868
1 4 1867 1868 2032 2035
1 4 267 2031 1867 1862
1 4 2031 265 1866 1860
1 4 1867 1866 233 1857
1 4 1862 1860 1857 232
1 4 1867 2031 1860 1862
1 4 1867 1862 1860 1857
1 4 1867 1857 1860 1866
1 4 1867 1866 1860 2031
1 4 267 1862 1867 1888
1 4 1862 232 1857 1859
1 4 1867 1857 233 1863
1 4 1888 1859 1863 237
1 4 1867 1862 1859 1888
1 4 1867 1888 1859 1863
1 4 1867 1863 1859 1857
1 4 1867 1857 1859 1862
1 4 68 914 920 916
1 4 914 237 1892 1888
1 4 920 1892 359 2036
1 4 916 1888 2036 267
1 4 916 914 920 1892
1 4 916 920 2036 1892
1 4 916 2036 1888 1892
1 4 916 1888 914 1892
1 4 237 585 1881 1859
1 4 585 25 584 580
1 4 1881 584 236 1858
1 4 1859 580 1858 232
1 4 1859 585 1881 584
1 4 1859 1881 1858 584
1 4 1859 1858 580 584
1 4 1859 580 585 584
1 4 359 1886 913 2034
1 4 1886 236 907 1882
1 4 913 907 67 909
1 4 2034 1882 909 266
1 4 2034 1886 913 907
1 4 2034 913 909 907
1 4 2034 909 1882 907
1 4 2034 1882 1886 907
1 4 267 1862 2033 631
1 4 1862 232 1861 627
1 4 2033 1861 266 630
1 4 631 627 630 31
1 4 631 1862 2033 1861
1 4 631 2033 630 1861
1 4 631 630 627 1861
1 4 631 627 1862 1861
1 4 267 1888 2036 1883
1 4 1888 237 1892 1881
1 4 2036 1892 359 1886
1 4 1883 1881 1886 236
1 4 1883 1888 2036 1892
1 4 1883 2036 1886 1892
1 4 1883 1886 1881 1892
1 4 1883 1881 1888 1892
1 4 267 2036 2033 1883
1 4 2036 359 2034 1886
1 4 2033 2034 266 1882
1 4 1883 1886 1882 236
1 4 1883 2036 2033 2034
1 4 1883 2033 1882 2034
1 4 1883 1882 1886 2034
1 4 1883 1886 2036 2034
1 4 267 2033 1862 1883
1 4 2033 266 1861 1882
1 4 1862 1861 232 1858
1 4 1883 1882 1858 236
1 4 1883 2033 1862 1861
1 4 1883 1862 1858 1861
1 4 1883 1858 1882 1861
1 4 1883 1882 2033 1861
1 4 267 1862 1888 1883
1 4 1862 232 1859 1858
1 4 1888 1859 237 1881
1 4 1883 1858 1881 236
1 4 1883 1862 1888 1859
1 4 1883 1888 1881 1859
1 4 1883 1881 1858 1859
1 4 1883 1858 1862 1859
1 4 68 914 918 920
1 4 914 237 1890 1892
1 4 918 1890 347 2186
1 4 920 1892 2186 359
1 4 918 914 1892 920
1 4 918 920 1892 2186
1 4 918 2186 1892 1890
1 4 918 1890 1892 914
1 4 237 585 1871 1881
1 4 585 25 582 584
1 4 1871 582 234 1870
1 4 1881 584 1870 236
1 4 1871 585 584 1881
1 4 1871 1881 584 1870
1 4 1871 1870 584 582
1 4 1871 582 584 585
1 4 347 1874 863 2183
1 4 1874 234 857 1873
1 4 863 857 61 862
1 4 2183 1873 862 346
1 4 863 1874 1873 2183
1 4 863 2183 1873 862
1 4 863 862 1873 857
1 4 863 857 1873 1874
1 4 359 1886 2184 913
1 4 1886 236 1884 907
1 4 2184 1884 346 911
1 4 913 907 911 67
1 4 2184 1886 907 913
1 4 2184 913 907 911
1 4 2184 911 907 1884
1 4 2184 1884 907 1886
1 4 347 1890 1885 2186
1 4 1890 237 1881 1892
1 4 1885 1881 236 1886
1 4 2186 1892 1886 359
1 4 1885 1890 1892 2186
1 4 1885 2186 1892 1886
1 4 1885 1886 1892 1881
1 4 1885 1881 1892 1890
1 4 347 2186 1885 2183
1 4 2186 359 1886 2184
1 4 1885 1886 236 1884
1 4 2183 2184 1884 346
1 4 1885 2186 2184 2183
1 4 1885 2183 2184 1884
1 4 1885 1884 2184 1886
1 4 1885 1886 2184 2186
1 4 347 2183 1885 1874
1 4 2183 346 1884 1873
1 4 1885 1884 236 1870
1 4 1874 1873 1870 234
1 4 1885 2183 1873 1874
1 4 1885 1874 1873 1870
1 4 1885 1870 1873 1884
1 4 1885 1884 1873 2183
1 4 347 1874 1885 1890
1 4 1874 234 1870 1871
1 4 1885 1870 236 1881
1 4 1890 1871 1881 237
1 4 1885 1874 1871 1890
1 4 1885 1890 1871 1881
1 4 1885 1881 1871 1870
1 4 1885 1870 1871 1874
1 4 69 922 925 923
1 4 922 244 1931 1929
1 4 925 1931 272 1966
1 4 923 1929 1966 250
1 4 923 922 925 1931
1 4 923 925 1966 1931
1 4 923 1966 1929 1931
1 4 923 1929 922 1931
1 4 244 595 1905 1895
1 4 595 26 591 589
1 4 1905 591 240 1893
1 4 1895 589 1893 238
1 4 1895 595 1905 591
1 4 1895 1905 1893 591
1 4 1895 1893 589 591
1 4 1895 589 595 591
1 4 272 1910 642 1945
1 4 1910 240 638 1906
1 4 642 638 33 639
1 4 1945 1906 639 246
1 4 1945 1910 642 638
1 4 1945 642 639 638
1 4 1945 639 1906 638
1 4 1945 1906 1910 638
1 4 250 1898 1942 604
1 4 1898 238 1896 598
1 4 1942 1896 246 600
1 4 604 598 600 27
1 4 604 1898 1942 1896
1 4 604 1942 600 1896
1 4 604 600 598 1896
1 4 604 598 1898 1896
1 4 250 1929 1966 1907
1 4 1929 244 1931 1905
1 4 1966 1931 272 1910
1 4 1907 1905 1910 240
1 4 1907 1929 1966 1931
1 4 1907 1966 1910 1931
1 4 1907 1910 1905 1931
1 4 1907 1905 1929 1931
1 4 250 1966 1942 1907
1 4 1966 272 1945 1910
1 4 1942 1945 246 1906
1 4 1907 1910 1906 240
1 4 1907 1966 1942 1945
1 4 1907 1942 1906 1945
1 4 1907 1906 1910 1945
1 4 1907 1910 1966 1945
1 4 250 1942 1898 1907
1 4 1942 246 1896 1906
1 4 1898 1896 238 1893
1 4 1907 1906 1893 240
1 4 1907 1942 1898 1896
1 4 1907 1898 1893 1896
1 4 1907 1893 1906 1896
1 4 1907 1906 1942 1896
1 4 250 1898 1929 1907
1 4 1898 238 1895 1893
1 4 1929 1895 244 1905
1 4 1907 1893 1905 240
1 4 1907 1898 1929 1895
1 4 1907 1929 1905 1895
1 4 1907 1905 1893 1895
1 4 1907 1893 1898 1895
1 4 69 922 923 927
1 4 922 244 1929 1933
1 4 923 1929 250 1968
1 4 927 1933 1968 352
1 4 923 922 1933 927
1 4 923 927 1933 1968
1 4 923 1968 1933 1929
1 4 923 1929 1933 922
1 4 244 595 1895 1917
1 4 595 26 589 593
1 4 1895 589 238 1894
1 4 1917 593 1894 242
1 4 1895 595 593 1917
1 4 1895 1917 593 1894
1 4 1895 1894 593 589
1 4 1895 589 593 595
1 4 250 1898 604 1954
1 4 1898 238 598 1897
1 4 604 598 27 602
1 4 1954 1897 602 248
1 4 604 1898 1897 1954
1 4 604 1954 1897 602
1 4 604 602 1897 598
1 4 604 598 1897 1898
1 4 352 1922 1957 882
1 4 1922 242 1918 876
1 4 1957 1918 248 877
1 4 882 876 877 63
1 4 1957 1922 876 882
1 4 1957 882 876 877
1 4 1957 877 876 1918
1 4 1957 1918 876 1922
1 4 250 1929 1919 1968
1 4 1929 244 1917 1933
1 4 1919 1917 242 1922
1 4 1968 1933 1922 352
1 4 1919 1929 1933 1968
1 4 1919 1968 1933 1922
1 4 1919 1922 1933 1917
1 4 1919 1917 1933 1929
1 4 250 1968 1919 1954
1 4 1968 352 1922 1957
1 4 1919 1922 242 1918
1 4 1954 1957 1918 248
1 4 1919 1968 1957 1954
1 4 1919 1954 1957 1918
1 4 1919 1918 1957 1922
1 4 1919 1922 1957 1968
1 4 250 1954 1919 1898
1 4 1954 248 1918 1897
1 4 1919 1918 242 1894
1 4 1898 1897 1894 238
1 4 1919 1954 1897 1898
1 4 1919 1898 1897 1894
1 4 1919 1894 1897 1918
1 4 1919 1918 1897 1954
1 4 250 1898 1919 1929
1 4 1898 238 1894 1895
1 4 1919 1894 242 1917
1 4 1929 1895 1917 244
1 4 1919 1898 1895 1929
1 4 1919 1929 1895 1917
1 4 1919 1917 1895 1894
1 4 1919 1894 1895 1898
1 4 69 922 927 926
1 4 922 244 1933 1932
1 4 927 1933 352 2191
1 4 926 1932 2191 350
1 4 926 922 927 1933
1 4 926 927 2191 1933
1 4 926 2191 1932 1933
1 4 926 1932 922 1933
1 4 244 595 1917 1913
1 4 595 26 593 592
1 4 1917 593 242 1911
1 4 1913 592 1911 241
1 4 1913 595 1917 593
1 4 1913 1917 1911 593
1 4 1913 1911 592 593
1 4 1913 592 595 593
1 4 352 1922 882 2188
1 4 1922 242 876 1920
1 4 882 876 63 880
1 4 2188 1920 880 348
1 4 2188 1922 882 876
1 4 2188 882 880 876
1 4 2188 880 1920 876
1 4 2188 1920 1922 876
1 4 350 1916 2187 873
1 4 1916 241 1914 867
1 4 2187 1914 348 871
1 4 873 867 871 62
1 4 873 1916 2187 1914
1 4 873 2187 871 1914
1 4 873 871 867 1914
1 4 873 867 1916 1914
1 4 350 1932 2191 1921
1 4 1932 244 1933 1917
1 4 2191 1933 352 1922
1 4 1921 1917 1922 242
1 4 1921 1932 2191 1933
1 4 1921 2191 1922 1933
1 4 1921 1922 1917 1933
1 4 1921 1917 1932 1933
1 4 350 2191 2187 1921
1 4 2191 352 2188 1922
1 4 2187 2188 348 1920
1 4 1921 1922 1920 242
1 4 1921 2191 2187 2188
1 4 1921 2187 1920 2188
1 4 1921 1920 1922 2188
1 4 1921 1922 2191 2188
1 4 350 2187 1916 1921
1 4 2187 348 1914 1920
1 4 1916 1914 241 1911
1 4 1921 1920 1911 242
1 4 1921 2187 1916 1914
1 4 1921 1916 1911 1914
1 4 1921 1911 1920 1914
1 4 1921 1920 2187 1914
1 4 350 1916 1932 1921
1 4 1916 241 1913 1911
1 4 1932 1913 244 1917
1 4 1921 1911 1917 242
1 4 1921 1916 1932 1913
1 4 1921 1932 1917 1913
1 4 1921 1917 1911 1913
1 4 1921 1911 1916 1913
1 4 69 922 924 925
1 4 922 244 1930 1931
1 4 924 1930 270 2041
1 4 925 1931 2041 272
1 4 924 922 1931 925
1 4 924 925 1931 2041
1 4 924 2041 1931 1930
1 4 924 1930 1931 922
1 4 244 595 1901 1905
1 4 595 26 590 591
1 4 1901 590 239 1899
1 4 1905 591 1899 240
1 4 1901 595 591 1905
1 4 1901 1905 591 1899
1 4 1901 1899 591 590
1 4 1901 590 591 595
1 4 270 1904 637 2037
1 4 1904 239 633 1902
1 4 637 633 32 635
1 4 2037 1902 635 268
1 4 637 1904 1902 2037
1 4 637 2037 1902 635
1 4 637 635 1902 633
1 4 637 633 1902 1904
1 4 272 1910 2038 642
1 4 1910 240 1908 638
1 4 2038 1908 268 640
1 4 642 638 640 33
1 4 2038 1910 638 642
1 4 2038 642 638 640
1 4 2038 640 638 1908
1 4 2038 1908 638 1910
1 4 270 1930 1909 2041
1 4 1930 244 1905 1931
1 4 1909 1905 240 1910
1 4 2041 1931 1910 272
1 4 1909 1930 1931 2041
1 4 1909 2041 1931 1910
1 4 1909 1910 1931 1905
1 4 1909 1905 1931 1930
1 4 270 2041 1909 2037
1 4 2041 272 1910 2038
1 4 1909 1910 240 1908
1 4 2037 2038 1908 268
1 4 1909 2041 2038 2037
1 4 1909 2037 2038 1908
1 4 1909 1908 2038 1910
1 4 1909 1910 2038 2041
1 4 270 2037 1909 1904
1 4 2037 268 1908 1902
1 4 1909 1908 240 1899
1 4 1904 1902 1899 239
1 4 1909 2037 1902 1904
1 4 1909 1904 1902 1899
1 4 1909 1899 1902 1908
1 4 1909 1908 1902 2037
1 4 270 1904 1909 1930
1 4 1904 239 1899 1901
1 4 1909 1899 240 1905
1 4 1930 1901 1905 244
1 4 1909 1904 1901 1930
1 4 1909 1930 1901 1905
1 4 1909 1905 1901 1899
1 4 1909 1899 1901 1904
1 4 69 922 928 924
1 4 922 244 1934 1930
1 4 928 1934 360 2042
1 4 924 1930 2042 270
1 4 924 922 928 1934
1 4 924 928 2042 1934
1 4 924 2042 1930 1934
1 4 924 1930 922 1934
1 4 244 595 1923 1901
1 4 595 26 594 590
1 4 1923 594 243 1900
1 4 1901 590 1900 239
1 4 1901 595 1923 594
1 4 1901 1923 1900 594
1 4 1901 1900 590 594
1 4 1901 590 595 594
1 4 360 1928 921 2040
1 4 1928 243 915 1924
1 4 921 915 68 917
1 4 2040 1924 917 269
1 4 2040 1928 921 915
1 4 2040 921 917 915
1 4 2040 917 1924 915
1 4 2040 1924 1928 915
1 4 270 1904 2039 637
1 4 1904 239 1903 633
1 4 2039 1903 269 636
1 4 637 633 636 32
1 4 637 1904 2039 1903
1 4 637 2039 636 1903
1 4 637 636 633 1903
1 4 637 633 1904 1903
1 4 270 1930 2042 1925
1 4 1930 244 1934 1923
1 4 2042 1934 360 1928
1 4 1925 1923 1928 243
1 4 1925 1930 2042 1934
1 4 1925 2042 1928 1934
1 4 1925 1928 1923 1934
1 4 1925 1923 1930 1934
1 4 270 2042 2039 1925
1 4 2042 360 2040 1928
1 4 2039 2040 269 1924
1 4 1925 1928 1924 243
1 4 1925 2042 2039 2040
1 4 1925 2039 1924 2040
1 4 1925 1924 1928 2040
1 4 1925 1928 2042 2040
1 4 270 2039 1904 1925
1 4 2039 269 1903 1924
1 4 1904 1903 239 1900
1 4 1925 1924 1900 243
1 4 1925 2039 1904 1903
1 4 1925 1904 1900 1903
1 4 1925 1900 1924 1903
1 4 1925 1924 2039 1903
1 4 270 1904 1930 1925
1 4 1904 239 1901 1900
1 4 1930 1901 244 1923
1 4 1925 1900 1923 243
1 4 1925 1904 1930 1901
1 4 1925 1930 1923 1901
1 4 1925 1923 1900 1901
1 4 1925 1900 1904 1901
1 4 69 922 926 928
1 4 922 244 1932 1934
1 4 926 1932 350 2192
1 4 928 1934 2192 360
1 4 926 922 1934 928
1 4 926 928 1934 2192
1 4 926 2192 1934 1932
1 4 926 1932 1934 922
1 4 244 595 1913 1923
1 4 595 26 592 594
1 4 1913 592 241 1912
1 4 1923 594 1912 243
1 4 1913 595 594 1923
1 4 1913 1923 594 1912
1 4 1913 1912 594 592
1 4 1913 592 594 595
1 4 350 1916 873 2189
1 4 1916 241 867 1915
1 4 873 867 62 872
1 4 2189 1915 872 349
1 4 873 1916 1915 2189
1 4 873 2189 1915 872
1 4 873 872 1915 867
1 4 873 867 1915 1916
1 4 360 1928 2190 921
1 4 1928 243 1926 915
1 4 2190 1926 349 919
1 4 921 915 919 68
1 4 2190 1928 915 921
1 4 2190 921 915 919
1 4 2190 919 915 1926
1 4 2190 1926 915 1928
1 4 350 1932 1927 2192
1 4 1932 244 1923 1934
1 4 1927 1923 243 1928
1 4 2192 1934 1928 360
1 4 1927 1932 1934 2192
1 4 1927 2192 1934 1928
1 4 1927 1928 1934 1923
1 4 1927 1923 1934 1932
1 4 350 2192 1927 2189
1 4 2192 360 1928 2190
1 4 1927 1928 243 1926
1 4 2189 2190 1926 349
1 4 1927 2192 2190 2189
1 4 1927 2189 2190 1926
1 4 1927 1926 2190 1928
1 4 1927 1928 2190 2192
1 4 350 2189 1927 1916
1 4 2189 349 1926 1915
1 4 1927 1926 243 1912
1 4 1916 1915 1912 241
1 4 1927 2189 1915 1916
1 4 1927 1916 1915 1912
1 4 1927 1912 1915 1926
1 4 1927 1926 1915 2189
1 4 350 1916 1927 1932
1 4 1916 241 1912 1913
1 4 1927 1912 243 1923
1 4 1932 1913 1923 244
1 4 1927 1916 1913 1932
1 4 1927 1932 1913 1923
1 4 1927 1923 1913 1912
1 4 1927 1912 1913 1916
1 4 70 930 933 931
1 4 930 251 1973 1971
1 4 933 1973 275 2008
1 4 931 1971 2008 257
1 4 931 930 933 1973
1 4 931 933 2008 1973
1 4 931 2008 1971 1973
1 4 931 1971 930 1973
1 4 251 605 1947 1937
1 4 605 27 601 599
1 4 1947 601 247 1935
1 4 1937 599 1935 245
1 4 1937 605 1947 601
1 4 1937 1947 1935 601
1 4 1937 1935 599 601
1 4 1937 599 605 601
1 4 275 1952 648 1987
1 4 1952 247 644 1948
1 4 648 644 34 645
1 4 1987 1948 645 253
1 4 1987 1952 648 644
1 4 1987 648 645 644
1 4 1987 645 1948 644
1 4 1987 1948 1952 644
1 4 257 1940 1984 614
1 4 1940 245 1938 608
1 4 1984 1938 253 610
1 4 614 608 610 28
1 4 614 1940 1984 1938
1 4 614 1984 610 1938
1 4 614 610 608 1938
1 4 614 608 1940 1938
1 4 257 1971 2008 1949
1 4 1971 251 1973 1947
1 4 2008 1973 275 1952
1 4 1949 1947 1952 247
1 4 1949 1971 2008 1973
1 4 1949 2008 1952 1973
1 4 1949 1952 1947 1973
1 4 1949 1947 1971 1973
1 4 257 2008 1984 1949
1 4 2008 275 1987 1952
1 4 1984 1987 253 1948
1 4 1949 1952 1948 247
1 4 1949 2008 1984 1987
1 4 1949 1984 1948 1987
1 4 1949 1948 1952 1987
1 4 1949 1952 2008 1987
1 4 257 1984 1940 1949
1 4 1984 253 1938 1948
1 4 1940 1938 245 1935
1 4 1949 1948 1935 247
1 4 1949 1984 1940 1938
1 4 1949 1940 1935 1938
1 4 1949 1935 1948 1938
1 4 1949 1948 1984 1938
1 4 257 1940 1971 1949
1 4 1940 245 1937 1935
1 4 1971 1937 251 1947
1 4 1949 1935 1947 247
1 4 1949 1940 1971 1937
1 4 1949 1971 1947 1937
1 4 1949 1947 1935 1937
1 4 1949 1935 1940 1937
1 4 70 930 931 935
1 4 930 251 1971 1975
1 4 931 1971 257 2010
1 4 935 1975 2010 355
1 4 931 930 1975 935
1 4 931 935 1975 2010
1 4 931 2010 1975 1971
1 4 931 1971 1975 930
1 4 251 605 1937 1959
1 4 605 27 599 603
1 4 1937 599 245 1936
1 4 1959 603 1936 249
1 4 1937 605 603 1959
1 4 1937 1959 603 1936
1 4 1937 1936 603 599
1 4 1937 599 603 605
1 4 257 1940 614 1996
1 4 1940 245 608 1939
1 4 614 608 28 612
1 4 1996 1939 612 255
1 4 614 1940 1939 1996
1 4 614 1996 1939 612
1 4 614 612 1939 608
1 4 614 608 1939 1940
1 4 355 1964 1999 892
1 4 1964 249 1960 886
1 4 1999 1960 255 887
1 4 892 886 887 64
1 4 1999 1964 886 892
1 4 1999 892 886 887
1 4 1999 887 886 1960
1 4 1999 1960 886 1964
1 4 257 1971 1961 2010
1 4 1971 251 1959 1975
1 4 1961 1959 249 1964
1 4 2010 1975 1964 355
1 4 1961 1971 1975 2010
1 4 1961 2010 1975 1964
1 4 1961 1964 1975 1959
1 4 1961 1959 1975 1971
1 4 257 2010 1961 1996
1 4 2010 355 1964 1999
1 4 1961 1964 249 1960
1 4 1996 1999 1960 255
1 4 1961 2010 1999 1996
1 4 1961 1996 1999 1960
1 4 1961 1960 1999 1964
1 4 1961 1964 1999 2010
1 4 257 1996 1961 1940
1 4 1996 255 1960 1939
1 4 1961 1960 249 1936
1 4 1940 1939 1936 245
1 4 1961 1996 1939 1940
1 4 1961 1940 1939 1936
1 4 1961 1936 1939 1960
1 4 1961 1960 1939 1996
1 4 257 1940 1961 1971
1 4 1940 245 1936 1937
1 4 1961 1936 249 1959
1 4 1971 1937 1959 251
1 4 1961 1940 1937 1971
1 4 1961 1971 1937 1959
1 4 1961 1959 1937 1936
1 4 1961 1936 1937 1940
1 4 70 930 935 934
1 4 930 251 1975 1974
1 4 935 1975 355 2197
1 4 934 1974 2197 353
1 4 934 930 935 1975
1 4 934 935 2197 1975
1 4 934 2197 1974 1975
1 4 934 1974 930 1975
1 4 251 605 1959 1955
1 4 605 27 603 602
1 4 1959 603 249 1953
1 4 1955 602 1953 248
1 4 1955 605 1959 603
1 4 1955 1959 1953 603
1 4 1955 1953 602 603
1 4 1955 602 605 603
1 4 355 1964 892 2194
1 4 1964 249 886 1962
1 4 892 886 64 890
1 4 2194 1962 890 351
1 4 2194 1964 892 886
1 4 2194 892 890 886
1 4 2194 890 1962 886
1 4 2194 1962 1964 886
1 4 353 1958 2193 883
1 4 1958 248 1956 877
1 4 2193 1956 351 881
1 4 883 877 881 63
1 4 883 1958 2193 1956
1 4 883 2193 881 1956
1 4 883 881 877 1956
1 4 883 877 1958 1956
1 4 353 1974 2197 1963
1 4 1974 251 1975 1959
1 4 2197 1975 355 1964
1 4 1963 1959 1964 249
1 4 1963 1974 2197 1975
1 4 1963 2197 1964 1975
1 4 1963 1964 1959 1975
1 4 1963 1959 1974 1975
1 4 353 2197 2193 1963
1 4 2197 355 2194 1964
1 4 2193 2194 351 1962
1 4 1963 1964 1962 249
1 4 1963 2197 2193 2194
1 4 1963 2193 1962 2194
1 4 1963 1962 1964 2194
1 4 1963 1964 2197 2194
1 4 353 2193 1958 1963
1 4 2193 351 1956 1962
1 4 1958 1956 248 1953
1 4 1963 1962 1953 249
1 4 1963 2193 1958 1956
1 4 1963 1958 1953 1956
1 4 1963 1953 1962 1956
1 4 1963 1962 2193 1956
1 4 353 1958 1974 1963
1 4 1958 248 1955 1953
1 4 1974 1955 251 1959
1 4 1963 1953 1959 249
1 4 1963 1958 1974 1955
1 4 1963 1974 1959 1955
1 4 1963 1959 1953 1955
1 4 1963 1953 1958 1955
1 4 70 930 932 933
1 4 930 251 1972 1973
1 4 932 1972 273 2047
1 4 933 1973 2047 275
1 4 932 930 1973 933
1 4 932 933 1973 2047
1 4 932 2047 1973 1972
1 4 932 1972 1973 930
1 4 251 605 1943 1947
1 4 605 27 600 601
1 4 1943 600 246 1941
1 4 1947 601 1941 247
1 4 1943 605 601 1947
1 4 1943 1947 601 1941
1 4 1943 1941 601 600
1 4 1943 600 601 605
1 4 273 1946 643 2043
1 4 1946 246 639 1944
1 4 643 639 33 641
1 4 2043 1944 641 271
1 4 643 1946 1944 2043
1 4 643 2043 1944 641
1 4 643 641 1944 639
1 4 643 639 1944 1946
1 4 275 1952 2044 648
1 4 1952 247 1950 644
1 4 2044 1950 271 646
1 4 648 644 646 34
1 4 2044 1952 644 648
1 4 2044 648 644 646
1 4 2044 646 644 1950
1 4 2044 1950 644 1952
1 4 273 1972 1951 2047
1 4 1972 251 1947 1973
1 4 1951 1947 247 1952
1 4 2047 1973 1952 275
1 4 1951 1972 1973 2047
1 4 1951 2047 1973 1952
1 4 1951 1952 1973 1947
1 4 1951 1947 1973 1972
1 4 273 2047 1951 2043
1 4 2047 275 1952 2044
1 4 1951 1952 247 1950
1 4 2043 2044 1950 271
1 4 1951 2047 2044 2043
1 4 1951 2043 2044 1950
1 4 1951 1950 2044 1952
1 4 1951 1952 2044 2047
1 4 273 2043 1951 1946
1 4 2043 271 1950 1944
1 4 1951 1950 247 1941
1 4 1946 1944 1941 246
1 4 1951 2043 1944 1946
1 4 1951 1946 1944 1941
1 4 1951 1941 1944 1950
1 4 1951 1950 1944 2043
1 4 273 1946 1951 1972
1 4 1946 246 1941 1943
1 4 1951 1941 247 1947
1 4 1972 1943 1947 251
1 4 1951 1946 1943 1972
1 4 1951 1972 1943 1947
1 4 1951 1947 1943 1941
1 4 1951 1941 1943 1946
1 4 70 930 936 932
1 4 930 251 1976 1972
1 4 936 1976 361 2048
1 4 932 1972 2048 273
1 4 932 930 936 1976
1 4 932 936 2048 1976
1 4 932 2048 1972 1976
1 4 932 1972 930 1976
1 4 251 605 1965 1943
1 4 605 27 604 600
1 4 1965 604 250 1942
1 4 1943 600 1942 246
1 4 1943 605 1965 604
1 4 1943 1965 1942 604
1 4 1943 1942 600 604
1 4 1943 600 605 604
1 4 361 1970 929 2046
1 4 1970 250 923 1966
1 4 929 923 69 925
1 4 2046 1966 925 272
1 4 2046 1970 929 923
1 4 2046 929 925 923
1 4 2046 925 1966 923
1 4 2046 1966 1970 923
1 4 273 1946 2045 643
1 4 1946 246 1945 639
1 4 2045 1945 272 642
1 4 643 639 642 33
1 4 643 1946 2045 1945
1 4 643 2045 642 1945
1 4 643 642 639 1945
1 4 643 639 1946 1945
1 4 273 1972 2048 1967
1 4 1972 251 1976 1965
1 4 2048 1976 361 1970
1 4 1967 1965 1970 250
1 4 1967 1972 2048 1976
1 4 1967 2048 1970 1976
1 4 1967 1970 1965 1976
1 4 1967 1965 1972 1976
1 4 273 2048 2045 1967
1 4 2048 361 2046 1970
1 4 2045 2046 272 1966
1 4 1967 1970 1966 250
1 4 1967 2048 2045 2046
1 4 1967 2045 1966 2046
1 4 1967 1966 1970 2046
1 4 1967 1970 2048 2046
1 4 273 2045 1946 1967
1 4 2045 272 1945 1966
1 4 1946 1945 246 1942
1 4 1967 1966 1942 250
1 4 1967 2045 1946 1945
1 4 1967 1946 1942 1945
1 4 1967 1942 1966 1945
1 4 1967 1966 2045 1945
1 4 273 1946 1972 1967
1 4 1946 246 1943 1942
1 4 1972 1943 251 1965
1 4 1967 1942 1965 250
1 4 1967 1946 1972 1943
1 4 1967 1972 1965 1943
1 4 1967 1965 1942 1943
1 4 1967 1942 1946 1943
1 4 70 930 934 936
1 4 930 251 1974 1976
1 4 934 1974 353 2198
1 4 936 1976 2198 361
1 4 934 930 1976 936
1 4 934 936 1976 2198
1 4 934 2198 1976 1974
1 4 934 1974 1976 930
1 4 251 605 1955 1965
1 4 605 27 602 604
1 4 1955 602 248 1954
1 4 1965 604 1954 250
1 4 1955 605 604 1965
1 4 1955 1965 604 1954
1 4 1955 1954 604 602
1 4 1955 602 604 605
1 4 353 1958 883 2195
1 4 1958 248 877 1957
1 4 883 877 63 882
1 4 2195 1957 882 352
1 4 883 1958 1957 2195
1 4 883 2195 1957 882
1 4 883 882 1957 877
1 4 883 877 1957 1958
1 4 361 1970 2196 929
1 4 1970 250 1968 923
1 4 2196 1968 352 927
1 4 929 923 927 69
1 4 2196 1970 923 929
1 4 2196 929 923 927
1 4 2196 927 923 1968
1 4 2196 1968 923 1970
1 4 353 1974 1969 2198
1 4 1974 251 1965 1976
1 4 1969 1965 250 1970
1 4 2198 1976 1970 361
1 4 1969 1974 1976 2198
1 4 1969 2198 1976 1970
1 4 1969 1970 1976 1965
1 4 1969 1965 1976 1974
1 4 353 2198 1969 2195
1 4 2198 361 1970 2196
1 4 1969 1970 250 1968
1 4 2195 2196 1968 352
1 4 1969 2198 2196 2195
1 4 1969 2195 2196 1968
1 4 1969 1968 2196 1970
1 4 1969 1970 2196 2198
1 4 353 2195 1969 1958
1 4 2195 352 1968 1957
1 4 1969 1968 250 1954
1 4 1958 1957 1954 248
1 4 1969 2195 1957 1958
1 4 1969 1958 1957 1954
1 4 1969 1954 1957 1968
1 4 1969 1968 1957 2195
1 4 353 1958 1969 1974
1 4 1958 248 1954 1955
1 4 1969 1954 250 1965
1 4 1974 1955 1965 251
1 4 1969 1958 1955 1974
1 4 1969 1974 1955 1965
1 4 1969 1965 1955 1954
1 4 1969 1954 1955 1958
1 4 71 938 941 939
1 4 938 258 2015 2013
1 4 941 2015 277 2023
1 4 939 2013 2023 261
1 4 939 938 941 2015
1 4 939 941 2023 2015
1 4 939 2023 2013 2015
1 4 939 2013 938 2015
1 4 258 615 1989 1979
1 4 615 28 611 609
1 4 1989 611 254 1977
1 4 1979 609 1977 252
1 4 1979 615 1989 611
1 4 1979 1989 1977 611
1 4 1979 1977 609 611
1 4 1979 609 615 611
1 4 277 1994 653 2020
1 4 1994 254 650 1990
1 4 653 650 35 651
1 4 2020 1990 651 259
1 4 2020 1994 653 650
1 4 2020 653 651 650
1 4 2020 651 1990 650
1 4 2020 1990 1994 650
1 4 261 1982 2019 621
1 4 1982 252 1980 618
1 4 2019 1980 259 619
1 4 621 618 619 29
1 4 621 1982 2019 1980
1 4 621 2019 619 1980
1 4 621 619 618 1980
1 4 621 618 1982 1980
1 4 261 2013 2023 1991
1 4 2013 258 2015 1989
1 4 2023 2015 277 1994
1 4 1991 1989 1994 254
1 4 1991 2013 2023 2015
1 4 1991 2023 1994 2015
1 4 1991 1994 1989 2015
1 4 1991 1989 2013 2015
1 4 261 2023 2019 1991
1 4 2023 277 2020 1994
1 4 2019 2020 259 1990
1 4 1991 1994 1990 254
1 4 1991 2023 2019 2020
1 4 1991 2019 1990 2020
1 4 1991 1990 1994 2020
1 4 1991 1994 2023 2020
1 4 261 2019 1982 1991
1 4 2019 259 1980 1990
1 4 1982 1980 252 1977
1 4 1991 1990 1977 254
1 4 1991 2019 1982 1980
1 4 1991 1982 1977 1980
1 4 1991 1977 1990 1980
1 4 1991 1990 2019 1980
1 4 261 1982 2013 1991
1 4 1982 252 1979 1977
1 4 2013 1979 258 1989
1 4 1991 1977 1989 254
1 4 1991 1982 2013 1979
1 4 1991 2013 1989 1979
1 4 1991 1989 1977 1979
1 4 1991 1977 1982 1979
1 4 71 938 939 943
1 4 938 258 2013 2017
1 4 939 2013 261 2024
1 4 943 2017 2024 357
1 4 939 938 2017 943
1 4 939 943 2017 2024
1 4 939 2024 2017 2013
1 4 939 2013 2017 938
1 4 258 615 1979 2001
1 4 615 28 609 613
1 4 1979 609 252 1978
1 4 2001 613 1978 256
1 4 1979 615 613 2001
1 4 1979 2001 613 1978
1 4 1979 1978 613 609
1 4 1979 609 613 615
1 4 261 1982 621 2021
1 4 1982 252 618 1981
1 4 621 618 29 620
1 4 2021 1981 620 260
1 4 621 1982 1981 2021
1 4 621 2021 1981 620
1 4 621 620 1981 618
1 4 621 618 1981 1982
1 4 357 2006 2022 901
1 4 2006 256 2002 896
1 4 2022 2002 260 897
1 4 901 896 897 65
1 4 2022 2006 896 901
1 4 2022 901 896 897
1 4 2022 897 896 2002
1 4 2022 2002 896 2006
1 4 261 2013 2003 2024
1 4 2013 258 2001 2017
1 4 2003 2001 256 2006
1 4 2024 2017 2006 357
1 4 2003 2013 2017 2024
1 4 2003 2024 2017 2006
1 4 2003 2006 2017 2001
1 4 2003 2001 2017 2013
1 4 261 2024 2003 2021
1 4 2024 357 2006 2022
1 4 2003 2006 256 2002
1 4 2021 2022 2002 260
1 4 2003 2024 2022 2021
1 4 2003 2021 2022 2002
1 4 2003 2002 2022 2006
1 4 2003 2006 2022 2024
1 4 261 2021 2003 1982
1 4 2021 260 2002 1981
1 4 2003 2002 256 1978
1 4 1982 1981 1978 252
1 4 2003 2021 1981 1982
1 4 2003 1982 1981 1978
1 4 2003 1978 1981 2002
1 4 2003 2002 1981 2021
1 4 261 1982 2003 2013
1 4 1982 252 1978 1979
1 4 2003 1978 256 2001
1 4 2013 1979 2001 258
1 4 2003 1982 1979 2013
1 4 2003 2013 1979 2001
1 4 2003 2001 1979 1978
1 4 2003 1978 1979 1982
1 4 71 938 943 942
1 4 938 258 2017 2016
1 4 943 2017 357 2203
1 4 942 2016 2203 356
1 4 942 938 943 2017
1 4 942 943 2203 2017
1 4 942 2203 2016 2017
1 4 942 2016 938 2017
1 4 258 615 2001 1997
1 4 615 28 613 612
1 4 2001 613 256 1995
1 4 1997 612 1995 255
1 4 1997 615 2001 613
1 4 1997 2001 1995 613
1 4 1997 1995 612 613
1 4 1997 612 615 613
1 4 357 2006 901 2200
1 4 2006 256 896 2004
1 4 901 896 65 900
1 4 2200 2004 900 354
1 4 2200 2006 901 896
1 4 2200 901 900 896
1 4 2200 900 2004 896
1 4 2200 2004 2006 896
1 4 356 2000 2199 893
1 4 2000 255 1998 887
1 4 2199 1998 354 891
1 4 893 887 891 64
1 4 893 2000 2199 1998
1 4 893 2199 891 1998
1 4 893 891 887 1998
1 4 893 887 2000 1998
1 4 356 2016 2203 2005
1 4 2016 258 2017 2001
1 4 2203 2017 357 2006
1 4 2005 2001 2006 256
1 4 2005 2016 2203 2017
1 4 2005 2203 2006 2017
1 4 2005 2006 2001 2017
1 4 2005 2001 2016 2017
1 4 356 2203 2199 2005
1 4 2203 357 2200 2006
1 4 2199 2200 354 2004
1 4 2005 2006 2004 256
1 4 2005 2203 2199 2200
1 4 2005 2199 2004 2200
1 4 2005 2004 2006 2200
1 4 2005 2006 2203 2200
1 4 356 2199 2000 2005
1 4 2199 354 1998 2004
1 4 2000 1998 255 1995
1 4 2005 2004 1995 256
1 4 2005 2199 2000 1998
1 4 2005 2000 1995 1998
1 4 2005 1995 2004 1998
1 4 2005 2004 2199 1998
1 4 356 2000 2016 2005
1 4 2000 255 1997 1995
1 4 2016 1997 258 2001
1 4 2005 1995 2001 256
1 4 2005 2000 2016 1997
1 4 2005 2016 2001 1997
1 4 2005 2001 1995 1997
1 4 2005 1995 2000 1997
1 4 71 938 940 941
1 4 938 258 2014 2015
1 4 940 2014 276 2053
1 4 941 2015 2053 277
1 4 940 938 2015 941
1 4 940 941 2015 2053
1 4 940 2053 2015 2014
1 4 940 2014 2015 938
1 4 258 615 1985 1989
1 4 615 28 610 611
1 4 1985 610 253 1983
1 4 1989 611 1983 254
1 4 1985 615 611 1989
1 4 1985 1989 611 1983
1 4 1985 1983 611 610
1 4 1985 610 611 615
1 4 276 1988 649 2049
1 4 1988 253 645 1986
1 4 649 645 34 647
1 4 2049 1986 647 274
1 4 649 1988 1986 2049
1 4 649 2049 1986 647
1 4 649 647 1986 645
1 4 649 645 1986 1988
1 4 277 1994 2050 653
1 4 1994 254 1992 650
1 4 2050 1992 274 652
1 4 653 650 652 35
1 4 2050 1994 650 653
1 4 2050 653 650 652
1 4 2050 652 650 1992
1 4 2050 1992 650 1994
1 4 276 2014 1993 2053
1 4 2014 258 1989 2015
1 4 1993 1989 254 1994
1 4 2053 2015 1994 277
1 4 1993 2014 2015 2053
1 4 1993 2053 2015 1994
1 4 1993 1994 2015 1989
1 4 1993 1989 2015 2014
1 4 276 2053 1993 2049
1 4 2053 277 1994 2050
1 4 1993 1994 254 1992
1 4 2049 2050 1992 274
1 4 1993 2053 2050 2049
1 4 1993 2049 2050 1992
1 4 1993 1992 2050 1994
1 4 1993 1994 2050 2053
1 4 276 2049 1993 1988
1 4 2049 274 1992 1986
1 4 1993 1992 254 1983
1 4 1988 1986 1983 253
1 4 1993 2049 1986 1988
1 4 1993 1988 1986 1983
1 4 1993 1983 1986 1992
1 4 1993 1992 1986 2049
1 4 276 1988 1993 2014
1 4 1988 253 1983 1985
1 4 1993 1983 254 1989
1 4 2014 1985 1989 258
1 4 1993 1988 1985 2014
1 4 1993 2014 1985 1989
1 4 1993 1989 1985 1983
1 4 1993 1983 1985 1988
1 4 71 938 944 940
1 4 938 258 2018 2014
1 4 944 2018 362 2054
1 4 940 2014 2054 276
1 4 940 938 944 2018
1 4 940 944 2054 2018
1 4 940 2054 2014 2018
1 4 940 2014 938 2018
1 4 258 615 2007 1985
1 4 615 28 614 610
1 4 2007 614 257 1984
1 4 1985 610 1984 253
1 4 1985 615 2007 614
1 4 1985 2007 1984 614
1 4 1985 1984 610 614
1 4 1985 610 615 614
1 4 362 2012 937 2052
1 4 2012 257 931 2008
1 4 937 931 70 933
1 4 2052 2008 933 275
1 4 2052 2012 937 931
1 4 2052 937 933 931
1 4 2052 933 2008 931
1 4 2052 2008 2012 931
1 4 276 1988 2051 649
1 4 1988 253 1987 645
1 4 2051 1987 275 648
1 4 649 645 648 34
1 4 649 1988 2051 1987
1 4 649 2051 648 1987
1 4 649 648 645 1987
1 4 649 645 1988 1987
1 4 276 2014 2054 2009
1 4 2014 258 2018 2007
1 4 2054 2018 362 2012
1 4 2009 2007 2012 257
1 4 2009 2014 2054 2018
1 4 2009 2054 2012 2018
1 4 2009 2012 2007 2018
1 4 2009 2007 2014 2018
1 4 276 2054 2051 2009
1 4 2054 362 2052 2012
1 4 2051 2052 275 2008
1 4 2009 2012 2008 257
1 4 2009 2054 2051 2052
1 4 2009 2051 2008 2052
1 4 2009 2008 2012 2052
1 4 2009 2012 2054 2052
1 4 276 2051 1988 2009
1 4 2051 275 1987 2008
1 4 1988 1987 253 1984
1 4 2009 2008 1984 257
1 4 2009 2051 1988 1987
1 4 2009 1988 1984 1987
1 4 2009 1984 2008 1987
1 4 2009 2008 2051 1987
1 4 276 1988 2014 2009
1 4 1988 253 1985 1984
1 4 2014 1985 258 2007
1 4 2009 1984 2007 257
1 4 2009 1988 2014 1985
1 4 2009 2014 2007 1985
1 4 2009 2007 1984 1985
1 4 2009 1984 1988 1985
1 4 71 938 942 944
1 4 938 258 2016 2018
1 4 942 2016 356 2204
1 4 944 2018 2204 362
1 4 942 938 2018 944
1 4 942 944 2018 2204
1 4 942 2204 2018 2016
1 4 942 2016 2018 938
1 4 258 615 1997 2007
1 4 615 28 612 614
1 4 1997 612 255 1996
1 4 2007 614 1996 257
1 4 1997 615 614 2007
1 4 1997 2007 614 1996
1 4 1997 1996 614 612
1 4 1997 612 614 615
1 4 356 2000 893 2201
1 4 2000 255 887 1999
1 4 893 887 64 892
1 4 2201 1999 892 355
1 4 893 2000 1999 2201
1 4 893 2201 1999 892
1 4 893 892 1999 887
1 4 893 887 1999 2000
1 4 362 2012 2202 937
1 4 2012 257 2010 931
1 4 2202 2010 355 935
1 4 937 931 935 70
1 4 2202 2012 931 937
1 4 2202 937 931 935
1 4 2202 935 931 2010
1 4 2202 2010 931 2012
1 4 356 2016 2011 2204
1 4 2016 258 2007 2018
1 4 2011 2007 257 2012
1 4 2204 2018 2012 362
1 4 2011 2016 2018 2204
1 4 2011 2204 2018 2012
1 4 2011 2012 2018 2007
1 4 2011 2007 2018 2016
1 4 356 2204 2011 2201
1 4 2204 362 2012 2202
1 4 2011 2012 257 2010
1 4 2201 2202 2010 355
1 4 2011 2204 2202 2201
1 4 2011 2201 2202 2010
1 4 2011 2010 2202 2012
1 4 2011 2012 2202 2204
1 4 356 2201 2011 2000
1 4 2201 355 2010 1999
1 4 2011 2010 257 1996
1 4 2000 1999 1996 255
1 4 2011 2201 1999 2000
1 4 2011 2000 1999 1996
1 4 2011 1996 1999 2010
1 4 2011 2010 1999 2201
1 4 356 2000 2011 2016
1 4 2000 255 1996 1997
1 4 2011 1996 257 2007
1 4 2016 1997 2007 258
1 4 2011 2000 1997 2016
1 4 2011 2016 1997 2007
1 4 2011 2007 1997 1996
1 4 2011 1996 1997 2000

boundary
2240
1 2 7 414 416
1 2 960 416 414
1 2 414 74 960
1 2 416 960 110
1 2 73 954 951
1 2 960 951 954
1 2 954 110 960
1 2 951 960 74
1 2 74 365 951
1 2 364 951 365
1 2 365 0 364
1 2 951 364 73
1 2 110 954 407
1 2 406 407 954
1 2 954 73 406
1 2 407 406 6
1 2 0 365 363
1 2 945 363 365
1 2 365 74 945
1 2 363 945 72
1 2 80 948 958
1 2 945 958 948
1 2 948 72 945
1 2 958 945 74
1 2 74 414 958
1 2 415 958 414
1 2 414 7 415
1 2 958 415 80
1 2 72 948 370
1 2 372 370 948
1 2 948 80 372
1 2 370 372 1
1 2 8 424 426
1 2 1002 426 424
1 2 424 81 1002
1 2 426 1002 117
1 2 80 996 993
1 2 1002 993 996
1 2 996 117 1002
1 2 993 1002 81
1 2 81 373 993
1 2 372 993 373
1 2 373 1 372
1 2 993 372 80
1 2 117 996 417
1 2 415 417 996
1 2 996 80 415
1 2 417 415 7
1 2 1 373 371
1 2 987 371 373
1 2 373 81 987
1 2 371 987 79
1 2 87 990 1000
1 2 987 1000 990
1 2 990 79 987
1 2 1000 987 81
1 2 81 424 1000
1 2 425 1000 424
1 2 424 8 425
1 2 1000 425 87
1 2 79 990 378
1 2 380 378 990
1 2 990 87 380
1 2 378 380 2
1 2 9 434 436
1 2 1044 436 434
1 2 434 88 1044
1 2 436 1044 124
1 2 87 1038 1035
1 2 1044 1035 1038
1 2 1038 124 1044
1 2 1035 1044 88
1 2 88 381 1035
1 2 380 1035 381
1 2 381 2 380
1 2 1035 380 87
1 2 124 1038 427
1 2 425 427 1038
1 2 1038 87 425
1 2 427 425 8
1 2 2 381 379
1 2 1029 379 381
1 2 381 88 1029
1 2 379 1029 86
1 2 94 1032 1042
1 2 1029 1042 1032
1 2 1032 86 1029
1 2 1042 1029 88
1 2 88 434 1042
1 2 435 1042 434
1 2 434 9 435
1 2 1042 435 94
1 2 86 1032 386
1 2 388 386 1032
1 2 1032 94 388
1 2 386 388 3
1 2 10 444 446
1 2 1086 446 444
1 2 444 95 1086
1 2 446 1086 131
1 2 94 1080 1077
1 2 1086 1077 1080
1 2 1080 131 1086
1 2 1077 1086 95
1 2 95 389 1077
1 2 388 1077 389
1 2 389 3 388
1 2 1077 388 94
1 2 131 1080 437
1 2 435 437 1080
1 2 1080 94 435
1 2 437 435 9
1 2 3 389 387
1 2 1071 387 389
1 2 389 95 1071
1 2 387 1071 93
1 2 101 1074 1084
1 2 1071 1084 1074
1 2 1074 93 1071
1 2 1084 1071 95
1 2 95 444 1084
1 2 445 1084 444
1 2 444 10 445
1 2 1084 445 101
1 2 93 1074 394
1 2 396 394 1074
1 2 1074 101 396
1 2 394 396 4
1 2 11 454 456
1 2 1128 456 454
1 2 454 102 1128
1 2 456 1128 138
1 2 101 1122 1119
1 2 1128 1119 1122
1 2 1122 138 1128
1 2 1119 1128 102
1 2 102 397 1119
1 2 396 1119 397
1 2 397 4 396
1 2 1119 396 101
1 2 138 1122 447
1 2 445 447 1122
1 2 1122 101 445
1 2 447 445 10
1 2 4 397 395
1 2 1113 395 397
1 2 397 102 1113
1 2 395 1113 100
1 2 107 1116 1126
1 2 1113 1126 1116
1 2 1116 100 1113
1 2 1126 1113 102
1 2 102 454 1126
1 2 455 1126 454
1 2 454 11 455
1 2 1126 455 107
1 2 100 1116 402
1 2 403 402 1116
1 2 1116 107 403
1 2 402 403 5
1 2 13 468 470
1 2 1176 470 468
1 2 468 112 1176
1 2 470 1176 148
1 2 111 1170 1167
1 2 1176 1167 1170
1 2 1170 148 1176
1 2 1167 1176 112
1 2 112 409 1167
1 2 408 1167 409
1 2 409 6 408
1 2 1167 408 111
1 2 148 1170 461
1 2 460 461 1170
1 2 1170 111 460
1 2 461 460 12
1 2 6 409 407
1 2 1161 407 409
1 2 409 112 1161
1 2 407 1161 110
1 2 118 1164 1174
1 2 1161 1174 1164
1 2 1164 110 1161
1 2 1174 1161 112
1 2 112 468 1174
1 2 469 1174 468
1 2 468 13 469
1 2 1174 469 118
1 2 110 1164 416
1 2 418 416 1164
1 2 1164 118 418
1 2 416 418 7
1 2 14 478 480
1 2 1218 480 478
1 2 478 119 1218
1 2 480 1218 155
1 2 118 1212 1209
1 2 1218 1209 1212
1 2 1212 155 1218
1 2 1209 1218 119
1 2 119 419 1209
1 2 418 1209 419
1 2 419 7 418
1 2 1209 418 118
1 2 155 1212 471
1 2 469 471 1212
1 2 1212 118 469
1 2 471 469 13
1 2 7 419 417
1 2 1203 417 419
1 2 419 119 1203
1 2 417 1203 117
1 2 125 1206 1216
1 2 1203 1216 1206
1 2 1206 117 1203
1 2 1216 1203 119
1 2 119 478 1216
1 2 479 1216 478
1 2 478 14 479
1 2 1216 479 125
1 2 117 1206 426
1 2 428 426 1206
1 2 1206 125 428
1 2 426 428 8
1 2 15 488 490
1 2 1260 490 488
1 2 488 126 1260
1 2 490 1260 162
1 2 125 1254 1251
1 2 1260 1251 1254
1 2 1254 162 1260
1 2 1251 1260 126
1 2 126 429 1251
1 2 428 1251 429
1 2 429 8 428
1 2 1251 428 125
1 2 162 1254 481
1 2 479 481 1254
1 2 1254 125 479
1 2 481 479 14
1 2 8 429 427
1 2 1245 427 429
1 2 429 126 1245
1 2 427 1245 124
1 2 132 1248 1258
1 2 1245 1258 1248
1 2 1248 124 1245
1 2 1258 1245 126
1 2 126 488 1258
1 2 489 1258 488
1 2 488 15 489
1 2 1258 489 132
1 2 124 1248 436
1 2 438 436 1248
1 2 1248 132 438
1 2 436 438 9
1 2 16 498 500
1 2 1302 500 498
1 2 498 133 1302
1 2 500 1302 169
1 2 132 1296 1293
1 2 1302 1293 1296
1 2 1296 169 1302
1 2 1293 1302 133
1 2 133 439 1293
1 2 438 1293 439
1 2 439 9 438
1 2 1293 438 132
1 2 169 1296 491
1 2 489 491 1296
1 2 1296 132 489
1 2 491 489 15
1 2 9 439 437
1 2 1287 437 439
1 2 439 133 1287
1 2 437 1287 131
1 2 139 1290 1300
1 2 1287 1300 1290
1 2 1290 131 1287
1 2 1300 1287 133
1 2 133 498 1300
1 2 499 1300 498
1 2 498 16 499
1 2 1300 499 139
1 2 131 1290 446
1 2 448 446 1290
1 2 1290 139 448
1 2 446 448 10
1 2 17 508 510
1 2 1344 510 508
1 2 508 140 1344
1 2 510 1344 176
1 2 139 1338 1335
1 2 1344 1335 1338
1 2 1338 176 1344
1 2 1335 1344 140
1 2 140 449 1335
1 2 448 1335 449
1 2 449 10 448
1 2 1335 448 139
1 2 176 1338 501
1 2 499 501 1338
1 2 1338 139 499
1 2 501 499 16
1 2 10 449 447
1 2 1329 447 449
1 2 449 140 1329
1 2 447 1329 138
1 2 145 1332 1342
1 2 1329 1342 1332
1 2 1332 138 1329
1 2 1342 1329 140
1 2 140 508 1342
1 2 509 1342 508
1 2 508 17 509
1 2 1342 509 145
1 2 138 1332 456
1 2 457 456 1332
1 2 1332 145 457
1 2 456 457 11
1 2 19 522 524
1 2 1392 524 522
1 2 522 150 1392
1 2 524 1392 186
1 2 149 1386 1383
1 2 1392 1383 1386
1 2 1386 186 1392
1 2 1383 1392 150
1 2 150 463 1383
1 2 462 1383 463
1 2 463 12 462
1 2 1383 462 149
1 2 186 1386 515
1 2 514 515 1386
1 2 1386 149 514
1 2 515 514 18
1 2 12 463 461
1 2 1377 461 463
1 2 463 150 1377
1 2 461 1377 148
1 2 156 1380 1390
1 2 1377 1390 1380
1 2 1380 148 1377
1 2 1390 1377 150
1 2 150 522 1390
1 2 523 1390 522
1 2 522 19 523
1 2 1390 523 156
1 2 148 1380 470
1 2 472 470 1380
1 2 1380 156 472
1 2 470 472 13
1 2 20 532 534
1 2 1434 534 532
1 2 532 157 1434
1 2 534 1434 193
1 2 156 1428 1425
1 2 1434 1425 1428
1 2 1428 193 1434
1 2 1425 1434 157
1 2 157 473 1425
1 2 472 1425 473
1 2 473 13 472
1 2 1425 472 156
1 2 193 1428 525
1 2 523 525 1428
1 2 1428 156 523
1 2 525 523 19
1 2 13 473 471
1 2 1419 471 473
1 2 473 157 1419
1 2 471 1419 155
1 2 163 1422 1432
1 2 1419 1432 1422
1 2 1422 155 1419
1 2 1432 1419 157
1 2 157 532 1432
1 2 533 1432 532
1 2 532 20 533
1 2 1432 533 163
1 2 155 1422 480
1 2 482 480 1422
1 2 1422 163 482
1 2 480 482 14
1 2 21 542 544
1 2 1476 544 542
1 2 542 164 1476
1 2 544 1476 200
1 2 163 1470 1467
1 2 1476 1467 1470
1 2 1470 200 1476
1 2 1467 1476 164
1 2 164 483 1467
1 2 482 1467 483
1 2 483 14 482
1 2 1467 482 163
1 2 200 1470 535
1 2 533 535 1470
1 2 1470 163 533
1 2 535 533 20
1 2 14 483 481
1 2 1461 481 483
1 2 483 164 1461
1 2 481 1461 162
1 2 170 1464 1474
1 2 1461 1474 1464
1 2 1464 162 1461
1 2 1474 1461 164
1 2 164 542 1474
1 2 543 1474 542
1 2 542 21 543
1 2 1474 543 170
1 2 162 1464 490
1 2 492 490 1464
1 2 1464 170 492
1 2 490 492 15
1 2 22 552 554
1 2 1518 554 552
1 2 552 171 1518
1 2 554 1518 207
1 2 170 1512 1509
1 2 1518 1509 1512
1 2 1512 207 1518
1 2 1509 1518 171
1 2 171 493 1509
1 2 492 1509 493
1 2 493 15 492
1 2 1509 492 170
1 2 207 1512 545
1 2 543 545 1512
1 2 1512 170 543
1 2 545 543 21
1 2 15 493 491
1 2 1503 491 493
1 2 493 171 1503
1 2 491 1503 169
1 2 177 1506 1516
1 2 1503 1516 1506
1 2 1506 169 1503
1 2 1516 1503 171
1 2 171 552 1516
1 2 553 1516 552
1 2 552 22 553
1 2 1516 553 177
1 2 169 1506 500
1 2 502 500 1506
1 2 1506 177 502
1 2 500 502 16
1 2 23 562 564
1 2 1560 564 562
1 2 562 178 1560
1 2 564 1560 214
1 2 177 1554 1551
1 2 1560 1551 1554
1 2 1554 214 1560
1 2 1551 1560 178
1 2 178 503 1551
1 2 502 1551 503
1 2 503 16 502
1 2 1551 502 177
1 2 214 1554 555
1 2 553 555 1554
1 2 1554 177 553
1 2 555 553 22
1 2 16 503 501
1 2 1545 501 503
1 2 503 178 1545
1 2 501 1545 176
1 2 183 1548 1558
1 2 1545 1558 1548
1 2 1548 176 1545
1 2 1558 1545 178
1 2 178 562 1558
1 2 563 1558 562
1 2 562 23 563
1 2 1558 563 183
1 2 176 1548 510
1 2 511 510 1548
1 2 1548 183 511
1 2 510 511 17
1 2 25 576 578
1 2 1608 578 576
1 2 576 188 1608
1 2 578 1608 224
1 2 187 1602 1599
1 2 1608 1599 1602
1 2 1602 224 1608
1 2 1599 1608 188
1 2 188 517 1599
1 2 516 1599 517
1 2 517 18 516
1 2 1599 516 187
1 2 224 1602 569
1 2 568 569 1602
1 2 1602 187 568
1 2 569 568 24
1 2 18 517 515
1 2 1593 515 517
1 2 517 188 1593
1 2 515 1593 186
1 2 194 1596 1606
1 2 1593 1606 1596
1 2 1596 186 1593
1 2 1606 1593 188
1 2 188 576 1606
1 2 577 1606 576
1 2 576 25 577
1 2 1606 577 194
1 2 186 1596 524
1 2 526 524 1596
1 2 1596 194 526
1 2 524 526 19
1 2 26 586 588
1 2 1650 588 586
1 2 586 195 1650
1 2 588 1650 231
1 2 194 1644 1641
1 2 1650 1641 1644
1 2 1644 231 1650
1 2 1641 1650 195
1 2 195 527 1641
1 2 526 1641 527
1 2 527 19 526
1 2 1641 526 194
1 2 231 1644 579
1 2 577 579 1644
1 2 1644 194 577
1 2 579 577 25
1 2 19 527 525
1 2 1635 525 527
1 2 527 195 1635
1 2 525 1635 193
1 2 201 1638 1648
1 2 1635 1648 1638
1 2 1638 193 1635
1 2 1648 1635 195
1 2 195 586 1648
1 2 587 1648 586
1 2 586 26 587
1 2 1648 587 201
1 2 193 1638 534
1 2 536 534 1638
1 2 1638 201 536
1 2 534 536 20
1 2 27 596 598
1 2 1692 598 596
1 2 596 202 1692
1 2 598 1692 238
1 2 201 1686 1683
1 2 1692 1683 1686
1 2 1686 238 1692
1 2 1683 1692 202
1 2 202 537 1683
1 2 536 1683 537
1 2 537 20 536
1 2 1683 536 201
1 2 238 1686 589
1 2 587 589 1686
1 2 1686 201 587
1 2 589 587 26
1 2 20 537 535
1 2 1677 535 537
1 2 537 202 1677
1 2 535 1677 200
1 2 208 1680 1690
1 2 1677 1690 1680
1 2 1680 200 1677
1 2 1690 1677 202
1 2 202 596 1690
1 2 597 1690 596
1 2 596 27 597
1 2 1690 597 208
1 2 200 1680 544
1 2 546 544 1680
1 2 1680 208 546
1 2 544 546 21
1 2 28 606 608
1 2 1734 608 606
1 2 606 209 1734
1 2 608 1734 245
1 2 208 1728 1725
1 2 1734 1725 1728
1 2 1728 245 1734
1 2 1725 1734 209
1 2 209 547 1725
1 2 546 1725 547
1 2 547 21 546
1 2 1725 546 208
1 2 245 1728 599
1 2 597 599 1728
1 2 1728 208 597
1 2 599 597 27
1 2 21 547 545
1 2 1719 545 547
1 2 547 209 1719
1 2 545 1719 207
1 2 215 1722 1732
1 2 1719 1732 1722
1 2 1722 207 1719
1 2 1732 1719 209
1 2 209 606 1732
1 2 607 1732 606
1 2 606 28 607
1 2 1732 607 215
1 2 207 1722 554
1 2 556 554 1722
1 2 1722 215 556
1 2 554 556 22
1 2 29 616 618
1 2 1776 618 616
1 2 616 216 1776
1 2 618 1776 252
1 2 215 1770 1767
1 2 1776 1767 1770
1 2 1770 252 1776
1 2 1767 1776 216
1 2 216 557 1767
1 2 556 1767 557
1 2 557 22 556
1 2 1767 556 215
1 2 252 1770 609
1 2 607 609 1770
1 2 1770 215 607
1 2 609 607 28
1 2 22 557 555
1 2 1761 555 557
1 2 557 216 1761
1 2 555 1761 214
1 2 221 1764 1774
1 2 1761 1774 1764
1 2 1764 214 1761
1 2 1774 1761 216
1 2 216 616 1774
1 2 617 1774 616
1 2 616 29 617
1 2 1774 617 221
1 2 214 1764 564
1 2 565 564 1764
1 2 1764 221 565
1 2 564 565 23
1 2 31 626 628
1 2 1824 628 626
1 2 626 226 1824
1 2 628 1824 262
1 2 225 1818 1815
1 2 1824 1815 1818
1 2 1818 262 1824
1 2 1815 1824 226
1 2 226 571 1815
1 2 570 1815 571
1 2 571 24 570
1 2 1815 570 225
1 2 262 1818 623
1 2 622 623 1818
1 2 1818 225 622
1 2 623 622 30
1 2 24 571 569
1 2 1809 569 571
1 2 571 226 1809
1 2 569 1809 224
1 2 232 1812 1822
1 2 1809 1822 1812
1 2 1812 224 1809
1 2 1822 1809 226
1 2 226 626 1822
1 2 627 1822 626
1 2 626 31 627
1 2 1822 627 232
1 2 224 1812 578
1 2 580 578 1812
1 2 1812 232 580
1 2 578 580 25
1 2 32 632 634
1 2 1866 634 632
1 2 632 233 1866
1 2 634 1866 265
1 2 232 1860 1857
1 2 1866 1857 1860
1 2 1860 265 1866
1 2 1857 1866 233
1 2 233 581 1857
1 2 580 1857 581
1 2 581 25 580
1 2 1857 580 232
1 2 265 1860 629
1 2 627 629 1860
1 2 1860 232 627
1 2 629 627 31
1 2 25 581 579
1 2 1851 579 581
1 2 581 233 1851
1 2 579 1851 231
1 2 239 1854 1864
1 2 1851 1864 1854
1 2 1854 231 1851
1 2 1864 1851 233
1 2 233 632 1864
1 2 633 1864 632
1 2 632 32 633
1 2 1864 633 239
1 2 231 1854 588
1 2 590 588 1854
1 2 1854 239 590
1 2 588 590 26
1 2 33 638 640
1 2 1908 640 638
1 2 638 240 1908
1 2 640 1908 268
1 2 239 1902 1899
1 2 1908 1899 1902
1 2 1902 268 1908
1 2 1899 1908 240
1 2 240 591 1899
1 2 590 1899 591
1 2 591 26 590
1 2 1899 590 239
1 2 268 1902 635
1 2 633 635 1902
1 2 1902 239 633
1 2 635 633 32
1 2 26 591 589
1 2 1893 589 591
1 2 591 240 1893
1 2 589 1893 238
1 2 246 1896 1906
1 2 1893 1906 1896
1 2 1896 238 1893
1 2 1906 1893 240
1 2 240 638 1906
1 2 639 1906 638
1 2 638 33 639
1 2 1906 639 246
1 2 238 1896 598
1 2 600 598 1896
1 2 1896 246 600
1 2 598 600 27
1 2 34 644 646
1 2 1950 646 644
1 2 644 247 1950
1 2 646 1950 271
1 2 246 1944 1941
1 2 1950 1941 1944
1 2 1944 271 1950
1 2 1941 1950 247
1 2 247 601 1941
1 2 600 1941 601
1 2 601 27 600
1 2 1941 600 246
1 2 271 1944 641
1 2 639 641 1944
1 2 1944 246 639
1 2 641 639 33
1 2 27 601 599
1 2 1935 599 601
1 2 601 247 1935
1 2 599 1935 245
1 2 253 1938 1948
1 2 1935 1948 1938
1 2 1938 245 1935
1 2 1948 1935 247
1 2 247 644 1948
1 2 645 1948 644
1 2 644 34 645
1 2 1948 645 253
1 2 245 1938 608
1 2 610 608 1938
1 2 1938 253 610
1 2 608 610 28
1 2 35 650 652
1 2 1992 652 650
1 2 650 254 1992
1 2 652 1992 274
1 2 253 1986 1983
1 2 1992 1983 1986
1 2 1986 274 1992
1 2 1983 1992 254
1 2 254 611 1983
1 2 610 1983 611
1 2 611 28 610
1 2 1983 610 253
1 2 274 1986 647
1 2 645 647 1986
1 2 1986 253 645
1 2 647 645 34
1 2 28 611 609
1 2 1977 609 611
1 2 611 254 1977
1 2 609 1977 252
1 2 259 1980 1990
1 2 1977 1990 1980
1 2 1980 252 1977
1 2 1990 1977 254
1 2 254 650 1990
1 2 651 1990 650
1 2 650 35 651
1 2 1990 651 259
1 2 252 1980 618
1 2 619 618 1980
1 2 1980 259 619
1 2 618 619 29
6 2 43 696 697
6 2 2059 697 696
6 2 696 280 2059
6 2 697 2059 282
6 2 278 2056 2055
6 2 2059 2055 2056
6 2 2056 282 2059
6 2 2055 2059 280
6 2 280 657 2055
6 2 655 2055 657
6 2 657 36 655
6 2 2055 655 278
6 2 282 2056 662
6 2 660 662 2056
6 2 2056 278 660
6 2 662 660 37
6 2 36 657 656
6 2 2057 656 657
6 2 657 280 2057
6 2 656 2057 279
6 2 294 2058 2060
6 2 2057 2060 2058
6 2 2058 279 2057
6 2 2060 2057 280
6 2 280 696 2060
6 2 698 2060 696
6 2 696 43 698
6 2 2060 698 294
6 2 279 2058 688
6 2 689 688 2058
6 2 2058 294 689
6 2 688 689 42
6 2 44 706 707
6 2 2065 707 706
6 2 706 283 2065
6 2 707 2065 285
6 2 281 2062 2061
6 2 2065 2061 2062
6 2 2062 285 2065
6 2 2061 2065 283
6 2 283 663 2061
6 2 661 2061 663
6 2 663 37 661
6 2 2061 661 281
6 2 285 2062 668
6 2 666 668 2062
6 2 2062 281 666
6 2 668 666 38
6 2 37 663 662
6 2 2063 662 663
6 2 663 283 2063
6 2 662 2063 282
6 2 297 2064 2066
6 2 2063 2066 2064
6 2 2064 282 2063
6 2 2066 2063 283
6 2 283 706 2066
6 2 708 2066 706
6 2 706 44 708
6 2 2066 708 297
6 2 282 2064 697
6 2 699 697 2064
6 2 2064 297 699
6 2 697 699 43
6 2 45 716 717
6 2 2071 717 716
6 2 716 286 2071
6 2 717 2071 288
6 2 284 2068 2067
6 2 2071 2067 2068
6 2 2068 288 2071
6 2 2067 2071 286
6 2 286 669 2067
6 2 667 2067 669
6 2 669 38 667
6 2 2067 667 284
6 2 288 2068 674
6 2 672 674 2068
6 2 2068 284 672
6 2 674 672 39
6 2 38 669 668
6 2 2069 668 669
6 2 669 286 2069
6 2 668 2069 285
6 2 300 2070 2072
6 2 2069 2072 2070
6 2 2070 285 2069
6 2 2072 2069 286
6 2 286 716 2072
6 2 718 2072 716
6 2 716 45 718
6 2 2072 718 300
6 2 285 2070 707
6 2 709 707 2070
6 2 2070 300 709
6 2 707 709 44
6 2 46 726 727
6 2 2077 727 726
6 2 726 289 2077
6 2 727 2077 291
6 2 287 2074 2073
6 2 2077 2073 2074
6 2 2074 291 2077
6 2 2073 2077 289
6 2 289 675 2073
6 2 673 2073 675
6 2 675 39 673
6 2 2073 673 287
6 2 291 2074 680
6 2 678 680 2074
6 2 2074 287 678
6 2 680 678 40
6 2 39 675 674
6 2 2075 674 675
6 2 675 289 2075
6 2 674 2075 288
6 2 303 2076 2078
6 2 2075 2078 2076
6 2 2076 288 2075
6 2 2078 2075 289
6 2 289 726 2078
6 2 728 2078 726
6 2 726 46 728
6 2 2078 728 303
6 2 288 2076 717
6 2 719 717 2076
6 2 2076 303 719
6 2 717 719 45
6 2 47 736 737
6 2 2083 737 736
6 2 736 292 2083
6 2 737 2083 293
6 2 290 2080 2079
6 2 2083 2079 2080
6 2 2080 293 2083
6 2 2079 2083 292
6 2 292 681 2079
6 2 679 2079 681
6 2 681 40 679
6 2 2079 679 290
6 2 293 2080 685
6 2 684 685 2080
6 2 2080 290 684
6 2 685 684 41
6 2 40 681 680
6 2 2081 680 681
6 2 681 292 2081
6 2 680 2081 291
6 2 306 2082 2084
6 2 2081 2084 2082
6 2 2082 291 2081
6 2 2084 2081 292
6 2 292 736 2084
6 2 738 2084 736
6 2 736 47 738
6 2 2084 738 306
6 2 291 2082 727
6 2 729 727 2082
6 2 2082 306 729
6 2 727 729 46
6 2 49 750 751
6 2 2089 751 750
6 2 750 296 2089
6 2 751 2089 298
6 2 294 2086 2085
6 2 2089 2085 2086
6 2 2086 298 2089
6 2 2085 2089 296
6 2 296 691 2085
6 2 689 2085 691
6 2 691 42 689
6 2 2085 689 294
6 2 298 2086 700
6 2 698 700 2086
6 2 2086 294 698
6 2 700 698 43
6 2 42 691 690
6 2 2087 690 691
6 2 691 296 2087
6 2 690 2087 295
6 2 310 2088 2090
6 2 2087 2090 2088
6 2 2088 295 2087
6 2 2090 2087 296
6 2 296 750 2090
6 2 752 2090 750
6 2 750 49 752
6 2 2090 752 310
6 2 295 2088 742
6 2 743 742 2088
6 2 2088 310 743
6 2 742 743 48
6 2 50 760 761
6 2 2095 761 760
6 2 760 299 2095
6 2 761 2095 301
6 2 297 2092 2091
6 2 2095 2091 2092
6 2 2092 301 2095
6 2 2091 2095 299
6 2 299 701 2091
6 2 699 2091 701
6 2 701 43 699
6 2 2091 699 297
6 2 301 2092 710
6 2 708 710 2092
6 2 2092 297 708
6 2 710 708 44
6 2 43 701 700
6 2 2093 700 701
6 2 701 299 2093
6 2 700 2093 298
6 2 313 2094 2096
6 2 2093 2096 2094
6 2 2094 298 2093
6 2 2096 2093 299
6 2 299 760 2096
6 2 762 2096 760
6 2 760 50 762
6 2 2096 762 313
6 2 298 2094 751
6 2 753 751 2094
6 2 2094 313 753
6 2 751 753 49
6 2 51 770 771
6 2 2101 771 770
6 2 770 302 2101
6 2 771 2101 304
6 2 300 2098 2097
6 2 2101 2097 2098
6 2 2098 304 2101
6 2 2097 2101 302
6 2 302 711 2097
6 2 709 2097 711
6 2 711 44 709
6 2 2097 709 300
6 2 304 2098 720
6 2 718 720 2098
6 2 2098 300 718
6 2 720 718 45
6 2 44 711 710
6 2 2099 710 711
6 2 711 302 2099
6 2 710 2099 301
6 2 316 2100 2102
6 2 2099 2102 2100
6 2 2100 301 2099
6 2 2102 2099 302
6 2 302 770 2102
6 2 772 2102 770
6 2 770 51 772
6 2 2102 772 316
6 2 301 2100 761
6 2 763 761 2100
6 2 2100 316 763
6 2 761 763 50
6 2 52 780 781
6 2 2107 781 780
6 2 780 305 2107
6 2 781 2107 307
6 2 303 2104 2103
6 2 2107 2103 2104
6 2 2104 307 2107
6 2 2103 2107 305
6 2 305 721 2103
6 2 719 2103 721
6 2 721 45 719
6 2 2103 719 303
6 2 307 2104 730
6 2 728 730 2104
6 2 2104 303 728
6 2 730 728 46
6 2 45 721 720
6 2 2105 720 721
6 2 721 305 2105
6 2 720 2105 304
6 2 319 2106 2108
6 2 2105 2108 2106
6 2 2106 304 2105
6 2 2108 2105 305
6 2 305 780 2108
6 2 782 2108 780
6 2 780 52 782
6 2 2108 782 319
6 2 304 2106 771
6 2 773 771 2106
6 2 2106 319 773
6 2 771 773 51
6 2 53 790 791
6 2 2113 791 790
6 2 790 308 2113
6 2 791 2113 309
6 2 306 2110 2109
6 2 2113 2109 2110
6 2 2110 309 2113
6 2 2109 2113 308
6 2 308 731 2109
6 2 729 2109 731
6 2 731 46 729
6 2 2109 729 306
6 2 309 2110 739
6 2 738 739 2110
6 2 2110 306 738
6 2 739 738 47
6 2 46 731 730
6 2 2111 730 731
6 2 731 308 2111
6 2 730 2111 307
6 2 322 2112 2114
6 2 2111 2114 2112
6 2 2112 307 2111
6 2 2114 2111 308
6 2 308 790 2114
6 2 792 2114 790
6 2 790 53 792
6 2 2114 792 322
6 2 307 2112 781
6 2 783 781 2112
6 2 2112 322 783
6 2 781 783 52
6 2 55 804 805
6 2 2119 805 804
6 2 804 312 2119
6 2 805 2119 314
6 2 310 2116 2115
6 2 2119 2115 2116
6 2 2116 314 2119
6 2 2115 2119 312
6 2 312 745 2115
6 2 743 2115 745
6 2 745 48 743
6 2 2115 743 310
6 2 314 2116 754
6 2 752 754 2116
6 2 2116 310 752
6 2 754 752 49
6 2 48 745 744
6 2 2117 744 745
6 2 745 312 2117
6 2 744 2117 311
6 2 326 2118 2120
6 2 2117 2120 2118
6 2 2118 311 2117
6 2 2120 2117 312
6 2 312 804 2120
6 2 806 2120 804
6 2 804 55 806
6 2 2120 806 326
6 2 311 2118 796
6 2 797 796 2118
6 2 2118 326 797
6 2 796 797 54
6 2 56 814 815
6 2 2125 815 814
6 2 814 315 2125
6 2 815 2125 317
6 2 313 2122 2121
6 2 2125 2121 2122
6 2 2122 317 2125
6 2 2121 2125 315
6 2 315 755 2121
6 2 753 2121 755
6 2 755 49 753
6 2 2121 753 313
6 2 317 2122 764
6 2 762 764 2122
6 2 2122 313 762
6 2 764 762 50
6 2 49 755 754
6 2 2123 754 755
6 2 755 315 2123
6 2 754 2123 314
6 2 329 2124 2126
6 2 2123 2126 2124
6 2 2124 314 2123
6 2 2126 2123 315
6 2 315 814 2126
6 2 816 2126 814
6 2 814 56 816
6 2 2126 816 329
6 2 314 2124 805
6 2 807 805 2124
6 2 2124 329 807
6 2 805 807 55
6 2 57 824 825
6 2 2131 825 824
6 2 824 318 2131
6 2 825 2131 320
6 2 316 2128 2127
6 2 2131 2127 2128
6 2 2128 320 2131
6 2 2127 2131 318
6 2 318 765 2127
6 2 763 2127 765
6 2 765 50 763
6 2 2127 763 316
6 2 320 2128 774
6 2 772 774 2128
6 2 2128 316 772
6 2 774 772 51
6 2 50 765 764
6 2 2129 764 765
6 2 765 318 2129
6 2 764 2129 317
6 2 332 2130 2132
6 2 2129 2132 2130
6 2 2130 317 2129
6 2 2132 2129 318
6 2 318 824 2132
6 2 826 2132 824
6 2 824 57 826
6 2 2132 826 332
6 2 317 2130 815
6 2 817 815 2130
6 2 2130 332 817
6 2 815 817 56
6 2 58 834 835
6 2 2137 835 834
6 2 834 321 2137
6 2 835 2137 323
6 2 319 2134 2133
6 2 2137 2133 2134
6 2 2134 323 2137
6 2 2133 2137 321
6 2 321 775 2133
6 2 773 2133 775
6 2 775 51 773
6 2 2133 773 319
6 2 323 2134 784
6 2 782 784 2134
6 2 2134 319 782
6 2 784 782 52
6 2 51 775 774
6 2 2135 774 775
6 2 775 321 2135
6 2 774 2135 320
6 2 335 2136 2138
6 2 2135 2138 2136
6 2 2136 320 2135
6 2 2138 2135 321
6 2 321 834 2138
6 2 836 2138 834
6 2 834 58 836
6 2 2138 836 335
6 2 320 2136 825
6 2 827 825 2136
6 2 2136 335 827
6 2 825 827 57
6 2 59 844 845
6 2 2143 845 844
6 2 844 324 2143
6 2 845 2143 325
6 2 322 2140 2139
6 2 2143 2139 2140
6 2 2140 325 2143
6 2 2139 2143 324
6 2 324 785 2139
6 2 783 2139 785
6 2 785 52 783
6 2 2139 783 322
6 2 325 2140 793
6 2 792 793 2140
6 2 2140 322 792
6 2 793 792 53
6 2 52 785 784
6 2 2141 784 785
6 2 785 324 2141
6 2 784 2141 323
6 2 338 2142 2144
6 2 2141 2144 2142
6 2 2142 323 2141
6 2 2144 2141 324
6 2 324 844 2144
6 2 846 2144 844
6 2 844 59 846
6 2 2144 846 338
6 2 323 2142 835
6 2 837 835 2142
6 2 2142 338 837
6 2 835 837 58
6 2 61 858 859
6 2 2149 859 858
6 2 858 328 2149
6 2 859 2149 330
6 2 326 2146 2145
6 2 2149 2145 2146
6 2 2146 330 2149
6 2 2145 2149 328
6 2 328 799 2145
6 2 797 2145 799
6 2 799 54 797
6 2 2145 797 326
6 2 330 2146 808
6 2 806 808 2146
6 2 2146 326 806
6 2 808 806 55
6 2 54 799 798
6 2 2147 798 799
6 2 799 328 2147
6 2 798 2147 327
6 2 342 2148 2150
6 2 2147 2150 2148
6 2 2148 327 2147
6 2 2150 2147 328
6 2 328 858 2150
6 2 860 2150 858
6 2 858 61 860
6 2 2150 860 342
6 2 327 2148 850
6 2 851 850 2148
6 2 2148 342 851
6 2 850 851 60
6 2 62 868 869
6 2 2155 869 868
6 2 868 331 2155
6 2 869 2155 333
6 2 329 2152 2151
6 2 2155 2151 2152
6 2 2152 333 2155
6 2 2151 2155 331
6 2 331 809 2151
6 2 807 2151 809
6 2 809 55 807
6 2 2151 807 329
6 2 333 2152 818
6 2 816 818 2152
6 2 2152 329 816
6 2 818 816 56
6 2 55 809 808
6 2 2153 808 809
6 2 809 331 2153
6 2 808 2153 330
6 2 345 2154 2156
6 2 2153 2156 2154
6 2 2154 330 2153
6 2 2156 2153 331
6 2 331 868 2156
6 2 870 2156 868
6 2 868 62 870
6 2 2156 870 345
6 2 330 2154 859
6 2 861 859 2154
6 2 2154 345 861
6 2 859 861 61
6 2 63 878 879
6 2 2161 879 878
6 2 878 334 2161
6 2 879 2161 336
6 2 332 2158 2157
6 2 2161 2157 2158
6 2 2158 336 2161
6 2 2157 2161 334
6 2 334 819 2157
6 2 817 2157 819
6 2 819 56 817
6 2 2157 817 332
6 2 336 2158 828
6 2 826 828 2158
6 2 2158 332 826
6 2 828 826 57
6 2 56 819 818
6 2 2159 818 819
6 2 819 334 2159
6 2 818 2159 333
6 2 348 2160 2162
6 2 2159 2162 2160
6 2 2160 333 2159
6 2 2162 2159 334
6 2 334 878 2162
6 2 880 2162 878
6 2 878 63 880
6 2 2162 880 348
6 2 333 2160 869
6 2 871 869 2160
6 2 2160 348 871
6 2 869 871 62
6 2 64 888 889
6 2 2167 889 888
6 2 888 337 2167
6 2 889 2167 339
6 2 335 2164 2163
6 2 2167 2163 2164
6 2 2164 339 2167
6 2 2163 2167 337
6 2 337 829 2163
6 2 827 2163 829
6 2 829 57 827
6 2 2163 827 335
6 2 339 2164 838
6 2 836 838 2164
6 2 2164 335 836
6 2 838 836 58
6 2 57 829 828
6 2 2165 828 829
6 2 829 337 2165
6 2 828 2165 336
6 2 351 2166 2168
6 2 2165 2168 2166
6 2 2166 336 2165
6 2 2168 2165 337
6 2 337 888 2168
6 2 890 2168 888
6 2 888 64 890
6 2 2168 890 351
6 2 336 2166 879
6 2 881 879 2166
6 2 2166 351 881
6 2 879 881 63
6 2 65 898 899
6 2 2173 899 898
6 2 898 340 2173
6 2 899 2173 341
6 2 338 2170 2169
6 2 2173 2169 2170
6 2 2170 341 2173
6 2 2169 2173 340
6 2 340 839 2169
6 2 837 2169 839
6 2 839 58 837
6 2 2169 837 338
6 2 341 2170 847
6 2 846 847 2170
6 2 2170 338 846
6 2 847 846 59
6 2 58 839 838
6 2 2171 838 839
6 2 839 340 2171
6 2 838 2171 339
6 2 354 2172 2174
6 2 2171 2174 2172
6 2 2172 339 2171
6 2 2174 2171 340
6 2 340 898 2174
6 2 900 2174 898
6 2 898 65 900
6 2 2174 900 354
6 2 339 2172 889
6 2 891 889 2172
6 2 2172 354 891
6 2 889 891 64
6 2 67 910 911
6 2 2179 911 910
6 2 910 344 2179
6 2 911 2179 346
6 2 342 2176 2175
6 2 2179 2175 2176
6 2 2176 346 2179
6 2 2175 2179 344
6 2 344 853 2175
6 2 851 2175 853
6 2 853 60 851
6 2 2175 851 342
6 2 346 2176 862
6 2 860 862 2176
6 2 2176 342 860
6 2 862 860 61
6 2 60 853 852
6 2 2177 852 853
6 2 853 344 2177
6 2 852 2177 343
6 2 358 2178 2180
6 2 2177 2180 2178
6 2 2178 343 2177
6 2 2180 2177 344
6 2 344 910 2180
6 2 912 2180 910
6 2 910 67 912
6 2 2180 912 358
6 2 343 2178 904
6 2 905 904 2178
6 2 2178 358 905
6 2 904 905 66
6 2 68 918 919
6 2 2185 919 918
6 2 918 347 2185
6 2 919 2185 349
6 2 345 2182 2181
6 2 2185 2181 2182
6 2 2182 349 2185
6 2 2181 2185 347
6 2 347 863 2181
6 2 861 2181 863
6 2 863 61 861
6 2 2181 861 345
6 2 349 2182 872
6 2 870 872 2182
6 2 2182 345 870
6 2 872 870 62
6 2 61 863 862
6 2 2183 862 863
6 2 863 347 2183
6 2 862 2183 346
6 2 359 2184 2186
6 2 2183 2186 2184
6 2 2184 346 2183
6 2 2186 2183 347
6 2 347 918 2186
6 2 920 2186 918
6 2 918 68 920
6 2 2186 920 359
6 2 346 2184 911
6 2 913 911 2184
6 2 2184 359 913
6 2 911 913 67
6 2 69 926 927
6 2 2191 927 926
6 2 926 350 2191
6 2 927 2191 352
6 2 348 2188 2187
6 2 2191 2187 2188
6 2 2188 352 2191
6 2 2187 2191 350
6 2 350 873 2187
6 2 871 2187 873
6 2 873 62 871
6 2 2187 871 348
6 2 352 2188 882
6 2 880 882 2188
6 2 2188 348 880
6 2 882 880 63
6 2 62 873 872
6 2 2189 872 873
6 2 873 350 2189
6 2 872 2189 349
6 2 360 2190 2192
6 2 2189 2192 2190
6 2 2190 349 2189
6 2 2192 2189 350
6 2 350 926 2192
6 2 928 2192 926
6 2 926 69 928
6 2 2192 928 360
6 2 349 2190 919
6 2 921 919 2190
6 2 2190 360 921
6 2 919 921 68
6 2 70 934 935
6 2 2197 935 934
6 2 934 353 2197
6 2 935 2197 355
6 2 351 2194 2193
6 2 2197 2193 2194
6 2 2194 355 2197
6 2 2193 2197 353
6 2 353 883 2193
6 2 881 2193 883
6 2 883 63 881
6 2 2193 881 351
6 2 355 2194 892
6 2 890 892 2194
6 2 2194 351 890
6 2 892 890 64
6 2 63 883 882
6 2 2195 882 883
6 2 883 353 2195
6 2 882 2195 352
6 2 361 2196 2198
6 2 2195 2198 2196
6 2 2196 352 2195
6 2 2198 2195 353
6 2 353 934 2198
6 2 936 2198 934
6 2 934 70 936
6 2 2198 936 361
6 2 352 2196 927
6 2 929 927 2196
6 2 2196 361 929
6 2 927 929 69
6 2 71 942 943
6 2 2203 943 942
6 2 942 356 2203
6 2 943 2203 357
6 2 354 2200 2199
6 2 2203 2199 2200
6 2 2200 357 2203
6 2 2199 2203 356
6 2 356 893 2199
6 2 891 2199 893
6 2 893 64 891
6 2 2199 891 354
6 2 357 2200 901
6 2 900 901 2200
6 2 2200 354 900
6 2 901 900 65
6 2 64 893 892
6 2 2201 892 893
6 2 893 356 2201
6 2 892 2201 355
6 2 362 2202 2204
6 2 2201 2204 2202
6 2 2202 355 2201
6 2 2204 2201 356
6 2 356 942 2204
6 2 944 2204 942
6 2 942 71 944
6 2 2204 944 362
6 2 355 2202 935
6 2 937 935 2202
6 2 2202 362 937
6 2 935 937 70
5 2 42 686 688
5 2 978 688 686
5 2 686 77 978
5 2 688 978 279
5 2 75 967 964
5 2 978 964 967
5 2 967 279 978
5 2 964 978 77
5 2 77 368 964
5 2 366 964 368
5 2 368 0 366
5 2 964 366 75
5 2 279 967 656
5 2 654 656 967
5 2 967 75 654
5 2 656 654 36
5 2 0 368 364
5 2 952 364 368
5 2 368 77 952
5 2 364 952 73
5 2 113 955 976
5 2 952 976 955
5 2 955 73 952
5 2 976 952 77
5 2 77 686 976
5 2 687 976 686
5 2 686 42 687
5 2 976 687 113
5 2 73 955 406
5 2 410 406 955
5 2 955 113 410
5 2 406 410 6
5 2 48 740 742
5 2 1194 742 740
5 2 740 115 1194
5 2 742 1194 295
5 2 113 1183 1180
5 2 1194 1180 1183
5 2 1183 295 1194
5 2 1180 1194 115
5 2 115 412 1180
5 2 410 1180 412
5 2 412 6 410
5 2 1180 410 113
5 2 295 1183 690
5 2 687 690 1183
5 2 1183 113 687
5 2 690 687 42
5 2 6 412 408
5 2 1168 408 412
5 2 412 115 1168
5 2 408 1168 111
5 2 151 1171 1192
5 2 1168 1192 1171
5 2 1171 111 1168
5 2 1192 1168 115
5 2 115 740 1192
5 2 741 1192 740
5 2 740 48 741
5 2 1192 741 151
5 2 111 1171 460
5 2 464 460 1171
5 2 1171 151 464
5 2 460 464 12
5 2 54 794 796
5 2 1410 796 794
5 2 794 153 1410
5 2 796 1410 311
5 2 151 1399 1396
5 2 1410 1396 1399
5 2 1399 311 1410
5 2 1396 1410 153
5 2 153 466 1396
5 2 464 1396 466
5 2 466 12 464
5 2 1396 464 151
5 2 311 1399 744
5 2 741 744 1399
5 2 1399 151 741
5 2 744 741 48
5 2 12 466 462
5 2 1384 462 466
5 2 466 153 1384
5 2 462 1384 149
5 2 189 1387 1408
5 2 1384 1408 1387
5 2 1387 149 1384
5 2 1408 1384 153
5 2 153 794 1408
5 2 795 1408 794
5 2 794 54 795
5 2 1408 795 189
5 2 149 1387 514
5 2 518 514 1387
5 2 1387 189 518
5 2 514 518 18
5 2 60 848 850
5 2 1626 850 848
5 2 848 191 1626
5 2 850 1626 327
5 2 189 1615 1612
5 2 1626 1612 1615
5 2 1615 327 1626
5 2 1612 1626 191
5 2 191 520 1612
5 2 518 1612 520
5 2 520 18 518
5 2 1612 518 189
5 2 327 1615 798
5 2 795 798 1615
5 2 1615 189 795
5 2 798 795 54
5 2 18 520 516
5 2 1600 516 520
5 2 520 191 1600
5 2 516 1600 187
5 2 227 1603 1624
5 2 1600 1624 1603
5 2 1603 187 1600
5 2 1624 1600 191
5 2 191 848 1624
5 2 849 1624 848
5 2 848 60 849
5 2 1624 849 227
5 2 187 1603 568
5 2 572 568 1603
5 2 1603 227 572
5 2 568 572 24
5 2 66 902 904
5 2 1842 904 902
5 2 902 229 1842
5 2 904 1842 343
5 2 227 1831 1828
5 2 1842 1828 1831
5 2 1831 343 1842
5 2 1828 1842 229
5 2 229 574 1828
5 2 572 1828 574
5 2 574 24 572
5 2 1828 572 227
5 2 343 1831 852
5 2 849 852 1831
5 2 1831 227 849
5 2 852 849 60
5 2 24 574 570
5 2 1816 570 574
5 2 574 229 1816
5 2 570 1816 225
5 2 263 1819 1840
5 2 1816 1840 1819
5 2 1819 225 1816
5 2 1840 1816 229
5 2 229 902 1840
5 2 903 1840 902
5 2 902 66 903
5 2 1840 903 263
5 2 225 1819 622
5 2 624 622 1819
5 2 1819 263 624
5 2 622 624 30
3 2 47 733 735
3 2 1159 735 733
3 2 733 109 1159
3 2 735 1159 146
3 2 107 1156 1155
3 2 1159 1155 1156
3 2 1156 146 1159
3 2 1155 1159 109
3 2 109 405 1155
3 2 403 1155 405
3 2 405 5 403
3 2 1155 403 107
3 2 146 1156 458
3 2 455 458 1156
3 2 1156 107 455
3 2 458 455 11
3 2 5 405 404
3 2 1157 404 405
3 2 405 109 1157
3 2 404 1157 108
3 2 293 1158 1160
3 2 1157 1160 1158
3 2 1158 108 1157
3 2 1160 1157 109
3 2 109 733 1160
3 2 737 1160 733
3 2 733 47 737
3 2 1160 737 293
3 2 108 1158 683
3 2 685 683 1158
3 2 1158 293 685
3 2 683 685 41
3 2 53 787 789
3 2 1375 789 787
3 2 787 147 1375
3 2 789 1375 184
3 2 145 1372 1371
3 2 1375 1371 1372
3 2 1372 184 1375
3 2 1371 1375 147
3 2 147 459 1371
3 2 457 1371 459
3 2 459 11 457
3 2 1371 457 145
3 2 184 1372 512
3 2 509 512 1372
3 2 1372 145 509
3 2 512 509 17
3 2 11 459 458
3 2 1373 458 459
3 2 459 147 1373
3 2 458 1373 146
3 2 309 1374 1376
3 2 1373 1376 1374
3 2 1374 146 1373
3 2 1376 1373 147
3 2 147 787 1376
3 2 791 1376 787
3 2 787 53 791
3 2 1376 791 309
3 2 146 1374 735
3 2 739 735 1374
3 2 1374 309 739
3 2 735 739 47
3 2 59 841 843
3 2 1591 843 841
3 2 841 185 1591
3 2 843 1591 222
3 2 183 1588 1587
3 2 1591 1587 1588
3 2 1588 222 1591
3 2 1587 1591 185
3 2 185 513 1587
3 2 511 1587 513
3 2 513 17 511
3 2 1587 511 183
3 2 222 1588 566
3 2 563 566 1588
3 2 1588 183 563
3 2 566 563 23
3 2 17 513 512
3 2 1589 512 513
3 2 513 185 1589
3 2 512 1589 184
3 2 325 1590 1592
3 2 1589 1592 1590
3 2 1590 184 1589
3 2 1592 1589 185
3 2 185 841 1592
3 2 845 1592 841
3 2 841 59 845
3 2 1592 845 325
3 2 184 1590 789
3 2 793 789 1590
3 2 1590 325 793
3 2 789 793 53
3 2 65 895 897
3 2 1807 897 895
3 2 895 223 1807
3 2 897 1807 260
3 2 221 1804 1803
3 2 1807 1803 1804
3 2 1804 260 1807
3 2 1803 1807 223
3 2 223 567 1803
3 2 565 1803 567
3 2 567 23 565
3 2 1803 565 221
3 2 260 1804 620
3 2 617 620 1804
3 2 1804 221 617
3 2 620 617 29
3 2 23 567 566
3 2 1805 566 567
3 2 567 223 1805
3 2 566 1805 222
3 2 341 1806 1808
3 2 1805 1808 1806
3 2 1806 222 1805
3 2 1808 1805 223
3 2 223 895 1808
3 2 899 1808 895
3 2 895 65 899
3 2 1808 899 341
3 2 222 1806 843
3 2 847 843 1806
3 2 1806 341 847
3 2 843 847 59
3 2 71 939 941
3 2 2023 941 939
3 2 939 261 2023
3 2 941 2023 277
3 2 259 2020 2019
3 2 2023 2019 2020
3 2 2020 277 2023
3 2 2019 2023 261
3 2 261 621 2019
3 2 619 2019 621
3 2 621 29 619
3 2 2019 619 259
3 2 277 2020 653
3 2 651 653 2020
3 2 2020 259 651
3 2 653 651 35
3 2 29 621 620
3 2 2021 620 621
3 2 621 261 2021
3 2 620 2021 260
3 2 357 2022 2024
3 2 2021 2024 2022
3 2 2022 260 2021
3 2 2024 2021 261
3 2 261 939 2024
3 2 943 2024 939
3 2 939 71 943
3 2 2024 943 357
3 2 260 2022 897
3 2 901 897 2022
3 2 2022 357 901
3 2 897 901 65
2 2 37 658 659
2 2 970 659 658
2 2 658 76 970
2 2 659 970 82
2 2 72 949 946
2 2 970 946 949
2 2 949 82 970
2 2 946 970 76
2 2 76 367 946
2 2 363 946 367
2 2 367 0 363
2 2 946 363 72
2 2 82 949 374
2 2 370 374 949
2 2 949 72 370
2 2 374 370 1
2 2 0 367 366
2 2 963 366 367
2 2 367 76 963
2 2 366 963 75
2 2 278 966 972
2 2 963 972 966
2 2 966 75 963
2 2 972 963 76
2 2 76 658 972
2 2 660 972 658
2 2 658 37 660
2 2 972 660 278
2 2 75 966 654
2 2 655 654 966
2 2 966 278 655
2 2 654 655 36
2 2 38 664 665
2 2 1012 665 664
2 2 664 83 1012
2 2 665 1012 89
2 2 79 991 988
2 2 1012 988 991
2 2 991 89 1012
2 2 988 1012 83
2 2 83 375 988
2 2 371 988 375
2 2 375 1 371
2 2 988 371 79
2 2 89 991 382
2 2 378 382 991
2 2 991 79 378
2 2 382 378 2
2 2 1 375 374
2 2 1005 374 375
2 2 375 83 1005
2 2 374 1005 82
2 2 281 1008 1014
2 2 1005 1014 1008
2 2 1008 82 1005
2 2 1014 1005 83
2 2 83 664 1014
2 2 666 1014 664
2 2 664 38 666
2 2 1014 666 281
2 2 82 1008 659
2 2 661 659 1008
2 2 1008 281 661
2 2 659 661 37
2 2 39 670 671
2 2 1054 671 670
2 2 670 90 1054
2 2 671 1054 96
2 2 86 1033 1030
2 2 1054 1030 1033
2 2 1033 96 1054
2 2 1030 1054 90
2 2 90 383 1030
2 2 379 1030 383
2 2 383 2 379
2 2 1030 379 86
2 2 96 1033 390
2 2 386 390 1033
2 2 1033 86 386
2 2 390 386 3
2 2 2 383 382
2 2 1047 382 383
2 2 383 90 1047
2 2 382 1047 89
2 2 284 1050 1056
2 2 1047 1056 1050
2 2 1050 89 1047
2 2 1056 1047 90
2 2 90 670 1056
2 2 672 1056 670
2 2 670 39 672
2 2 1056 672 284
2 2 89 1050 665
2 2 667 665 1050
2 2 1050 284 667
2 2 665 667 38
2 2 40 676 677
2 2 1096 677 676
2 2 676 97 1096
2 2 677 1096 103
2 2 93 1075 1072
2 2 1096 1072 1075
2 2 1075 103 1096
2 2 1072 1096 97
2 2 97 391 1072
2 2 387 1072 391
2 2 391 3 387
2 2 1072 387 93
2 2 103 1075 398
2 2 394 398 1075
2 2 1075 93 394
2 2 398 394 4
2 2 3 391 390
2 2 1089 390 391
2 2 391 97 1089
2 2 390 1089 96
2 2 287 1092 1098
2 2 1089 1098 1092
2 2 1092 96 1089
2 2 1098 1089 97
2 2 97 676 1098
2 2 678 1098 676
2 2 676 40 678
2 2 1098 678 287
2 2 96 1092 671
2 2 673 671 1092
2 2 1092 287 673
2 2 671 673 39
2 2 41 682 683
2 2 1138 683 682
2 2 682 104 1138
2 2 683 1138 108
2 2 100 1117 1114
2 2 1138 1114 1117
2 2 1117 108 1138
2 2 1114 1138 104
2 2 104 399 1114
2 2 395 1114 399
2 2 399 4 395
2 2 1114 395 100
2 2 108 1117 404
2 2 402 404 1117
2 2 1117 100 402
2 2 404 402 5
2 2 4 399 398
2 2 1131 398 399
2 2 399 104 1131
2 2 398 1131 103
2 2 290 1134 1140
2 2 1131 1140 1134
2 2 1134 103 1131
2 2 1140 1131 104
2 2 104 682 1140
2 2 684 1140 682
2 2 682 41 684
2 2 1140 684 290
2 2 103 1134 677
2 2 679 677 1134
2 2 1134 290 679
2 2 677 679 40
4 2 67 908 912
4 2 2030 912 908
4 2 908 264 2030
4 2 912 2030 358
4 2 263 2028 2027
4 2 2030 2027 2028
4 2 2028 358 2030
4 2 2027 2030 264
4 2 264 625 2027
4 2 624 2027 625
4 2 625 30 624
4 2 2027 624 263
4 2 358 2028 905
4 2 903 905 2028
4 2 2028 263 903
4 2 905 903 66
4 2 30 625 623
4 2 2025 623 625
4 2 625 264 2025
4 2 623 2025 262
4 2 266 2026 2029
4 2 2025 2029 2026
4 2 2026 262 2025
4 2 2029 2025 264
4 2 264 908 2029
4 2 909 2029 908
4 2 908 67 909
4 2 2029 909 266
4 2 262 2026 628
4 2 630 628 2026
4 2 2026 266 630
4 2 628 630 31
4 2 68 916 920
4 2 2036 920 916
4 2 916 267 2036
4 2 920 2036 359
4 2 266 2034 2033
4 2 2036 2033 2034
4 2 2034 359 2036
4 2 2033 2036 267
4 2 267 631 2033
4 2 630 2033 631
4 2 631 31 630
4 2 2033 630 266
4 2 359 2034 913
4 2 909 913 2034
4 2 2034 266 909
4 2 913 909 67
4 2 31 631 629
4 2 2031 629 631
4 2 631 267 2031
4 2 629 2031 265
4 2 269 2032 2035
4 2 2031 2035 2032
4 2 2032 265 2031
4 2 2035 2031 267
4 2 267 916 2035
4 2 917 2035 916
4 2 916 68 917
4 2 2035 917 269
4 2 265 2032 634
4 2 636 634 2032
4 2 2032 269 636
4 2 634 636 32
4 2 69 924 928
4 2 2042 928 924
4 2 924 270 2042
4 2 928 2042 360
4 2 269 2040 2039
4 2 2042 2039 2040
4 2 2040 360 2042
4 2 2039 2042 270
4 2 270 637 2039
4 2 636 2039 637
4 2 637 32 636
4 2 2039 636 269
4 2 360 2040 921
4 2 917 921 2040
4 2 2040 269 917
4 2 921 917 68
4 2 32 637 635
4 2 2037 635 637
4 2 637 270 2037
4 2 635 2037 268
4 2 272 2038 2041
4 2 2037 2041 2038
4 2 2038 268 2037
4 2 2041 2037 270
4 2 270 924 2041
4 2 925 2041 924
4 2 924 69 925
4 2 2041 925 272
4 2 268 2038 640
4 2 642 640 2038
4 2 2038 272 642
4 2 640 642 33
4 2 70 932 936
4 2 2048 936 932
4 2 932 273 2048
4 2 936 2048 361
4 2 272 2046 2045
4 2 2048 2045 2046
4 2 2046 361 2048
4 2 2045 2048 273
4 2 273 643 2045
4 2 642 2045 643
4 2 643 33 642
4 2 2045 642 272
4 2 361 2046 929
4 2 925 929 2046
4 2 2046 272 925
4 2 929 925 69
4 2 33 643 641
4 2 2043 641 643
4 2 643 273 2043
4 2 641 2043 271
4 2 275 2044 2047
4 2 2043 2047 2044
4 2 2044 271 2043
4 2 2047 2043 273
4 2 273 932 2047
4 2 933 2047 932
4 2 932 70 933
4 2 2047 933 275
4 2 271 2044 646
4 2 648 646 2044
4 2 2044 275 648
4 2 646 648 34
4 2 71 940 944
4 2 2054 944 940
4 2 940 276 2054
4 2 944 2054 362
4 2 275 2052 2051
4 2 2054 2051 2052
4 2 2052 362 2054
4 2 2051 2054 276
4 2 276 649 2051
4 2 648 2051 649
4 2 649 34 648
4 2 2051 648 275
4 2 362 2052 937
4 2 933 937 2052
4 2 2052 275 933
4 2 937 933 70
4 2 34 649 647
4 2 2049 647 649
4 2 649 276 2049
4 2 647 2049 274
4 2 277 2050 2053
4 2 2049 2053 2050
4 2 2050 274 2049
4 2 2053 2049 276
4 2 276 940 2053
4 2 941 2053 940
4 2 940 71 941
4 2 2053 941 277
4 2 274 2050 652
4 2 653 652 2050
4 2 2050 277 653
4 2 652 653 35

vertices
2205
3
0 0 0
1 0 0
2 0 0
3 0 0
4 0 0
5 0 0
0 1 0
1 1 0
2 1 0
3 1 0
4 1 0
5 1 0
0 2 0
1 2 0
2 2 0
3 2 0
4 2 0
5 2 0
0 3 0
1 3 0
2 3 0
3 3 0
4 3 0
5 3 0
0 4 0
1 4 0
2 4 0
3 4 0
4 4 0
5 4 0
0 5 0
1 5 0
2 5 0
3 5 0
4 5 0
5 5 0
0 0 1
1 0 1
2 0 1
3 0 1
4 0 1
5 0 1
0 1 1
1 1 1
2 1 1
3 1 1
4 1 1
5 1 1
0 2 1
1 2 1
2 2 1
3 2 1
4 2 1
5 2 1
0 3 1
1 3 1
2 3 1
3 3 1
4 3 1
5 3 1
0 4 1
1 4 1
2 4 1
3 4 1
4 4 1
5 4 1
0 5 1
1 5 1
2 5 1
3 5 1
4 5 1
5 5 1
0.5 0 0
0 0.5 0
0.5 0.5 0
0 0 0.5
0.5 0 0.5
0 0.5 0.5
0.5 0.5 0.5
1.5 0 0
1 0.5 0
1.5 0.5 0
1 0 0.5
1.5 0 0.5
1 0.5 0.5
1.5 0.5 0.5
2.5 0 0
2 0.5 0
2.5 0.5 0
2 0 0.5
2.5 0 0.5
2 0.5 0.5
2.5 0.5 0.5
3.5 0 0
3 0.5 0
3.5 0.5 0
3 0 0.5
3.5 0 0.5
3 0.5 0.5
3.5 0.5 0.5
4.5 0 0
4 0.5 0
4.5 0.5 0
4 0 0.5
4.5 0 0.5
4 0.5 0.5
4.5 0.5 0.5
5 0.5 0
5 0 0.5
5 0.5 0.5
0.5 1 0
0 1.5 0
0.5 1.5 0
0 1 0.5
0.5 1 0.5
0 1.5 0.5
0.5 1.5 0.5
1.5 1 0
1 1.5 0
1.5 1.5 0
1 1 0.5
1.5 1 0.5
1 1.5 0.5
1.5 1.5 0.5
2.5 1 0
2 1.5 0
2.5 1.5 0
2 1 0.5
2.5 1 0.5
2 1.5 0.5
2.5 1.5 0.5
3.5 1 0
3 1.5 0
3.5 1.5 0
3 1 0.5
3.5 1 0.5
3 1.5 0.5
3.5 1.5 0.5
4.5 1 0
4 1.5 0
4.5 1.5 0
4 1 0.5
4.5 1 0.5
4 1.5 0.5
4.5 1.5 0.5
5 1.5 0
5 1 0.5
5 1.5 0.5
0.5 2 0
0 2.5 0
0.5 2.5 0
0 2 0.5
0.5 2 0.5
0 2.5 0.5
0.5 2.5 0.5
1.5 2 0
1 2.5 0
1.5 2.5 0
1 2 0.5
1.5 2 0.5
1 2.5 0.5
1.5 2.5 0.5
2.5 2 0
2 2.5 0
2.5 2.5 0
2 2 0.5
2.5 2 0.5
2 2.5 0.5
2.5 2.5 0.5
3.5 2 0
3 2.5 0
3.5 2.5 0
3 2 0.5
3.5 2 0.5
3 2.5 0.5
3.5 2.5 0.5
4.5 2 0
4 2.5 0
4.5 2.5 0
4 2 0.5
4.5 2 0.5
4 2.5 0.5
4.5 2.5 0.5
5 2.5 0
5 2 0.5
5 2.5 0.5
0.5 3 0
0 3.5 0
0.5 3.5 0
0 3 0.5
0.5 3 0.5
0 3.5 0.5
0.5 3.5 0.5
1.5 3 0
1 3.5 0
1.5 3.5 0
1 3 0.5
1.5 3 0.5
1 3.5 0.5
1.5 3.5 0.5
2.5 3 0
2 3.5 0
2.5 3.5 0
2 3 0.5
2.5 3 0.5
2 3.5 0.5
2.5 3.5 0.5
3.5 3 0
3 3.5 0
3.5 3.5 0
3 3 0.5
3.5 3 0.5
3 3.5 0.5
3.5 3.5 0.5
4.5 3 0
4 3.5 0
4.5 3.5 0
4 3 0.5
4.5 3 0.5
4 3.5 0.5
4.5 3.5 0.5
5 3.5 0
5 3 0.5
5 3.5 0.5
0.5 4 0
0 4.5 0
0.5 4.5 0
0 4 0.5
0.5 4 0.5
0 4.5 0.5
0.5 4.5 0.5
1.5 4 0
1 4.5 0
1.5 4.5 0
1 4 0.5
1.5 4 0.5
1 4.5 0.5
1.5 4.5 0.5
2.5 4 0
2 4.5 0
2.5 4.5 0
2 4 0.5
2.5 4 0.5
2 4.5 0.5
2.5 4.5 0.5
3.5 4 0
3 4.5 0
3.5 4.5 0
3 4 0.5
3.5 4 0.5
3 4.5 0.5
3.5 4.5 0.5
4.5 4 0
4 4.5 0
4.5 4.5 0
4 4 0.5
4.5 4 0.5
4 4.5 0.5
4.5 4.5 0.5
5 4.5 0
5 4 0.5
5 4.5 0.5
0.5 5 0
0 5 0.5
0.5 5 0.5
1.5 5 0
1 5 0.5
1.5 5 0.5
2.5 5 0
2 5 0.5
2.5 5 0.5
3.5 5 0
3 5 0.5
3.5 5 0.5
4.5 5 0
4 5 0.5
4.5 5 0.5
5 5 0.5
0.5 0 1
0 0.5 1
0.5 0.5 1
1.5 0 1
1 0.5 1
1.5 0.5 1
2.5 0 1
2 0.5 1
2.5 0.5 1
3.5 0 1
3 0.5 1
3.5 0.5 1
4.5 0 1
4 0.5 1
4.5 0.5 1
5 0.5 1
0.5 1 1
0 1.5 1
0.5 1.5 1
1.5 1 1
1 1.5 1
1.5 1.5 1
2.5 1 1
2 1.5 1
2.5 1.5 1
3.5 1 1
3 1.5 1
3.5 1.5 1
4.5 1 1
4 1.5 1
4.5 1.5 1
5 1.5 1
0.5 2 1
0 2.5 1
0.5 2.5 1
1.5 2 1
1 2.5 1
1.5 2.5 1
2.5 2 1
2 2.5 1
2.5 2.5 1
3.5 2 1
3 2.5 1
3.5 2.5 1
4.5 2 1
4 2.5 1
4.5 2.5 1
5 2.5 1
0.5 3 1
0 3.5 1
0.5 3.5 1
1.5 3 1
1 3.5 1
1.5 3.5 1
2.5 3 1
2 3.5 1
2.5 3.5 1
3.5 3 1
3 3.5 1
3.5 3.5 1
4.5 3 1
4 3.5 1
4.5 3.5 1
5 3.5 1
0.5 4 1
0 4.5 1
0.5 4.5 1
1.5 4 1
1 4.5 1
1.5 4.5 1
2.5 4 1
2 4.5 1
2.5 4.5 1
3.5 4 1
3 4.5 1
3.5 4.5 1
4.5 4 1
4 4.5 1
4.5 4.5 1
5 4.5 1
0.5 5 1
1.5 5 1
2.5 5 1
3.5 5 1
4.5 5 1
0.25 0 0
0 0.25 0
0.25 0.25 0
0 0 0.25
0.25 0 0.25
0 0.25 0.25
0.25 0.25 0.25
0.75 0 0
1.25 0 0
1 0.25 0
1.25 0.25 0
1 0 0.25
1.25 0 0.25
1 0.25 0.25
1.25 0.25 0.25
1.75 0 0
2.25 0 0
2 0.25 0
2.25 0.25 0
2 0 0.25
2.25 0 0.25
2 0.25 0.25
2.25 0.25 0.25
2.75 0 0
3.25 0 0
3 0.25 0
3.25 0.25 0
3 0 0.25
3.25 0 0.25
3 0.25 0.25
3.25 0.25 0.25
3.75 0 0
4.25 0 0
4 0.25 0
4.25 0.25 0
4 0 0.25
4.25 0 0.25
4 0.25 0.25
4.25 0.25 0.25
4.75 0 0
5 0.25 0
5 0 0.25
5 0.25 0.25
0 0.75 0
0.25 1 0
0 1.25 0
0.25 1.25 0
0 1 0.25
0.25 1 0.25
0 1.25 0.25
0.25 1.25 0.25
0.75 0.75 0
1 0.75 0
0.75 1 0
1.25 1 0
1 1.25 0
1.25 1.25 0
1 1 0.25
1.25 1 0.25
1 1.25 0.25
1.25 1.25 0.25
1.75 0.75 0
2 0.75 0
1.75 1 0
2.25 1 0
2 1.25 0
2.25 1.25 0
2 1 0.25
2.25 1 0.25
2 1.25 0.25
2.25 1.25 0.25
2.75 0.75 0
3 0.75 0
2.75 1 0
3.25 1 0
3 1.25 0
3.25 1.25 0
3 1 0.25
3.25 1 0.25
3 1.25 0.25
3.25 1.25 0.25
3.75 0.75 0
4 0.75 0
3.75 1 0
4.25 1 0
4 1.25 0
4.25 1.25 0
4 1 0.25
4.25 1 0.25
4 1.25 0.25
4.25 1.25 0.25
4.75 0.75 0
5 0.75 0
4.75 1 0
5 1.25 0
5 1 0.25
5 1.25 0.25
0 1.75 0
0.25 2 0
0 2.25 0
0.25 2.25 0
0 2 0.25
0.25 2 0.25
0 2.25 0.25
0.25 2.25 0.25
0.75 1.75 0
1 1.75 0
0.75 2 0
1.25 2 0
1 2.25 0
1.25 2.25 0
1 2 0.25
1.25 2 0.25
1 2.25 0.25
1.25 2.25 0.25
1.75 1.75 0
2 1.75 0
1.75 2 0
2.25 2 0
2 2.25 0
2.25 2.25 0
2 2 0.25
2.25 2 0.25
2 2.25 0.25
2.25 2.25 0.25
2.75 1.75 0
3 1.75 0
2.75 2 0
3.25 2 0
3 2.25 0
3.25 2.25 0
3 2 0.25
3.25 2 0.25
3 2.25 0.25
3.25 2.25 0.25
3.75 1.75 0
4 1.75 0
3.75 2 0
4.25 2 0
4 2.25 0
4.25 2.25 0
4 2 0.25
4.25 2 0.25
4 2.25 0.25
4.25 2.25 0.25
4.75 1.75 0
5 1.75 0
4.75 2 0
5 2.25 0
5 2 0.25
5 2.25 0.25
0 2.75 0
0.25 3 0
0 3.25 0
0.25 3.25 0
0 3 0.25
0.25 3 0.25
0 3.25 0.25
0.25 3.25 0.25
0.75 2.75 0
1 2.75 0
0.75 3 0
1.25 3 0
1 3.25 0
1.25 3.25 0
1 3 0.25
1.25 3 0.25
1 3.25 0.25
1.25 3.25 0.25
1.75 2.75 0
2 2.75 0
1.75 3 0
2.25 3 0
2 3.25 0
2.25 3.25 0
2 3 0.25
2.25 3 0.25
2 3.25 0.25
2.25 3.25 0.25
2.75 2.75 0
3 2.75 0
2.75 3 0
3.25 3 0
3 3.25 0
3.25 3.25 0
3 3 0.25
3.25 3 0.25
3 3.25 0.25
3.25 3.25 0.25
3.75 2.75 0
4 2.75 0
3.75 3 0
4.25 3 0
4 3.25 0
4.25 3.25 0
4 3 0.25
4.25 3 0.25
4 3.25 0.25
4.25 3.25 0.25
4.75 2.75 0
5 2.75 0
4.75 3 0
5 3.25 0
5 3 0.25
5 3.25 0.25
0 3.75 0
0.25 4 0
0 4.25 0
0.25 4.25 0
0 4 0.25
0.25 4 0.25
0 4.25 0.25
0.25 4.25 0.25
0.75 3.75 0
1 3.75 0
0.75 4 0
1.25 4 0
1 4.25 0
1.25 4.25 0
1 4 0.25
1.25 4 0.25
1 4.25 0.25
1.25 4.25 0.25
1.75 3.75 0
2 3.75 0
1.75 4 0
2.25 4 0
2 4.25 0
2.25 4.25 0
2 4 0.25
2.25 4 0.25
2 4.25 0.25
2.25 4.25 0.25
2.75 3.75 0
3 3.75 0
2.75 4 0
3.25 4 0
3 4.25 0
3.25 4.25 0
3 4 0.25
3.25 4 0.25
3 4.25 0.25
3.25 4.25 0.25
3.75 3.75 0
4 3.75 0
3.75 4 0
4.25 4 0
4 4.25 0
4.25 4.25 0
4 4 0.25
4.25 4 0.25
4 4.25 0.25
4.25 4.25 0.25
4.75 3.75 0
5 3.75 0
4.75 4 0
5 4.25 0
5 4 0.25
5 4.25 0.25
0 4.75 0
0.25 5 0
0 5 0.25
0.25 5 0.25
0.75 4.75 0
1 4.75 0
0.75 5 0
1.25 5 0
1 5 0.25
1.25 5 0.25
1.75 4.75 0
2 4.75 0
1.75 5 0
2.25 5 0
2 5 0.25
2.25 5 0.25
2.75 4.75 0
3 4.75 0
2.75 5 0
3.25 5 0
3 5 0.25
3.25 5 0.25
3.75 4.75 0
4 4.75 0
3.75 5 0
4.25 5 0
4 5 0.25
4.25 5 0.25
4.75 4.75 0
5 4.75 0
4.75 5 0
5 5 0.25
0 0 0.75
0.25 0 1
0 0.25 1
0.25 0.25 1
0.75 0 0.75
1 0 0.75
0.75 0 1
1.25 0 1
1 0.25 1
1.25 0.25 1
1.75 0 0.75
2 0 0.75
1.75 0 1
2.25 0 1
2 0.25 1
2.25 0.25 1
2.75 0 0.75
3 0 0.75
2.75 0 1
3.25 0 1
3 0.25 1
3.25 0.25 1
3.75 0 0.75
4 0 0.75
3.75 0 1
4.25 0 1
4 0.25 1
4.25 0.25 1
4.75 0 0.75
5 0 0.75
4.75 0 1
5 0.25 1
0 0.75 0.75
0 1 0.75
0 0.75 1
0.25 1 1
0 1.25 1
0.25 1.25 1
0.75 0.75 0.75
1 0.75 0.75
0.75 1 0.75
1 1 0.75
0.75 0.75 1
1 0.75 1
0.75 1 1
1.25 1 1
1 1.25 1
1.25 1.25 1
1.75 0.75 0.75
2 0.75 0.75
1.75 1 0.75
2 1 0.75
1.75 0.75 1
2 0.75 1
1.75 1 1
2.25 1 1
2 1.25 1
2.25 1.25 1
2.75 0.75 0.75
3 0.75 0.75
2.75 1 0.75
3 1 0.75
2.75 0.75 1
3 0.75 1
2.75 1 1
3.25 1 1
3 1.25 1
3.25 1.25 1
3.75 0.75 0.75
4 0.75 0.75
3.75 1 0.75
4 1 0.75
3.75 0.75 1
4 0.75 1
3.75 1 1
4.25 1 1
4 1.25 1
4.25 1.25 1
4.75 0.75 0.75
5 0.75 0.75
4.75 1 0.75
5 1 0.75
4.75 0.75 1
5 0.75 1
4.75 1 1
5 1.25 1
0 1.75 0.75
0 2 0.75
0 1.75 1
0.25 2 1
0 2.25 1
0.25 2.25 1
0.75 1.75 0.75
1 1.75 0.75
0.75 2 0.75
1 2 0.75
0.75 1.75 1
1 1.75 1
0.75 2 1
1.25 2 1
1 2.25 1
1.25 2.25 1
1.75 1.75 0.75
2 1.75 0.75
1.75 2 0.75
2 2 0.75
1.75 1.75 1
2 1.75 1
1.75 2 1
2.25 2 1
2 2.25 1
2.25 2.25 1
2.75 1.75 0.75
3 1.75 0.75
2.75 2 0.75
3 2 0.75
2.75 1.75 1
3 1.75 1
2.75 2 1
3.25 2 1
3 2.25 1
3.25 2.25 1
3.75 1.75 0.75
4 1.75 0.75
3.75 2 0.75
4 2 0.75
3.75 1.75 1
4 1.75 1
3.75 2 1
4.25 2 1
4 2.25 1
4.25 2.25 1
4.75 1.75 0.75
5 1.75 0.75
4.75 2 0.75
5 2 0.75
4.75 1.75 1
5 1.75 1
4.75 2 1
5 2.25 1
0 2.75 0.75
0 3 0.75
0 2.75 1
0.25 3 1
0 3.25 1
0.25 3.25 1
0.75 2.75 0.75
1 2.75 0.75
0.75 3 0.75
1 3 0.75
0.75 2.75 1
1 2.75 1
0.75 3 1
1.25 3 1
1 3.25 1
1.25 3.25 1
1.75 2.75 0.75
2 2.75 0.75
1.75 3 0.75
2 3 0.75
1.75 2.75 1
2 2.75 1
1.75 3 1
2.25 3 1
2 3.25 1
2.25 3.25 1
2.75 2.75 0.75
3 2.75 0.75
2.75 3 0.75
3 3 0.75
2.75 2.75 1
3 2.75 1
2.75 3 1
3.25 3 1
3 3.25 1
3.25 3.25 1
3.75 2.75 0.75
4 2.75 0.75
3.75 3 0.75
4 3 0.75
3.75 2.75 1
4 2.75 1
3.75 3 1
4.25 3 1
4 3.25 1
4.25 3.25 1
4.75 2.75 0.75
5 2.75 0.75
4.75 3 0.75
5 3 0.75
4.75 2.75 1
5 2.75 1
4.75 3 1
5 3.25 1
0 3.75 0.75
0 4 0.75
0 3.75 1
0.25 4 1
0 4.25 1
0.25 4.25 1
0.75 3.75 0.75
1 3.75 0.75
0.75 4 0.75
1 4 0.75
0.75 3.75 1
1 3.75 1
0.75 4 1
1.25 4 1
1 4.25 1
1.25 4.25 1
1.75 3.75 0.75
2 3.75 0.75
1.75 4 0.75
2 4 0.75
1.75 3.75 1
2 3.75 1
1.75 4 1
2.25 4 1
2 4.25 1
2.25 4.25 1
2.75 3.75 0.75
3 3.75 0.75
2.75 4 0.75
3 4 0.75
2.75 3.75 1
3 3.75 1
2.75 4 1
3.25 4 1
3 4.25 1
3.25 4.25 1
3.75 3.75 0.75
4 3.75 0.75
3.75 4 0.75
4 4 0.75
3.75 3.75 1
4 3.75 1
3.75 4 1
4.25 4 1
4 4.25 1
4.25 4.25 1
4.75 3.75 0.75
5 3.75 0.75
4.75 4 0.75
5 4 0.75
4.75 3.75 1
5 3.75 1
4.75 4 1
5 4.25 1
0 4.75 0.75
0 5 0.75
0 4.75 1
0.25 5 1
0.75 4.75 0.75
1 4.75 0.75
0.75 5 0.75
1 5 0.75
0.75 4.75 1
1 4.75 1
0.75 5 1
1.25 5 1
1.75 4.75 0.75
2 4.75 0.75
1.75 5 0.75
2 5 0.75
1.75 4.75 1
2 4.75 1
1.75 5 1
2.25 5 1
2.75 4.75 0.75
3 4.75 0.75
2.75 5 0.75
3 5 0.75
2.75 4.75 1
3 4.75 1
2.75 5 1
3.25 5 1
3.75 4.75 0.75
4 4.75 0.75
3.75 5 0.75
4 5 0.75
3.75 4.75 1
4 4.75 1
3.75 5 1
4.25 5 1
4.75 4.75 0.75
5 4.75 0.75
4.75 5 0.75
5 5 0.75
4.75 4.75 1
5 4.75 1
4.75 5 1
0.5 0.25 0
0.5 0 0.25
0.5 0.25 0.25
0.75 0.25 0
0.75 0 0.25
0.75 0.25 0.25
0.25 0.5 0
0 0.5 0.25
0.25 0.5 0.25
0.25 0.75 0
0 0.75 0.25
0.25 0.75 0.25
0.5 0.5 0.25
0.75 0.5 0
0.75 0.5 0.25
0.5 0.75 0
0.5 0.75 0.25
0.75 0.75 0.25
0.25 0 0.5
0 0.25 0.5
0.25 0.25 0.5
0.25 0 0.75
0 0.25 0.75
0.25 0.25 0.75
0.5 0.25 0.5
0.75 0 0.5
0.75 0.25 0.5
0.5 0 0.75
0.5 0.25 0.75
0.75 0.25 0.75
0.25 0.5 0.5
0 0.75 0.5
0.25 0.75 0.5
0 0.5 0.75
0.25 0.5 0.75
0.25 0.75 0.75
0.75 0.5 0.5
0.5 0.75 0.5
0.75 0.75 0.5
0.5 0.5 0.75
0.75 0.5 0.75
0.5 0.75 0.75
1.5 0.25 0
1.5 0 0.25
1.5 0.25 0.25
1.75 0.25 0
1.75 0 0.25
1.75 0.25 0.25
1.25 0.5 0
1 0.5 0.25
1.25 0.5 0.25
1.25 0.75 0
1 0.75 0.25
1.25 0.75 0.25
1.5 0.5 0.25
1.75 0.5 0
1.75 0.5 0.25
1.5 0.75 0
1.5 0.75 0.25
1.75 0.75 0.25
1.25 0 0.5
1 0.25 0.5
1.25 0.25 0.5
1.25 0 0.75
1 0.25 0.75
1.25 0.25 0.75
1.5 0.25 0.5
1.75 0 0.5
1.75 0.25 0.5
1.5 0 0.75
1.5 0.25 0.75
1.75 0.25 0.75
1.25 0.5 0.5
1 0.75 0.5
1.25 0.75 0.5
1 0.5 0.75
1.25 0.5 0.75
1.25 0.75 0.75
1.75 0.5 0.5
1.5 0.75 0.5
1.75 0.75 0.5
1.5 0.5 0.75
1.75 0.5 0.75
1.5 0.75 0.75
2.5 0.25 0
2.5 0 0.25
2.5 0.25 0.25
2.75 0.25 0
2.75 0 0.25
2.75 0.25 0.25
2.25 0.5 0
2 0.5 0.25
2.25 0.5 0.25
2.25 0.75 0
2 0.75 0.25
2.25 0.75 0.25
2.5 0.5 0.25
2.75 0.5 0
2.75 0.5 0.25
2.5 0.75 0
2.5 0.75 0.25
2.75 0.75 0.25
2.25 0 0.5
2 0.25 0.5
2.25 0.25 0.5
2.25 0 0.75
2 0.25 0.75
2.25 0.25 0.75
2.5 0.25 0.5
2.75 0 0.5
2.75 0.25 0.5
2.5 0 0.75
2.5 0.25 0.75
2.75 0.25 0.75
2.25 0.5 0.5
2 0.75 0.5
2.25 0.75 0.5
2 0.5 0.75
2.25 0.5 0.75
2.25 0.75 0.75
2.75 0.5 0.5
2.5 0.75 0.5
2.75 0.75 0.5
2.5 0.5 0.75
2.75 0.5 0.75
2.5 0.75 0.75
3.5 0.25 0
3.5 0 0.25
3.5 0.25 0.25
3.75 0.25 0
3.75 0 0.25
3.75 0.25 0.25
3.25 0.5 0
3 0.5 0.25
3.25 0.5 0.25
3.25 0.75 0
3 0.75 0.25
3.25 0.75 0.25
3.5 0.5 0.25
3.75 0.5 0
3.75 0.5 0.25
3.5 0.75 0
3.5 0.75 0.25
3.75 0.75 0.25
3.25 0 0.5
3 0.25 0.5
3.25 0.25 0.5
3.25 0 0.75
3 0.25 0.75
3.25 0.25 0.75
3.5 0.25 0.5
3.75 0 0.5
3.75 0.25 0.5
3.5 0 0.75
3.5 0.25 0.75
3.75 0.25 0.75
3.25 0.5 0.5
3 0.75 0.5
3.25 0.75 0.5
3 0.5 0.75
3.25 0.5 0.75
3.25 0.75 0.75
3.75 0.5 0.5
3.5 0.75 0.5
3.75 0.75 0.5
3.5 0.5 0.75
3.75 0.5 0.75
3.5 0.75 0.75
4.5 0.25 0
4.5 0 0.25
4.5 0.25 0.25
4.75 0.25 0
4.75 0 0.25
4.75 0.25 0.25
4.25 0.5 0
4 0.5 0.25
4.25 0.5 0.25
4.25 0.75 0
4 0.75 0.25
4.25 0.75 0.25
4.5 0.5 0.25
4.75 0.5 0
4.75 0.5 0.25
4.5 0.75 0
4.5 0.75 0.25
4.75 0.75 0.25
4.25 0 0.5
4 0.25 0.5
4.25 0.25 0.5
4.25 0 0.75
4 0.25 0.75
4.25 0.25 0.75
4.5 0.25 0.5
4.75 0 0.5
4.75 0.25 0.5
4.5 0 0.75
4.5 0.25 0.75
4.75 0.25 0.75
4.25 0.5 0.5
4 0.75 0.5
4.25 0.75 0.5
4 0.5 0.75
4.25 0.5 0.75
4.25 0.75 0.75
4.75 0.5 0.5
4.5 0.75 0.5
4.75 0.75 0.5
4.5 0.5 0.75
4.75 0.5 0.75
4.5 0.75 0.75
5 0.5 0.25
5 0.75 0.25
5 0.25 0.5
5 0.25 0.75
5 0.75 0.5
5 0.5 0.75
0.5 1.25 0
0.5 1 0.25
0.5 1.25 0.25
0.75 1.25 0
0.75 1 0.25
0.75 1.25 0.25
0.25 1.5 0
0 1.5 0.25
0.25 1.5 0.25
0.25 1.75 0
0 1.75 0.25
0.25 1.75 0.25
0.5 1.5 0.25
0.75 1.5 0
0.75 1.5 0.25
0.5 1.75 0
0.5 1.75 0.25
0.75 1.75 0.25
0.25 1 0.5
0 1.25 0.5
0.25 1.25 0.5
0.25 1 0.75
0 1.25 0.75
0.25 1.25 0.75
0.5 1.25 0.5
0.75 1 0.5
0.75 1.25 0.5
0.5 1 0.75
0.5 1.25 0.75
0.75 1.25 0.75
0.25 1.5 0.5
0 1.75 0.5
0.25 1.75 0.5
0 1.5 0.75
0.25 1.5 0.75
0.25 1.75 0.75
0.75 1.5 0.5
0.5 1.75 0.5
0.75 1.75 0.5
0.5 1.5 0.75
0.75 1.5 0.75
0.5 1.75 0.75
1.5 1.25 0
1.5 1 0.25
1.5 1.25 0.25
1.75 1.25 0
1.75 1 0.25
1.75 1.25 0.25
1.25 1.5 0
1 1.5 0.25
1.25 1.5 0.25
1.25 1.75 0
1 1.75 0.25
1.25 1.75 0.25
1.5 1.5 0.25
1.75 1.5 0
1.75 1.5 0.25
1.5 1.75 0
1.5 1.75 0.25
1.75 1.75 0.25
1.25 1 0.5
1 1.25 0.5
1.25 1.25 0.5
1.25 1 0.75
1 1.25 0.75
1.25 1.25 0.75
1.5 1.25 0.5
1.75 1 0.5
1.75 1.25 0.5
1.5 1 0.75
1.5 1.25 0.75
1.75 1.25 0.75
1.25 1.5 0.5
1 1.75 0.5
1.25 1.75 0.5
1 1.5 0.75
1.25 1.5 0.75
1.25 1.75 0.75
1.75 1.5 0.5
1.5 1.75 0.5
1.75 1.75 0.5
1.5 1.5 0.75
1.75 1.5 0.75
1.5 1.75 0.75
2.5 1.25 0
2.5 1 0.25
2.5 1.25 0.25
2.75 1.25 0
2.75 1 0.25
2.75 1.25 0.25
2.25 1.5 0
2 1.5 0.25
2.25 1.5 0.25
2.25 1.75 0
2 1.75 0.25
2.25 1.75 0.25
2.5 1.5 0.25
2.75 1.5 0
2.75 1.5 0.25
2.5 1.75 0
2.5 1.75 0.25
2.75 1.75 0.25
2.25 1 0.5
2 1.25 0.5
2.25 1.25 0.5
2.25 1 0.75
2 1.25 0.75
2.25 1.25 0.75
2.5 1.25 0.5
2.75 1 0.5
2.75 1.25 0.5
2.5 1 0.75
2.5 1.25 0.75
2.75 1.25 0.75
2.25 1.5 0.5
2 1.75 0.5
2.25 1.75 0.5
2 1.5 0.75
2.25 1.5 0.75
2.25 1.75 0.75
2.75 1.5 0.5
2.5 1.75 0.5
2.75 1.75 0.5
2.5 1.5 0.75
2.75 1.5 0.75
2.5 1.75 0.75
3.5 1.25 0
3.5 1 0.25
3.5 1.25 0.25
3.75 1.25 0
3.75 1 0.25
3.75 1.25 0.25
3.25 1.5 0
3 1.5 0.25
3.25 1.5 0.25
3.25 1.75 0
3 1.75 0.25
3.25 1.75 0.25
3.5 1.5 0.25
3.75 1.5 0
3.75 1.5 0.25
3.5 1.75 0
3.5 1.75 0.25
3.75 1.75 0.25
3.25 1 0.5
3 1.25 0.5
3.25 1.25 0.5
3.25 1 0.75
3 1.25 0.75
3.25 1.25 0.75
3.5 1.25 0.5
3.75 1 0.5
3.75 1.25 0.5
3.5 1 0.75
3.5 1.25 0.75
3.75 1.25 0.75
3.25 1.5 0.5
3 1.75 0.5
3.25 1.75 0.5
3 1.5 0.75
3.25 1.5 0.75
3.25 1.75 0.75
3.75 1.5 0.5
3.5 1.75 0.5
3.75 1.75 0.5
3.5 1.5 0.75
3.75 1.5 0.75
3.5 1.75 0.75
4.5 1.25 0
4.5 1 0.25
4.5 1.25 0.25
4.75 1.25 0
4.75 1 0.25
4.75 1.25 0.25
4.25 1.5 0
4 1.5 0.25
4.25 1.5 0.25
4.25 1.75 0
4 1.75 0.25
4.25 1.75 0.25
4.5 1.5 0.25
4.75 1.5 0
4.75 1.5 0.25
4.5 1.75 0
4.5 1.75 0.25
4.75 1.75 0.25
4.25 1 0.5
4 1.25 0.5
4.25 1.25 0.5
4.25 1 0.75
4 1.25 0.75
4.25 1.25 0.75
4.5 1.25 0.5
4.75 1 0.5
4.75 1.25 0.5
4.5 1 0.75
4.5 1.25 0.75
4.75 1.25 0.75
4.25 1.5 0.5
4 1.75 0.5
4.25 1.75 0.5
4 1.5 0.75
4.25 1.5 0.75
4.25 1.75 0.75
4.75 1.5 0.5
4.5 1.75 0.5
4.75 1.75 0.5
4.5 1.5 0.75
4.75 1.5 0.75
4.5 1.75 0.75
5 1.5 0.25
5 1.75 0.25
5 1.25 0.5
5 1.25 0.75
5 1.75 0.5
5 1.5 0.75
0.5 2.25 0
0.5 2 0.25
0.5 2.25 0.25
0.75 2.25 0
0.75 2 0.25
0.75 2.25 0.25
0.25 2.5 0
0 2.5 0.25
0.25 2.5 0.25
0.25 2.75 0
0 2.75 0.25
0.25 2.75 0.25
0.5 2.5 0.25
0.75 2.5 0
0.75 2.5 0.25
0.5 2.75 0
0.5 2.75 0.25
0.75 2.75 0.25
0.25 2 0.5
0 2.25 0.5
0.25 2.25 0.5
0.25 2 0.75
0 2.25 0.75
0.25 2.25 0.75
0.5 2.25 0.5
0.75 2 0.5
0.75 2.25 0.5
0.5 2 0.75
0.5 2.25 0.75
0.75 2.25 0.75
0.25 2.5 0.5
0 2.75 0.5
0.25 2.75 0.5
0 2.5 0.75
0.25 2.5 0.75
0.25 2.75 0.75
0.75 2.5 0.5
0.5 2.75 0.5
0.75 2.75 0.5
0.5 2.5 0.75
0.75 2.5 0.75
0.5 2.75 0.75
1.5 2.25 0
1.5 2 0.25
1.5 2.25 0.25
1.75 2.25 0
1.75 2 0.25
1.75 2.25 0.25
1.25 2.5 0
1 2.5 0.25
1.25 2.5 0.25
1.25 2.75 0
1 2.75 0.25
1.25 2.75 0.25
1.5 2.5 0.25
1.75 2.5 0
1.75 2.5 0.25
1.5 2.75 0
1.5 2.75 0.25
1.75 2.75 0.25
1.25 2 0.5
1 2.25 0.5
1.25 2.25 0.5
1.25 2 0.75
1 2.25 0.75
1.25 2.25 0.75
1.5 2.25 0.5
1.75 2 0.5
1.75 2.25 0.5
1.5 2 0.75
1.5 2.25 0.75
1.75 2.25 0.75
1.25 2.5 0.5
1 2.75 0.5
1.25 2.75 0.5
1 2.5 0.75
1.25 2.5 0.75
1.25 2.75 0.75
1.75 2.5 0.5
1.5 2.75 0.5
1.75 2.75 0.5
1.5 2.5 0.75
1.75 2.5 0.75
1.5 2.75 0.75
2.5 2.25 0
2.5 2 0.25
2.5 2.25 0.25
2.75 2.25 0
2.75 2 0.25
2.75 2.25 0.25
2.25 2.5 0
2 2.5 0.25
2.25 2.5 0.25
2.25 2.75 0
2 2.75 0.25
2.25 2.75 0.25
2.5 2.5 0.25
2.75 2.5 0
2.75 2.5 0.25
2.5 2.75 0
2.5 2.75 0.25
2.75 2.75 0.25
2.25 2 0.5
2 2.25 0.5
2.25 2.25 0.5
2.25 2 0.75
2 2.25 0.75
2.25 2.25 0.75
2.5 2.25 0.5
2.75 2 0.5
2.75 2.25 0.5
2.5 2 0.75
2.5 2.25 0.75
2.75 2.25 0.75
2.25 2.5 0.5
2 2.75 0.5
2.25 2.75 0.5
2 2.5 0.75
2.25 2.5 0.75
2.25 2.75 0.75
2.75 2.5 0.5
2.5 2.75 0.5
2.75 2.75 0.5
2.5 2.5 0.75
2.75 2.5 0.75
2.5 2.75 0.75
3.5 2.25 0
3.5 2 0.25
3.5 2.25 0.25
3.75 2.25 0
3.75 2 0.25
3.75 2.25 0.25
3.25 2.5 0
3 2.5 0.25
3.25 2.5 0.25
3.25 2.75 0
3 2.75 0.25
3.25 2.75 0.25
3.5 2.5 0.25
3.75 2.5 0
3.75 2.5 0.25
3.5 2.75 0
3.5 2.75 0.25
3.75 2.75 0.25
3.25 2 0.5
3 2.25 0.5
3.25 2.25 0.5
3.25 2 0.75
3 2.25 0.75
3.25 2.25 0.75
3.5 2.25 0.5
3.75 2 0.5
3.75 2.25 0.5
3.5 2 0.75
3.5 2.25 0.75
3.75 2.25 0.75
3.25 2.5 0.5
3 2.75 0.5
3.25 2.75 0.5
3 2.5 0.75
3.25 2.5 0.75
3.25 2.75 0.75
3.75 2.5 0.5
3.5 2.75 0.5
3.75 2.75 0.5
3.5 2.5 0.75
3.75 2.5 0.75
3.5 2.75 0.75
4.5 2.25 0
4.5 2 0.25
4.5 2.25 0.25
4.75 2.25 0
4.75 2 0.25
4.75 2.25 0.25
4.25 2.5 0
4 2.5 0.25
4.25 2.5 0.25
4.25 2.75 0
4 2.75 0.25
4.25 2.75 0.25
4.5 2.5 0.25
4.75 2.5 0
4.75 2.5 0.25
4.5 2.75 0
4.5 2.75 0.25
4.75 2.75 0.25
4.25 2 0.5
4 2.25 0.5
4.25 2.25 0.5
4.25 2 0.75
4 2.25 0.75
4.25 2.25 0.75
4.5 2.25 0.5
4.75 2 0.5
4.75 2.25 0.5
4.5 2 0.75
4.5 2.25 0.75
4.75 2.25 0.75
4.25 2.5 0.5
4 2.75 0.5
4.25 2.75 0.5
4 2.5 0.75
4.25 2.5 0.75
4.25 2.75 0.75
4.75 2.5 0.5
4.5 2.75 0.5
4.75 2.75 0.5
4.5 2.5 0.75
4.75 2.5 0.75
4.5 2.75 0.75
5 2.5 0.25
5 2.75 0.25
5 2.25 0.5
5 2.25 0.75
5 2.75 0.5
5 2.5 0.75
0.5 3.25 0
0.5 3 0.25
0.5 3.25 0.25
0.75 3.25 0
0.75 3 0.25
0.75 3.25 0.25
0.25 3.5 0
0 3.5 0.25
0.25 3.5 0.25
0.25 3.75 0
0 3.75 0.25
0.25 3.75 0.25
0.5 3.5 0.25
0.75 3.5 0
0.75 3.5 0.25
0.5 3.75 0
0.5 3.75 0.25
0.75 3.75 0.25
0.25 3 0.5
0 3.25 0.5
0.25 3.25 0.5
0.25 3 0.75
0 3.25 0.75
0.25 3.25 0.75
0.5 3.25 0.5
0.75 3 0.5
0.75 3.25 0.5
0.5 3 0.75
0.5 3.25 0.75
0.75 3.25 0.75
0.25 3.5 0.5
0 3.75 0.5
0.25 3.75 0.5
0 3.5 0.75
0.25 3.5 0.75
0.25 3.75 0.75
0.75 3.5 0.5
0.5 3.75 0.5
0.75 3.75 0.5
0.5 3.5 0.75
0.75 3.5 0.75
0.5 3.75 0.75
1.5 3.25 0
1.5 3 0.25
1.5 3.25 0.25
1.75 3.25 0
1.75 3 0.25
1.75 3.25 0.25
1.25 3.5 0
1 3.5 0.25
1.25 3.5 0.25
1.25 3.75 0
1 3.75 0.25
1.25 3.75 0.25
1.5 3.5 0.25
1.75 3.5 0
1.75 3.5 0.25
1.5 3.75 0
1.5 3.75 0.25
1.75 3.75 0.25
1.25 3 0.5
1 3.25 0.5
1.25 3.25 0.5
1.25 3 0.75
1 3.25 0.75
1.25 3.25 0.75
1.5 3.25 0.5
1.75 3 0.5
1.75 3.25 0.5
1.5 3 0.75
1.5 3.25 0.75
1.75 3.25 0.75
1.25 3.5 0.5
1 3.75 0.5
1.25 3.75 0.5
1 3.5 0.75
1.25 3.5 0.75
1.25 3.75 0.75
1.75 3.5 0.5
1.5 3.75 0.5
1.75 3.75 0.5
1.5 3.5 0.75
1.75 3.5 0.75
1.5 3.75 0.75
2.5 3.25 0
2.5 3 0.25
2.5 3.25 0.25
2.75 3.25 0
2.75 3 0.25
2.75 3.25 0.25
2.25 3.5 0
2 3.5 0.25
2.25 3.5 0.25
2.25 3.75 0
2 3.75 0.25
2.25 3.75 0.25
2.5 3.5 0.25
2.75 3.5 0
2.75 3.5 0.25
2.5 3.75 0
2.5 3.75 0.25
2.75 3.75 0.25
2.25 3 0.5
2 3.25 0.5
2.25 3.25 0.5
2.25 3 0.75
2 3.25 0.75
2.25 3.25 0.75
2.5 3.25 0.5
2.75 3 0.5
2.75 3.25 0.5
2.5 3 0.75
2.5 3.25 0.75
2.75 3.25 0.75
2.25 3.5 0.5
2 3.75 0.5
2.25 3.75 0.5
2 3.5 0.75
2.25 3.5 0.75
2.25 3.75 0.75
2.75 3.5 0.5
2.5 3.75 0.5
2.75 3.75 0.5
2.5 3.5 0.75
2.75 3.5 0.75
2.5 3.75 0.75
3.5 3.25 0
3.5 3 0.25
3.5 3.25 0.25
3.75 3.25 0
3.75 3 0.25
3.75 3.25 0.25
3.25 3.5 0
3 3.5 0.25
3.25 3.5 0.25
3.25 3.75 0
3 3.75 0.25
3.25 3.75 0.25
3.5 3.5 0.25
3.75 3.5 0
3.75 3.5 0.25
3.5 3.75 0
3.5 3.75 0.25
3.75 3.75 0.25
3.25 3 0.5
3 3.25 0.5
3.25 3.25 0.5
3.25 3 0.75
3 3.25 0.75
3.25 3.25 0.75
3.5 3.25 0.5
3.75 3 0.5
3.75 3.25 0.5
3.5 3 0.75
3.5 3.25 0.75
3.75 3.25 0.75
3.25 3.5 0.5
3 3.75 0.5
3.25 3.75 0.5
3 3.5 0.75
3.25 3.5 0.75
3.25 3.75 0.75
3.75 3.5 0.5
3.5 3.75 0.5
3.75 3.75 0.5
3.5 3.5 0.75
3.75 3.5 0.75
3.5 3.75 0.75
4.5 3.25 0
4.5 3 0.25
4.5 3.25 0.25
4.75 3.25 0
4.75 3 0.25
4.75 3.25 0.25
4.25 3.5 0
4 3.5 0.25
4.25 3.5 0.25
4.25 3.75 0
4 3.75 0.25
4.25 3.75 0.25
4.5 3.5 0.25
4.75 3.5 0
4.75 3.5 0.25
4.5 3.75 0
4.5 3.75 0.25
4.75 3.75 0.25
4.25 3 0.5
4 3.25 0.5
4.25 3.25 0.5
4.25 3 0.75
4 3.25 0.75
4.25 3.25 0.75
4.5 3.25 0.5
4.75 3 0.5
4.75 3.25 0.5
4.5 3 0.75
4.5 3.25 0.75
4.75 3.25 0.75
4.25 3.5 0.5
4 3.75 0.5
4.25 3.75 0.5
4 3.5 0.75
4.25 3.5 0.75
4.25 3.75 0.75
4.75 3.5 0.5
4.5 3.75 0.5
4.75 3.75 0.5
4.5 3.5 0.75
4.75 3.5 0.75
4.5 3.75 0.75
5 3.5 0.25
5 3.75 0.25
5 3.25 0.5
5 3.25 0.75
5 3.75 0.5
5 3.5 0.75
0.5 4.25 0
0.5 4 0.25
0.5 4.25 0.25
0.75 4.25 0
0.75 4 0.25
0.75 4.25 0.25
0.25 4.5 0
0 4.5 0.25
0.25 4.5 0.25
0.25 4.75 0
0 4.75 0.25
0.25 4.75 0.25
0.5 4.5 0.25
0.75 4.5 0
0.75 4.5 0.25
0.5 4.75 0
0.5 4.75 0.25
0.75 4.75 0.25
0.25 4 0.5
0 4.25 0.5
0.25 4.25 0.5
0.25 4 0.75
0 4.25 0.75
0.25 4.25 0.75
0.5 4.25 0.5
0.75 4 0.5
0.75 4.25 0.5
0.5 4 0.75
0.5 4.25 0.75
0.75 4.25 0.75
0.25 4.5 0.5
0 4.75 0.5
0.25 4.75 0.5
0 4.5 0.75
0.25 4.5 0.75
0.25 4.75 0.75
0.75 4.5 0.5
0.5 4.75 0.5
0.75 4.75 0.5
0.5 4.5 0.75
0.75 4.5 0.75
0.5 4.75 0.75
1.5 4.25 0
1.5 4 0.25
1.5 4.25 0.25
1.75 4.25 0
1.75 4 0.25
1.75 4.25 0.25
1.25 4.5 0
1 4.5 0.25
1.25 4.5 0.25
1.25 4.75 0
1 4.75 0.25
1.25 4.75 0.25
1.5 4.5 0.25
1.75 4.5 0
1.75 4.5 0.25
1.5 4.75 0
1.5 4.75 0.25
1.75 4.75 0.25
1.25 4 0.5
1 4.25 0.5
1.25 4.25 0.5
1.25 4 0.75
1 4.25 0.75
1.25 4.25 0.75
1.5 4.25 0.5
1.75 4 0.5
1.75 4.25 0.5
1.5 4 0.75
1.5 4.25 0.75
1.75 4.25 0.75
1.25 4.5 0.5
1 4.75 0.5
1.25 4.75 0.5
1 4.5 0.75
1.25 4.5 0.75
1.25 4.75 0.75
1.75 4.5 0.5
1.5 4.75 0.5
1.75 4.75 0.5
1.5 4.5 0.75
1.75 4.5 0.75
1.5 4.75 0.75
2.5 4.25 0
2.5 4 0.25
2.5 4.25 0.25
2.75 4.25 0
2.75 4 0.25
2.75 4.25 0.25
2.25 4.5 0
2 4.5 0.25
2.25 4.5 0.25
2.25 4.75 0
2 4.75 0.25
2.25 4.75 0.25
2.5 4.5 0.25
2.75 4.5 0
2.75 4.5 0.25
2.5 4.75 0
2.5 4.75 0.25
2.75 4.75 0.25
2.25 4 0.5
2 4.25 0.5
2.25 4.25 0.5
2.25 4 0.75
2 4.25 0.75
2.25 4.25 0.75
2.5 4.25 0.5
2.75 4 0.5
2.75 4.25 0.5
2.5 4 0.75
2.5 4.25 0.75
2.75 4.25 0.75
2.25 4.5 0.5
2 4.75 0.5
2.25 4.75 0.5
2 4.5 0.75
2.25 4.5 0.75
2.25 4.75 0.75
2.75 4.5 0.5
2.5 4.75 0.5
2.75 4.75 0.5
2.5 4.5 0.75
2.75 4.5 0.75
2.5 4.75 0.75
3.5 4.25 0
3.5 4 0.25
3.5 4.25 0.25
3.75 4.25 0
3.75 4 0.25
3.75 4.25 0.25
3.25 4.5 0
3 4.5 0.25
3.25 4.5 0.25
3.25 4.75 0
3 4.75 0.25
3.25 4.75 0.25
3.5 4.5 0.25
3.75 4.5 0
3.75 4.5 0.25
3.5 4.75 0
3.5 4.75 0.25
3.75 4.75 0.25
3.25 4 0.5
3 4.25 0.5
3.25 4.25 0.5
3.25 4 0.75
3 4.25 0.75
3.25 4.25 0.75
3.5 4.25 0.5
3.75 4 0.5
3.75 4.25 0.5
3.5 4 0.75
3.5 4.25 0.75
3.75 4.25 0.75
3.25 4.5 0.5
3 4.75 0.5
3.25 4.75 0.5
3 4.5 0.75
3.25 4.5 0.75
3.25 4.75 0.75
3.75 4.5 0.5
3.5 4.75 0.5
3.75 4.75 0.5
3.5 4.5 0.75
3.75 4.5 0.75
3.5 4.75 0.75
4.5 4.25 0
4.5 4 0.25
4.5 4.25 0.25
4.75 4.25 0
4.75 4 0.25
4.75 4.25 0.25
4.25 4.5 0
4 4.5 0.25
4.25 4.5 0.25
4.25 4.75 0
4 4.75 0.25
4.25 4.75 0.25
4.5 4.5 0.25
4.75 4.5 0
4.75 4.5 0.25
4.5 4.75 0
4.5 4.75 0.25
4.75 4.75 0.25
4.25 4 0.5
4 4.25 0.5
4.25 4.25 0.5
4.25 4 0.75
4 4.25 0.75
4.25 4.25 0.75
4.5 4.25 0.5
4.75 4 0.5
4.75 4.25 0.5
4.5 4 0.75
4.5 4.25 0.75
4.75 4.25 0.75
4.25 4.5 0.5
4 4.75 0.5
4.25 4.75 0.5
4 4.5 0.75
4.25 4.5 0.75
4.25 4.75 0.75
4.75 4.5 0.5
4.5 4.75 0.5
4.75 4.75 0.5
4.5 4.5 0.75
4.75 4.5 0.75
4.5 4.75 0.75
5 4.5 0.25
5 4.75 0.25
5 4.25 0.5
5 4.25 0.75
5 4.75 0.5
5 4.5 0.75
0.5 5 0.25
0.75 5 0.25
0.25 5 0.5
0.25 5 0.75
0.75 5 0.5
0.5 5 0.75
1.5 5 0.25
1.75 5 0.25
1.25 5 0.5
1.25 5 0.75
1.75 5 0.5
1.5 5 0.75
2.5 5 0.25
2.75 5 0.25
2.25 5 0.5
2.25 5 0.75
2.75 5 0.5
2.5 5 0.75
3.5 5 0.25
3.75 5 0.25
3.25 5 0.5
3.25 5 0.75
3.75 5 0.5
3.5 5 0.75
4.5 5 0.25
4.75 5 0.25
4.25 5 0.5
4.25 5 0.75
4.75 5 0.5
4.5 5 0.75
0.5 0.25 1
0.75 0.25 1
0.25 0.5 1
0.25 0.75 1
0.75 0.5 1
0.5 0.75 1
1.5 0.25 1
1.75 0.25 1
1.25 0.5 1
1.25 0.75 1
1.75 0.5 1
1.5 0.75 1
2.5 0.25 1
2.75 0.25 1
2.25 0.5 1
2.25 0.75 1
2.75 0.5 1
2.5 0.75 1
3.5 0.25 1
3.75 0.25 1
3.25 0.5 1
3.25 0.75 1
3.75 0.5 1
3.5 0.75 1
4.5 0.25 1
4.75 0.25 1
4.25 0.5 1
4.25 0.75 1
4.75 0.5 1
4.5 0.75 1
0.5 1.25 1
0.75 1.25 1
0.25 1.5 1
0.25 1.75 1
0.75 1.5 1
0.5 1.75 1
1.5 1.25 1
1.75 1.25 1
1.25 1.5 1
1.25 1.75 1
1.75 1.5 1
1.5 1.75 1
2.5 1.25 1
2.75 1.25 1
2.25 1.5 1
2.25 1.75 1
2.75 1.5 1
2.5 1.75 1
3.5 1.25 1
3.75 1.25 1
3.25 1.5 1
3.25 1.75 1
3.75 1.5 1
3.5 1.75 1
4.5 1.25 1
4.75 1.25 1
4.25 1.5 1
4.25 1.75 1
4.75 1.5 1
4.5 1.75 1
0.5 2.25 1
0.75 2.25 1
0.25 2.5 1
0.25 2.75 1
0.75 2.5 1
0.5 2.75 1
1.5 2.25 1
1.75 2.25 1
1.25 2.5 1
1.25 2.75 1
1.75 2.5 1
1.5 2.75 1
2.5 2.25 1
2.75 2.25 1
2.25 2.5 1
2.25 2.75 1
2.75 2.5 1
2.5 2.75 1
3.5 2.25 1
3.75 2.25 1
3.25 2.5 1
3.25 2.75 1
3.75 2.5 1
3.5 2.75 1
4.5 2.25 1
4.75 2.25 1
4.25 2.5 1
4.25 2.75 1
4.75 2.5 1
4.5 2.75 1
0.5 3.25 1
0.75 3.25 1
0.25 3.5 1
0.25 3.75 1
0.75 3.5 1
0.5 3.75 1
1.5 3.25 1
1.75 3.25 1
1.25 3.5 1
1.25 3.75 1
1.75 3.5 1
1.5 3.75 1
2.5 3.25 1
2.75 3.25 1
2.25 3.5 1
2.25 3.75 1
2.75 3.5 1
2.5 3.75 1
3.5 3.25 1
3.75 3.25 1
3.25 3.5 1
3.25 3.75 1
3.75 3.5 1
3.5 3.75 1
4.5 3.25 1
4.75 3.25 1
4.25 3.5 1
4.25 3.75 1
4.75 3.5 1
4.5 3.75 1
0.5 4.25 1
0.75 4.25 1
0.25 4.5 1
0.25 4.75 1
0.75 4.5 1
0.5 4.75 1
1.5 4.25 1
1.75 4.25 1
1.25 4.5 1
1.25 4.75 1
1.75 4.5 1
1.5 4.75 1
2.5 4.25 1
2.75 4.25 1
2.25 4.5 1
2.25 4.75 1
2.75 4.5 1
2.5 4.75 1
3.5 4.25 1
3.75 4.25 1
3.25 4.5 1
3.25 4.75 1
3.75 4.5 1
3.5 4.75 1
4.5 4.25 1
4.75 4.25 1
4.25 4.5 1
4.25 4.75 1
4.75 4.5 1
4.5 4.75 1
